Species Name,Assessment ID,Red List Category,Population Trend,Kingdom,Phylum,Class,Order,Family,Genus,Observations_2015,Observations_2016,Observations_2017,Observations_2018,Observations_2019,Observations_2020,Observations_2021,Observations_2022,Observations_2023
Fagus sylvatica,62004725,Least Concern,Unknown,Plantae,Tracheophyta,Magnoliopsida,Fagales,Fagaceae,Fagus,,3.0,2.0,,4.0,6.0,,2.0,5.0
Galanthus elwesii,5935273,Data Deficient,Decreasing,Plantae,Tracheophyta,Liliopsida,Asparagales,Amaryllidaceae,Galanthus,,,,,,,1.0,,2.0
Cyclamen hederifolium,2475736,Least Concern,Unknown,Plantae,Tracheophyta,Magnoliopsida,Ericales,Primulaceae,Cyclamen,,,,3.0,,,,,
Buteo jamaicensis,264594226,Least Concern,Increasing,Animalia,Chordata,Aves,Accipitriformes,Accipitridae,Buteo,,,2.0,,,,,,
Turdus pilaris,264547173,Least Concern,Stable,Animalia,Chordata,Aves,Passeriformes,Turdidae,Turdus,,,1.0,,,,,,
Galium mollugo,Not Found,Unknown,Unknown,Plantae,Tracheophyta,Magnoliopsida,Gentianales,Rubiaceae,Galium,,1.0,,,,,,,
Silene flos-cuculi,Not Found,Unknown,Unknown,Plantae,Tracheophyta,Magnoliopsida,Caryophyllales,Caryophyllaceae,Silene,,,,,,,,1.0,
Erodium moschatum,Not Found,Unknown,Unknown,Plantae,Tracheophyta,Magnoliopsida,Geraniales,Geraniaceae,Erodium,,,,,,,,1.0,
Cedrus deodara,2970751,Least Concern,Unknown,Plantae,Tracheophyta,Pinopsida,Pinales,Pinaceae,Cedrus,,,,,,,,1.0,
Meliscaeva auricollis,149167303,Least Concern,Unknown,Animalia,Arthropoda,Insecta,Diptera,Syrphidae,Meliscaeva,,,,,,,,,1.0
Hypochaeris radicata,Not Found,Unknown,Unknown,Plantae,Tracheophyta,Magnoliopsida,Asterales,Asteraceae,Hypochaeris,,,,,2.0,,,1.0,
Lamium maculatum,Not Found,Unknown,Unknown,Plantae,Tracheophyta,Magnoliopsida,Lamiales,Lamiaceae,Lamium,,,,,,1.0,,,
Centaurea nigra,Not Found,Unknown,Unknown,Plantae,Tracheophyta,Magnoliopsida,Asterales,Asteraceae,Centaurea,,,,,2.0,,,1.0,
Rubus tricolor,Not Found,Unknown,Unknown,Plantae,Tracheophyta,Magnoliopsida,Rosales,Rosaceae,Rubus,,,,,,,,1.0,2.0
Psittacula krameri,Not Found,Unknown,Unknown,Animalia,Chordata,Aves,Psittaciformes,Psittacidae,Psittacula,,1.0,3.0,,,3.0,1.0,2.0,2.0
Meles meles,45203002,Least Concern,Stable,Animalia,Chordata,Mammalia,Carnivora,Mustelidae,Meles,2.0,1.0,,,,,,,
Lonicera periclymenum,Not Found,Unknown,Unknown,Plantae,Tracheophyta,Magnoliopsida,Dipsacales,Caprifoliaceae,Lonicera,,1.0,,,,,,,
Hedera colchica,Not Found,Unknown,Unknown,Plantae,Tracheophyta,Magnoliopsida,Apiales,Araliaceae,Hedera,,,,,2.0,,,1.0,
Sonchus oleraceus,Not Found,Unknown,Unknown,Plantae,Tracheophyta,Magnoliopsida,Asterales,Asteraceae,Sonchus,,,,2.0,3.0,,,,1.0
Impatiens glandulifera,Not Found,Unknown,Unknown,Plantae,Tracheophyta,Magnoliopsida,Ericales,Balsaminaceae,Impatiens,,,,,1.0,,,,
Nectria cinnabarina,Not Found,Unknown,Unknown,Fungi,Ascomycota,Sordariomycetes,Hypocreales,Nectriaceae,Nectria,,1.0,,,1.0,,,,
Succisa pratensis,Not Found,Unknown,Unknown,Plantae,Tracheophyta,Magnoliopsida,Dipsacales,Caprifoliaceae,Succisa,,,,,,,,1.0,
Lyomyces sambuci,Not Found,Unknown,Unknown,Fungi,Basidiomycota,Agaricomycetes,Corticiales,Corticiaceae,Lyomyces,,1.0,,,,,,,
Dipsacus fullonum,Not Found,Unknown,Unknown,Plantae,Tracheophyta,Magnoliopsida,Dipsacales,Caprifoliaceae,Dipsacus,,1.0,1.0,,,,,,
Falco tinnunculus,210515355,Least Concern,Unknown,Animalia,Chordata,Aves,Falconiformes,Falconidae,Falco,,,,1.0,,,1.0,,1.0
Quercus ilex,3116134,Least Concern,Stable,Plantae,Tracheophyta,Magnoliopsida,Fagales,Fagaceae,Quercus,,,,,1.0,,,2.0,1.0
Pleurotus ostreatus,Not Found,Unknown,Unknown,Fungi,Basidiomycota,Agaricomycetes,Agaricales,Pleurotaceae,Pleurotus,1.0,,,1.0,,,,,1.0
Garrulus glandarius,196469765,Least Concern,Stable,Animalia,Chordata,Aves,Passeriformes,Corvidae,Garrulus,5.0,3.0,1.0,,2.0,1.0,,,1.0
Zygiella x-notata,Not Found,Unknown,Unknown,Animalia,Arthropoda,Arachnida,Araneae,Araneidae,Zygiella,,,,2.0,,,,,
Trametes gibbosa,Not Found,Unknown,Unknown,Fungi,Basidiomycota,Agaricomycetes,Polyporales,Polyporaceae,Trametes,,1.0,,,,,,,1.0
Hypochnicium punctulatum,Not Found,Unknown,Unknown,Fungi,Basidiomycota,Agaricomycetes,Polyporales,Meruliaceae,Hypochnicium,,1.0,,,,,,,
Rumex acetosa,Not Found,Unknown,Unknown,Plantae,Tracheophyta,Magnoliopsida,Caryophyllales,Polygonaceae,Rumex,,,,,1.0,,,,
Senecio vulgaris,Not Found,Unknown,Unknown,Plantae,Tracheophyta,Magnoliopsida,Asterales,Asteraceae,Senecio,,,,1.0,2.0,,,1.0,1.0
Ranunculus bulbosus,Not Found,Unknown,Unknown,Plantae,Tracheophyta,Magnoliopsida,Ranunculales,Ranunculaceae,Ranunculus,,,,,,,,,1.0
Fulica atra,166239776,Near Threatened,Decreasing,Animalia,Chordata,Aves,Gruiformes,Rallidae,Fulica,1.0,,,3.0,,,,6.0,10.0
Orobanche hederae,Not Found,Unknown,Unknown,Plantae,Tracheophyta,Magnoliopsida,Lamiales,Orobanchaceae,Orobanche,,,,,,,,1.0,
Brachythecium rutabulum,87732839,Least Concern,Stable,Plantae,Bryophyta,Bryopsida,Hypnales,Brachytheciaceae,Brachythecium,,,,,,,1.0,,
Anthriscus sylvestris,Not Found,Unknown,Unknown,Plantae,Tracheophyta,Magnoliopsida,Apiales,Apiaceae,Anthriscus,,4.0,,3.0,9.0,,,,4.0
Juncus effusus,65914179,Least Concern,Stable,Plantae,Tracheophyta,Liliopsida,Poales,Juncaceae,Juncus,,,1.0,,1.0,,,,
Anser brachyrhynchus,166191820,Least Concern,Increasing,Animalia,Chordata,Aves,Anseriformes,Anatidae,Anser,,,,1.0,,,,1.0,1.0
Periparus ater,264545478,Least Concern,Stable,Animalia,Chordata,Aves,Passeriformes,Paridae,Periparus,3.0,1.0,1.0,1.0,,2.0,1.0,2.0,1.0
Nostoc commune,Not Found,Unknown,Unknown,Bacteria,Cyanobacteria,Cyanobacteriia,Cyanobacteriales,Nostocaceae,Nostoc,,,,,,,,1.0,
Quercus cerris,2296302,Least Concern,Unknown,Plantae,Tracheophyta,Magnoliopsida,Fagales,Fagaceae,Quercus,,1.0,,,5.0,,,,1.0
Lewinskya affinis,87727290,Least Concern,Stable,Plantae,Bryophyta,Bryopsida,Orthotrichales,Orthotrichaceae,Lewinskya,,,,,,,,1.0,
Calliergonella cuspidata,87836375,Least Concern,Stable,Plantae,Bryophyta,Bryopsida,Hypnales,Pylaisiaceae,Calliergonella,,,,,1.0,,,,1.0
Boeremia hedericola,Not Found,Unknown,Unknown,Fungi,Ascomycota,Dothideomycetes,Pleosporales,Didymellaceae,Boeremia,,,,,,,,1.0,3.0
Chroicocephalus ridibundus,Not Found,Unknown,Unknown,Animalia,Chordata,Aves,Charadriiformes,Laridae,Chroicocephalus,3.0,2.0,4.0,4.0,1.0,1.0,,2.0,6.0
Accipiter nisus,210499136,Least Concern,Unknown,Animalia,Chordata,Aves,Accipitriformes,Accipitridae,Accipiter,1.0,1.0,,,,2.0,2.0,3.0,1.0
Halyzia sedecimguttata,Not Found,Unknown,Unknown,Animalia,Arthropoda,Insecta,Coleoptera,Coccinellidae,Halyzia,,,,3.0,,,,,
Lunularia cruciata,87714722,Least Concern,Stable,Plantae,Marchantiophyta,Marchantiopsida,Lunulariales,Lunulariaceae,Lunularia,,,,,,,,3.0,3.0
Streptopelia decaocto,166435449,Least Concern,Stable,Animalia,Chordata,Aves,Columbiformes,Columbidae,Streptopelia,6.0,1.0,4.0,3.0,1.0,3.0,6.0,6.0,
Buteo buteo,210507000,Least Concern,Stable,Animalia,Chordata,Aves,Accipitriformes,Accipitridae,Buteo,7.0,1.0,3.0,5.0,,4.0,1.0,,1.0
Pica pica,264575751,Least Concern,Stable,Animalia,Chordata,Aves,Passeriformes,Corvidae,Pica,14.0,4.0,14.0,8.0,7.0,11.0,11.0,9.0,10.0
Lamium purpureum,Not Found,Unknown,Unknown,Plantae,Tracheophyta,Magnoliopsida,Lamiales,Lamiaceae,Lamium,,,,,,,,,3.0
Neuroterus saliens,Not Found,Unknown,Unknown,Animalia,Arthropoda,Insecta,Hymenoptera,Cynipidae,Neuroterus,,,,,,,,,1.0
Rhytisma acerinum,Not Found,Unknown,Unknown,Fungi,Ascomycota,Leotiomycetes,Rhytismatales,Rhytismataceae,Rhytisma,,,,,,,,,1.0
Aceria ilicis,Not Found,Unknown,Unknown,Animalia,Arthropoda,Arachnida,Trombidiformes,Eriophyidae,Aceria,,,,,,,,1.0,
Peniophora cinerea,Not Found,Unknown,Unknown,Fungi,Basidiomycota,Agaricomycetes,Russulales,Peniophoraceae,Peniophora,,1.0,,,,,,,
Mustela erminea,45203335,Least Concern,Stable,Animalia,Chordata,Mammalia,Carnivora,Mustelidae,Mustela,,,,,,1.0,,,
Aythya ferina,205288455,Vulnerable,Decreasing,Animalia,Chordata,Aves,Anseriformes,Anatidae,Aythya,2.0,,,1.0,,,,,
Sambucus nigra,88328586,Least Concern,Stable,Plantae,Tracheophyta,Magnoliopsida,Dipsacales,Viburnaceae,Sambucus,,2.0,4.0,,6.0,,,,
Leycesteria formosa,Not Found,Unknown,Unknown,Plantae,Tracheophyta,Magnoliopsida,Dipsacales,Caprifoliaceae,Leycesteria,,,,,,,,,1.0
Cirsium vulgare,Not Found,Unknown,Unknown,Plantae,Tracheophyta,Magnoliopsida,Asterales,Asteraceae,Cirsium,,1.0,,,1.0,,,,
Coprinellus micaceus,Not Found,Unknown,Unknown,Fungi,Basidiomycota,Agaricomycetes,Agaricales,Psathyrellaceae,Coprinellus,,,1.0,,,,,,
Dactylis glomerata,Not Found,Unknown,Unknown,Plantae,Tracheophyta,Liliopsida,Poales,Poaceae,Dactylis,1.0,,,,1.0,,,,5.0
Tapesia lividofusca,Not Found,Unknown,Unknown,Fungi,Ascomycota,Leotiomycetes,Helotiales,Mollisiaceae,Tapesia,1.0,,,,,,,,
Steatoda nobilis,Not Found,Unknown,Unknown,Animalia,Arthropoda,Arachnida,Araneae,Theridiidae,Steatoda,,,,,,,,1.0,
Orbilia sarraziniana,Not Found,Unknown,Unknown,Fungi,Ascomycota,Orbiliomycetes,Orbiliales,Orbiliaceae,Orbilia,1.0,,,,,,,,
Rattus norvegicus,221339363,Not Applicable,Stable,Animalia,Chordata,Mammalia,Rodentia,Muridae,Rattus,,5.0,1.0,4.0,,,,1.0,
Castanea sativa,67740523,Least Concern,Stable,Plantae,Tracheophyta,Magnoliopsida,Fagales,Fagaceae,Castanea,,,2.0,,2.0,,,,
Asplenium adiantum-nigrum,83467491,Least Concern,Stable,Plantae,Tracheophyta,Polypodiopsida,Polypodiales,Aspleniaceae,Asplenium,,,,1.0,,,,,
Egretta garzetta,166459851,Least Concern,Decreasing,Animalia,Chordata,Aves,Pelecaniformes,Ardeidae,Egretta,,,,,,4.0,3.0,1.0,1.0
Falco peregrinus,210513652,Least Concern,Unknown,Animalia,Chordata,Aves,Falconiformes,Falconidae,Falco,,,,,,1.0,,,
Pipistrellus pygmaeus,216729008,Least Concern,Stable,Animalia,Chordata,Mammalia,Chiroptera,Vespertilionidae,Pipistrellus,1.0,,,,,,,,
Xanthoporia radiata,Not Found,Unknown,Unknown,Fungi,Basidiomycota,Agaricomycetes,Hymenochaetales,Hymenochaetaceae,Xanthoporia,,1.0,,,,,,,
Propolis farinosa,Not Found,Unknown,Unknown,Fungi,Ascomycota,Leotiomycetes,Chaetomellales,Marthamycetaceae,Propolis,,1.0,,,,,,,
Lyophyllum decastes,Not Found,Unknown,Unknown,Fungi,Basidiomycota,Agaricomycetes,Agaricales,Lyophyllaceae,Lyophyllum,,1.0,1.0,,,,,,
Stellaria media,2758351,Least Concern,Stable,Plantae,Tracheophyta,Magnoliopsida,Caryophyllales,Caryophyllaceae,Stellaria,,,,,2.0,,2.0,,
Allium triquetrum,19355168,Least Concern,Stable,Plantae,Tracheophyta,Liliopsida,Asparagales,Amaryllidaceae,Allium,,,,,1.0,,1.0,1.0,
Acer pseudoplatanus,125923004,Least Concern,Unknown,Plantae,Tracheophyta,Magnoliopsida,Sapindales,Sapindaceae,Acer,,,7.0,,3.0,,,,
Xylaria longipes,Not Found,Unknown,Unknown,Fungi,Ascomycota,Sordariomycetes,Xylariales,Xylariaceae,Xylaria,,,1.0,,,,,,
Nemastoma bimaculatum,Not Found,Unknown,Unknown,Animalia,Arthropoda,Arachnida,Opiliones,Nemastomatidae,Nemastoma,,,,1.0,,,,,
Gasterosteus aculeatus,221209504,Least Concern,Unknown,Animalia,Chordata,Unknown,Gasterosteiformes,Gasterosteidae,Gasterosteus,,1.0,,,,,,,
Passer domesticus,199147773,Least Concern,Decreasing,Animalia,Chordata,Aves,Passeriformes,Passeridae,Passer,3.0,,,2.0,,,10.0,7.0,3.0
Spatula clypeata,166200605,Least Concern,Decreasing,Animalia,Chordata,Aves,Anseriformes,Anatidae,Spatula,2.0,,,,1.0,,,,
Poa annua,1217340,Least Concern,Increasing,Plantae,Tracheophyta,Liliopsida,Poales,Poaceae,Poa,,,,,1.0,,,,1.0
Deroceras reticulatum,85576527,Least Concern,Stable,Animalia,Mollusca,Gastropoda,Stylommatophora,Agriolimacidae,Deroceras,,,,,2.0,,,,
Pulvinaria floccifera,Not Found,Unknown,Unknown,Animalia,Arthropoda,Insecta,Hemiptera,Coccidae,Pulvinaria,,,,,1.0,,,,
Bathyphantes gracilis,Not Found,Unknown,Unknown,Animalia,Arthropoda,Arachnida,Araneae,Linyphiidae,Bathyphantes,,,,1.0,,,,,
Xanthoria parietina,Not Found,Unknown,Unknown,Fungi,Ascomycota,Lecanoromycetes,Teloschistales,Teloschistaceae,Xanthoria,,,,,3.0,,1.0,2.0,2.0
Vinealobryum insulanum,Not Found,Unknown,Unknown,Plantae,Bryophyta,Bryopsida,Pottiales,Pottiaceae,Vinealobryum,,,,,,,1.0,,
Euphorbia peplus,Not Found,Unknown,Unknown,Plantae,Tracheophyta,Magnoliopsida,Malpighiales,Euphorbiaceae,Euphorbia,,,,,2.0,,,3.0,
Sturnus vulgaris,166360937,Least Concern,Stable,Animalia,Chordata,Aves,Passeriformes,Sturnidae,Sturnus,10.0,6.0,2.0,6.0,2.0,4.0,5.0,3.0,
Brassica rapa,6718191,Data Deficient,Unknown,Plantae,Tracheophyta,Magnoliopsida,Brassicales,Brassicaceae,Brassica,,,,,1.0,,,,
Galium aparine,2765924,Least Concern,Stable,Plantae,Tracheophyta,Magnoliopsida,Gentianales,Rubiaceae,Galium,,,,,5.0,,,1.0,
Sylvia atricapilla,166384785,Least Concern,Increasing,Animalia,Chordata,Aves,Passeriformes,Sylviidae,Sylvia,1.0,,2.0,,,1.0,11.0,,1.0
Crocus luteus,Not Found,Unknown,Unknown,Plantae,Tracheophyta,Liliopsida,Asparagales,Iridaceae,Crocus,,,,,,2.0,,,
Phigalia pilosaria,Not Found,Unknown,Unknown,Animalia,Arthropoda,Insecta,Lepidoptera,Geometridae,Phigalia,,,,,,,,2.0,
Cardamine hirsuta,Not Found,Unknown,Unknown,Plantae,Tracheophyta,Magnoliopsida,Brassicales,Brassicaceae,Cardamine,,,,,1.0,1.0,1.0,,
Badhamia affinis,Not Found,Unknown,Unknown,Protozoa,Mycetozoa,Myxomycetes,Physarales,Physaraceae,Badhamia,1.0,,,,,,,,
Amaurobius similis,Not Found,Unknown,Unknown,Animalia,Arthropoda,Arachnida,Araneae,Amaurobiidae,Amaurobius,,,,2.0,,,,,
Vulpes vulpes,46190249,Least Concern,Stable,Animalia,Chordata,Mammalia,Carnivora,Canidae,Vulpes,,,1.0,3.0,1.0,,,,1.0
Arum italicum,Not Found,Unknown,Unknown,Plantae,Tracheophyta,Liliopsida,Alismatales,Araceae,Arum,,,,,,3.0,,,
Pinus sylvestris,95846320,Least Concern,Stable,Plantae,Tracheophyta,Pinopsida,Pinales,Pinaceae,Pinus,1.0,1.0,2.0,,1.0,,,3.0,1.0
Pholcus phalangioides,Not Found,Unknown,Unknown,Animalia,Arthropoda,Arachnida,Araneae,Pholcidae,Pholcus,,,,,,2.0,,,
Physcia tenella,Not Found,Unknown,Unknown,Fungi,Ascomycota,Lecanoromycetes,Caliciales,Physciaceae,Physcia,,,,,1.0,,,,1.0
Schizopora paradoxa,Not Found,Unknown,Unknown,Fungi,Basidiomycota,Agaricomycetes,Hymenochaetales,Schizoporaceae,Schizopora,,,1.0,,,,,,
Epiphyas postvittana,Not Found,Unknown,Unknown,Animalia,Arthropoda,Insecta,Lepidoptera,Tortricidae,Epiphyas,,,,,,1.0,,1.0,
Sciurus carolinensis,217344510,Not Applicable,Increasing,Animalia,Chordata,Mammalia,Rodentia,Sciuridae,Sciurus,3.0,9.0,9.0,6.0,9.0,6.0,15.0,10.0,11.0
Hedera helix,2758285,Least Concern,Stable,Plantae,Tracheophyta,Magnoliopsida,Apiales,Araliaceae,Hedera,,6.0,6.0,,5.0,3.0,1.0,5.0,3.0
Exidia nigricans,Not Found,Unknown,Unknown,Fungi,Basidiomycota,Agaricomycetes,Auriculariales,Auriculariaceae,Exidia,,1.0,,,,,,,
Parus major,264577711,Least Concern,Stable,Animalia,Chordata,Aves,Passeriformes,Paridae,Parus,9.0,3.0,2.0,6.0,4.0,4.0,1.0,2.0,3.0
Geastrum striatum,Not Found,Unknown,Unknown,Fungi,Basidiomycota,Agaricomycetes,Geastrales,Geastraceae,Geastrum,,1.0,,,,,,,
Inocybe sindonia,Not Found,Unknown,Unknown,Fungi,Basidiomycota,Agaricomycetes,Agaricales,Inocybaceae,Inocybe,,,,1.0,,,,,
Quercus robur,3126467,Least Concern,Decreasing,Plantae,Tracheophyta,Magnoliopsida,Fagales,Fagaceae,Quercus,,1.0,,,,,,,
Ulex europaeus,86138815,Least Concern,Stable,Plantae,Tracheophyta,Magnoliopsida,Fabales,Fabaceae,Ulex,,3.0,1.0,,,,,2.0,
Dacrymyces stillatus,Not Found,Unknown,Unknown,Fungi,Basidiomycota,Dacrymycetes,Dacrymycetales,Dacrymycetaceae,Dacrymyces,1.0,2.0,,,,,,,
Galanthus nivalis,5551773,Near Threatened,Decreasing,Plantae,Tracheophyta,Liliopsida,Asparagales,Amaryllidaceae,Galanthus,8.0,7.0,2.0,2.0,,18.0,3.0,1.0,1.0
Crepidotus cesatii,Not Found,Unknown,Unknown,Fungi,Basidiomycota,Agaricomycetes,Agaricales,Crepidotaceae,Crepidotus,2.0,2.0,1.0,1.0,,,,,
Senecio squalidus,Not Found,Unknown,Unknown,Plantae,Tracheophyta,Magnoliopsida,Asterales,Asteraceae,Senecio,,,,4.0,,,,,
Pinus nigra,95730813,Least Concern,Stable,Plantae,Tracheophyta,Pinopsida,Pinales,Pinaceae,Pinus,,,,,,,,,2.0
Rosulabryum capillare,Not Found,Unknown,Unknown,Plantae,Bryophyta,Bryopsida,Bryales,Bryaceae,Rosulabryum,,,,,,,3.0,,
Typha latifolia,84300723,Least Concern,Stable,Plantae,Tracheophyta,Liliopsida,Poales,Typhaceae,Typha,,,1.0,,,,,,
Bjerkandera adusta,Not Found,Unknown,Unknown,Fungi,Basidiomycota,Agaricomycetes,Polyporales,Phanerochaetaceae,Bjerkandera,,,,,1.0,,,1.0,1.0
Larus marinus,166273324,Least Concern,Stable,Animalia,Chordata,Aves,Charadriiformes,Laridae,Larus,,,2.0,,,,,,
Alliaria petiolata,Not Found,Unknown,Unknown,Plantae,Tracheophyta,Magnoliopsida,Brassicales,Brassicaceae,Alliaria,,,,,2.0,,,,1.0
Caltha palustris,42321925,Least Concern,Stable,Plantae,Tracheophyta,Magnoliopsida,Ranunculales,Ranunculaceae,Caltha,,,,,,3.0,,,
Euphorbia amygdaloides,Not Found,Unknown,Unknown,Plantae,Tracheophyta,Magnoliopsida,Malpighiales,Euphorbiaceae,Euphorbia,,,,,,2.0,,,
Agriopis marginaria,Not Found,Unknown,Unknown,Animalia,Arthropoda,Insecta,Lepidoptera,Geometridae,Agriopis,,,,,,,,,2.0
Columba palumbus,166231450,Least Concern,Increasing,Animalia,Chordata,Aves,Columbiformes,Columbidae,Columba,16.0,14.0,13.0,13.0,3.0,9.0,27.0,12.0,13.0
Hypholoma fasciculare,Not Found,Unknown,Unknown,Fungi,Basidiomycota,Agaricomycetes,Agaricales,Strophariaceae,Hypholoma,1.0,,,,,2.0,,,
Aphelonyx cerricola,Not Found,Unknown,Unknown,Animalia,Arthropoda,Insecta,Hymenoptera,Cynipidae,Aphelonyx,,,,,,,,,3.0
Strix aluco,264546097,Least Concern,Stable,Animalia,Chordata,Aves,Strigiformes,Strigidae,Strix,,,,,,,2.0,,
Ceratodon purpureus,87768999,Least Concern,Stable,Plantae,Bryophyta,Bryopsida,Dicranales,Ditrichaceae,Ceratodon,,,,,,2.0,,,
Sarcomyxa serotina,Not Found,Unknown,Unknown,Fungi,Basidiomycota,Agaricomycetes,Agaricales,Sarcomyxaceae,Sarcomyxa,,1.0,,,,,,,
Orbilia auricolor,Not Found,Unknown,Unknown,Fungi,Ascomycota,Orbiliomycetes,Orbiliales,Orbiliaceae,Orbilia,1.0,,,,,,,,
Orthotrichum cupulatum,87727804,Least Concern,Stable,Plantae,Bryophyta,Bryopsida,Orthotrichales,Orthotrichaceae,Orthotrichum,,,,,1.0,,,,
Laurus nobilis,119996864,Least Concern,Decreasing,Plantae,Tracheophyta,Magnoliopsida,Laurales,Lauraceae,Laurus,,,,,,,,,1.0
Mareca strepera,166198537,Least Concern,Increasing,Animalia,Chordata,Aves,Anseriformes,Anatidae,Mareca,2.0,,,,,,,,
Geranium molle,Not Found,Unknown,Unknown,Plantae,Tracheophyta,Magnoliopsida,Geraniales,Geraniaceae,Geranium,,,,,1.0,,1.0,,
Cygnus olor,166189862,Least Concern,Increasing,Animalia,Chordata,Aves,Anseriformes,Anatidae,Cygnus,1.0,1.0,1.0,4.0,,2.0,1.0,,2.0
Carex pendula,5853327,Least Concern,Stable,Plantae,Tracheophyta,Liliopsida,Poales,Cyperaceae,Carex,1.0,,,,4.0,,,,
Lemna minor,120125670,Least Concern,Stable,Plantae,Tracheophyta,Liliopsida,Alismatales,Araceae,Lemna,,,,,1.0,,,,
Auricularia auricula-judae,Not Found,Unknown,Unknown,Fungi,Basidiomycota,Agaricomycetes,Auriculariales,Auriculariaceae,Auricularia,,1.0,1.0,1.0,5.0,2.0,,2.0,
Larus fuscus,166275319,Least Concern,Increasing,Animalia,Chordata,Aves,Charadriiformes,Laridae,Larus,1.0,,2.0,5.0,,,1.0,1.0,
Schizophyllum amplum,Not Found,Unknown,Unknown,Fungi,Basidiomycota,Agaricomycetes,Agaricales,Schizophyllaceae,Schizophyllum,,,,1.0,,,,,
Daldinia concentrica,Not Found,Unknown,Unknown,Fungi,Ascomycota,Sordariomycetes,Xylariales,Hypoxylaceae,Daldinia,,1.0,1.0,,,,,3.0,
Petasites pyrenaicus,Not Found,Unknown,Unknown,Plantae,Tracheophyta,Magnoliopsida,Asterales,Asteraceae,Petasites,,,,,,4.0,,,
Lecidella elaeochroma,Not Found,Unknown,Unknown,Fungi,Ascomycota,Lecanoromycetes,Lecanorales,Lecanoraceae,Lecidella,,,,,,,,,2.0
Phalaris arundinacea,1021826,Least Concern,Unknown,Plantae,Tracheophyta,Liliopsida,Poales,Poaceae,Phalaris,,,1.0,,,,,,
Seifertia azaleae,Not Found,Unknown,Unknown,Fungi,Ascomycota,Dothideomycetes,Pleosporales,Melanommataceae,Seifertia,,,,,,,,,3.0
Acericerus heydenii,Not Found,Unknown,Unknown,Animalia,Arthropoda,Insecta,Hemiptera,Cicadellidae,Acericerus,,,,,,,,2.0,
Diplocephalus latifrons,Not Found,Unknown,Unknown,Animalia,Arthropoda,Arachnida,Araneae,Linyphiidae,Diplocephalus,,,,1.0,,,,,
Pentaglottis sempervirens,Not Found,Unknown,Unknown,Plantae,Tracheophyta,Magnoliopsida,Boraginales,Boraginaceae,Pentaglottis,,,2.0,1.0,1.0,3.0,,,
Mycena galopus,Not Found,Unknown,Unknown,Fungi,Basidiomycota,Agaricomycetes,Agaricales,Mycenaceae,Mycena,,1.0,,,,,,,
Lapsana communis,Not Found,Unknown,Unknown,Plantae,Tracheophyta,Magnoliopsida,Asterales,Asteraceae,Lapsana,,,,,1.0,,,,
Troglodytes troglodytes,199569861,Least Concern,Increasing,Animalia,Chordata,Aves,Passeriformes,Troglodytidae,Troglodytes,5.0,4.0,2.0,1.0,1.0,3.0,1.0,1.0,1.0
Tremella mesenterica,Not Found,Unknown,Unknown,Fungi,Basidiomycota,Tremellomycetes,Tremellales,Tremellaceae,Tremella,,1.0,,,,,,1.0,1.0
Clavulina rugosa,Not Found,Unknown,Unknown,Unknown,Unknown,Unknown,Unknown,Unknown,Unknown,,1.0,,,,,,,
Forficula auricularia,Not Found,Unknown,Unknown,Animalia,Arthropoda,Insecta,Dermaptera,Forficulidae,Forficula,,,2.0,,,,,,
Jacobaea vulgaris,Not Found,Unknown,Unknown,Plantae,Tracheophyta,Magnoliopsida,Asterales,Asteraceae,Jacobaea,,,,,4.0,,,,
Pipistrellus pipistrellus,211012245,Least Concern,Stable,Animalia,Chordata,Mammalia,Chiroptera,Vespertilionidae,Pipistrellus,,1.0,,,,,,,
Sonchus asper,Not Found,Unknown,Unknown,Plantae,Tracheophyta,Magnoliopsida,Asterales,Asteraceae,Sonchus,,,,,,,,1.0,1.0
Tanacetum parthenium,2758453,Least Concern,Stable,Plantae,Tracheophyta,Magnoliopsida,Asterales,Asteraceae,Tanacetum,,,,,,,1.0,,
Motacilla cinerea,221313612,Least Concern,Stable,Animalia,Chordata,Aves,Passeriformes,Motacillidae,Motacilla,4.0,1.0,2.0,9.0,1.0,,,,1.0
Vanellus vanellus,166266204,Vulnerable,Decreasing,Animalia,Chordata,Aves,Charadriiformes,Charadriidae,Vanellus,1.0,,,,,,,,
Corvus corone,264543876,Least Concern,Stable,Animalia,Chordata,Aves,Passeriformes,Corvidae,Corvus,7.0,2.0,6.0,4.0,1.0,4.0,1.0,1.0,5.0
Peniophora lycii,Not Found,Unknown,Unknown,Fungi,Basidiomycota,Agaricomycetes,Russulales,Peniophoraceae,Peniophora,1.0,,,,,,,,
Acanthosoma haemorrhoidale,Not Found,Unknown,Unknown,Animalia,Arthropoda,Insecta,Hemiptera,Acanthosomatidae,Acanthosoma,,,,2.0,,,,,
Silene dioica,Not Found,Unknown,Unknown,Plantae,Tracheophyta,Magnoliopsida,Caryophyllales,Caryophyllaceae,Silene,,1.0,,,,,,1.0,
Funaria hygrometrica,87770415,Least Concern,Stable,Plantae,Bryophyta,Bryopsida,Funariales,Funariaceae,Funaria,,,,,,,1.0,,
Ixodes hexagonus,Not Found,Unknown,Unknown,Animalia,Arthropoda,Arachnida,Ixodida,Ixodidae,Ixodes,,,,1.0,,,,,
Hypnum cupressiforme,87713959,Least Concern,Stable,Plantae,Bryophyta,Bryopsida,Hypnales,Hypnaceae,Hypnum,,,,,1.0,,,1.0,
Rhododendron ponticum,Not Found,Unknown,Unknown,Plantae,Tracheophyta,Magnoliopsida,Ericales,Ericaceae,Rhododendron,2.0,1.0,3.0,,1.0,4.0,,,
Rhytidiadelphus squarrosus,87737123,Least Concern,Stable,Plantae,Bryophyta,Bryopsida,Hypnales,Hylocomiaceae,Rhytidiadelphus,,,,,,,,2.0,
Bombus terrestris,57372577,Least Concern,Increasing,Animalia,Arthropoda,Insecta,Hymenoptera,Apidae,Bombus,,1.0,,1.0,,,,,
Marchantia polymorpha,87781155,Least Concern,Stable,Plantae,Marchantiophyta,Marchantiopsida,Marchantiales,Marchantiaceae,Marchantia,,,,,,,2.0,2.0,
Vespula vulgaris,Not Found,Unknown,Unknown,Animalia,Arthropoda,Insecta,Hymenoptera,Vespidae,Vespula,,,,,,2.0,,,
Phytomyza ilicis,Not Found,Unknown,Unknown,Animalia,Arthropoda,Insecta,Diptera,Agromyzidae,Phytomyza,,,,,5.0,,1.0,1.0,3.0
Polypodium vulgare,85447699,Least Concern,Stable,Plantae,Tracheophyta,Polypodiopsida,Polypodiales,Polypodiaceae,Polypodium,,,,4.0,,,,,
Athelia epiphylla,Not Found,Unknown,Unknown,Fungi,Basidiomycota,Agaricomycetes,Atheliales,Atheliaceae,Athelia,,,1.0,,,,,,
Symphoricarpos albus,Not Found,Unknown,Unknown,Plantae,Tracheophyta,Magnoliopsida,Dipsacales,Caprifoliaceae,Symphoricarpos,,,,,,,,,1.0
Flammulina velutipes,122090923,Least Concern,Stable,Fungi,Basidiomycota,Agaricomycetes,Agaricales,Physalacriaceae,Flammulina,1.0,,,,,,,,
Cymbalaria muralis,Not Found,Unknown,Unknown,Plantae,Tracheophyta,Magnoliopsida,Lamiales,Plantaginaceae,Cymbalaria,,,,3.0,,,,,
Ficus carica,224496277,Least Concern,Increasing,Plantae,Tracheophyta,Magnoliopsida,Rosales,Moraceae,Ficus,,,,,,,,1.0,
Xylaria hypoxylon,Not Found,Unknown,Unknown,Fungi,Ascomycota,Sordariomycetes,Xylariales,Xylariaceae,Xylaria,,,2.0,,,1.0,,1.0,
Dicymbium nigrum,Not Found,Unknown,Unknown,Animalia,Arthropoda,Arachnida,Araneae,Linyphiidae,Dicymbium,,,,1.0,,,,,
Prunus subhirtella,Not Found,Unknown,Unknown,Plantae,Tracheophyta,Magnoliopsida,Rosales,Rosaceae,Prunus,,,,,,,1.0,,
Aix galericulata,131911544,Least Concern,Decreasing,Animalia,Chordata,Aves,Anseriformes,Anatidae,Aix,1.0,2.0,,2.0,2.0,,,,
Dendrocopos major,166214479,Least Concern,Decreasing,Animalia,Chordata,Aves,Piciformes,Picidae,Dendrocopos,1.0,,,1.0,,1.0,,,2.0
Philoscia muscorum,Not Found,Unknown,Unknown,Animalia,Arthropoda,Malacostraca,Isopoda,Philosciidae,Philoscia,,,,1.0,,,,,3.0
Fringilla montifringilla,264534717,Least Concern,Decreasing,Animalia,Chordata,Aves,Passeriformes,Fringillidae,Fringilla,,,,,3.0,,,,
Stigmella aurella,Not Found,Unknown,Unknown,Animalia,Arthropoda,Insecta,Lepidoptera,Nepticulidae,Stigmella,,1.0,,,1.0,,1.0,,1.0
Cornus sanguinea,Not Found,Unknown,Unknown,Plantae,Tracheophyta,Magnoliopsida,Cornales,Cornaceae,Cornus,,1.0,2.0,1.0,,,,,
Ruscus aculeatus,5581331,Least Concern,Stable,Plantae,Tracheophyta,Liliopsida,Asparagales,Asparagaceae,Ruscus,1.0,,,,,,,2.0,1.0
Populus nigra,68106816,Data Deficient,Unknown,Plantae,Tracheophyta,Magnoliopsida,Malpighiales,Salicaceae,Populus,,4.0,,,,,,,
Erigeron canadensis,Not Found,Unknown,Unknown,Plantae,Tracheophyta,Magnoliopsida,Asterales,Asteraceae,Erigeron,,,,2.0,,,,,
Hedera hibernica,Not Found,Unknown,Unknown,Plantae,Tracheophyta,Magnoliopsida,Apiales,Araliaceae,Hedera,,,,,2.0,,,,
Erannis defoliaria,Not Found,Unknown,Unknown,Animalia,Arthropoda,Insecta,Lepidoptera,Geometridae,Erannis,,,,,,,1.0,1.0,1.0
Daedalea quercina,Not Found,Unknown,Unknown,Fungi,Basidiomycota,Agaricomycetes,Polyporales,Fomitopsidaceae,Daedalea,,,,,,1.0,,,
Capsella bursa-pastoris,2758177,Least Concern,Stable,Plantae,Tracheophyta,Magnoliopsida,Brassicales,Brassicaceae,Capsella,,,,,3.0,,1.0,,
Turdus philomelos,166346863,Least Concern,Stable,Animalia,Chordata,Aves,Passeriformes,Turdidae,Turdus,,,4.0,3.0,1.0,2.0,1.0,1.0,1.0
Aegithalos caudatus,264587236,Least Concern,Stable,Animalia,Chordata,Aves,Passeriformes,Aegithalidae,Aegithalos,7.0,7.0,3.0,1.0,1.0,1.0,1.0,,1.0
Hyalopeziza millepunctata,Not Found,Unknown,Unknown,Fungi,Ascomycota,Leotiomycetes,Helotiales,Hyaloscyphaceae,Hyalopeziza,,1.0,,,,,,,
Iris foetidissima,Not Found,Unknown,Unknown,Plantae,Tracheophyta,Liliopsida,Asparagales,Iridaceae,Iris,,,,,1.0,,,,
Coloeus monedula,Not Found,Unknown,Unknown,Animalia,Chordata,Aves,Passeriformes,Corvidae,Coloeus,7.0,8.0,15.0,10.0,1.0,3.0,15.0,9.0,3.0
Larus argentatus,206585142,Least Concern,Decreasing,Animalia,Chordata,Aves,Charadriiformes,Laridae,Larus,1.0,1.0,3.0,1.0,3.0,2.0,3.0,1.0,3.0
Lycoperdon excipuliforme,Not Found,Unknown,Unknown,Fungi,Basidiomycota,Agaricomycetes,Agaricales,Lycoperdaceae,Lycoperdon,,1.0,,,,,,,
Cornu aspersum,5012868,Least Concern,Stable,Animalia,Mollusca,Gastropoda,Stylommatophora,Helicidae,Cornu,,,,,,3.0,,,
Jackrogersella multiformis,Not Found,Unknown,Unknown,Fungi,Ascomycota,Sordariomycetes,Xylariales,Hypoxylaceae,Jackrogersella,,,,,,2.0,,,
Asplenium ruta-muraria,83504118,Least Concern,Stable,Plantae,Tracheophyta,Polypodiopsida,Polypodiales,Aspleniaceae,Asplenium,,,,,,,,1.0,
Lemna trisulca,84289752,Least Concern,Stable,Plantae,Tracheophyta,Liliopsida,Alismatales,Araceae,Lemna,,,,,,4.0,,,
Baeospora myosura,Not Found,Unknown,Unknown,Fungi,Basidiomycota,Agaricomycetes,Agaricales,Marasmiaceae,Baeospora,,1.0,1.0,,,,,,
Phlebia radiata,Not Found,Unknown,Unknown,Fungi,Basidiomycota,Agaricomycetes,Polyporales,Meruliaceae,Phlebia,1.0,,,,,,,,
Thuja plicata,2968155,Least Concern,Stable,Plantae,Tracheophyta,Pinopsida,Pinales,Cupressaceae,Thuja,,,,,,,,1.0,
Reynoutria japonica,Not Found,Unknown,Unknown,Plantae,Tracheophyta,Magnoliopsida,Caryophyllales,Polygonaceae,Reynoutria,,,6.0,,,,,,
Ascocoryne sarcoides,Not Found,Unknown,Unknown,Fungi,Ascomycota,Leotiomycetes,Helotiales,Gelatinodiscaceae,Ascocoryne,,1.0,,,,,,,
Tachybaptus ruficollis,166311395,Least Concern,Stable,Animalia,Chordata,Aves,Podicipediformes,Podicipedidae,Tachybaptus,1.0,1.0,2.0,1.0,,,,,
Clitocybe nebularis,Not Found,Unknown,Unknown,Fungi,Basidiomycota,Agaricomycetes,Agaricales,Tricholomataceae,Clitocybe,1.0,,,,,,,,
Chaetochalara bulbosa,Not Found,Unknown,Unknown,Fungi,Ascomycota,Leotiomycetes,Helotiales,Pezizellaceae,Chaetochalara,,1.0,,,,,,,
Chaetosphaerella phaeostroma,Not Found,Unknown,Unknown,Fungi,Ascomycota,Sordariomycetes,Coronophorales,Chaetosphaerellaceae,Chaetosphaerella,1.0,1.0,,,,,,,
Emberiza schoeniclus,166426048,Least Concern,Decreasing,Animalia,Chordata,Aves,Passeriformes,Emberizidae,Emberiza,,,,,,,,1.0,
Bellis perennis,Not Found,Unknown,Unknown,Plantae,Tracheophyta,Magnoliopsida,Asterales,Asteraceae,Bellis,,,,1.0,5.0,,1.0,6.0,1.0
Kindbergia praelonga,88382580,Least Concern,Stable,Plantae,Bryophyta,Bryopsida,Hypnales,Brachytheciaceae,Kindbergia,,,,,,,1.0,,
Gallinago gallinago,166243239,Vulnerable,Decreasing,Animalia,Chordata,Aves,Charadriiformes,Scolopacidae,Gallinago,,,,,,2.0,,,
Rana temporaria,200721782,Least Concern,Stable,Animalia,Chordata,Amphibia,Anura,Ranidae,Rana,,,,,1.0,6.0,,1.0,
Columba livia,166230154,Least Concern,Unknown,Animalia,Chordata,Aves,Columbiformes,Columbidae,Columba,21.0,21.0,6.0,12.0,3.0,8.0,35.0,26.0,7.0
Aythya fuligula,166205462,Near Threatened,Decreasing,Animalia,Chordata,Aves,Anseriformes,Anatidae,Aythya,2.0,1.0,,1.0,1.0,,,3.0,
Alauda arvensis,200204640,Least Concern,Decreasing,Animalia,Chordata,Aves,Passeriformes,Alaudidae,Alauda,,,,,,,1.0,,
Eranthis hyemalis,Not Found,Unknown,Unknown,Plantae,Tracheophyta,Magnoliopsida,Ranunculales,Ranunculaceae,Eranthis,2.0,,,,,4.0,,,
Chamaenerion angustifolium,Not Found,Unknown,Unknown,Plantae,Tracheophyta,Magnoliopsida,Myrtales,Onagraceae,Chamaenerion,,1.0,,,,,,,
Mycena vitilis,Not Found,Unknown,Unknown,Fungi,Basidiomycota,Agaricomycetes,Agaricales,Mycenaceae,Mycena,,,1.0,,,,,,
Alcedo atthis,264589271,Least Concern,Decreasing,Animalia,Chordata,Aves,Coraciiformes,Alcedinidae,Alcedo,,,1.0,1.0,2.0,2.0,1.0,,
Chloris chloris,166412593,Least Concern,Decreasing,Unknown,Unknown,Unknown,Unknown,Unknown,Unknown,4.0,1.0,1.0,2.0,,2.0,6.0,2.0,1.0
Vicia sepium,7173553,Least Concern,Stable,Plantae,Tracheophyta,Magnoliopsida,Fabales,Fabaceae,Vicia,,,,2.0,,,,,
Cardamine flexuosa,Not Found,Unknown,Unknown,Plantae,Tracheophyta,Magnoliopsida,Brassicales,Brassicaceae,Cardamine,,,,,1.0,,,,
Trametes versicolor,Not Found,Unknown,Unknown,Fungi,Basidiomycota,Agaricomycetes,Polyporales,Polyporaceae,Trametes,,4.0,2.0,,1.0,,2.0,1.0,3.0
Taxus baccata,95808896,Least Concern,Increasing,Plantae,Tracheophyta,Pinopsida,Pinales,Taxaceae,Taxus,,1.0,2.0,,1.0,,,1.0,3.0
Motacilla alba,166400912,Least Concern,Stable,Animalia,Chordata,Aves,Passeriformes,Motacillidae,Motacilla,,1.0,,,,,,,
Larus canus,166271946,Least Concern,Unknown,Animalia,Chordata,Aves,Charadriiformes,Laridae,Larus,,,4.0,2.0,1.0,2.0,,,1.0
Phasianus colchicus,166454046,Least Concern,Stable,Animalia,Chordata,Aves,Galliformes,Phasianidae,Phasianus,2.0,1.0,,,,2.0,,,
Lepiota cristata,Not Found,Unknown,Unknown,Fungi,Basidiomycota,Agaricomycetes,Agaricales,Agaricaceae,Lepiota,,1.0,,,,,,,
Apioperdon pyriforme,Not Found,Unknown,Unknown,Fungi,Basidiomycota,Agaricomycetes,Agaricales,Lycoperdaceae,Apioperdon,,,1.0,,,,,,
Metzgeria furcata,87781385,Least Concern,Stable,Plantae,Marchantiophyta,Jungermanniopsida,Metzgeriales,Metzgeriaceae,Metzgeria,,,,,,1.0,,,
Stemonyphantes lineatus,Not Found,Unknown,Unknown,Animalia,Arthropoda,Arachnida,Araneae,Linyphiidae,Stemonyphantes,,,,1.0,,,,,
Puccinia smyrnii,Not Found,Unknown,Unknown,Fungi,Basidiomycota,Pucciniomycetes,Pucciniales,Pucciniaceae,Puccinia,,,,,3.0,,,,
Crepidotus luteolus,Not Found,Unknown,Unknown,Fungi,Basidiomycota,Agaricomycetes,Agaricales,Crepidotaceae,Crepidotus,,,,1.0,,,,,
Anas platyrhynchos,166199836,Least Concern,Decreasing,Animalia,Chordata,Aves,Anseriformes,Anatidae,Anas,8.0,8.0,1.0,1.0,1.0,5.0,,14.0,19.0
Viburnum tinus,121076349,Least Concern,Stable,Plantae,Tracheophyta,Magnoliopsida,Dipsacales,Viburnaceae,Viburnum,,,,,,,,1.0,
Geranium pyrenaicum,Not Found,Unknown,Unknown,Plantae,Tracheophyta,Magnoliopsida,Geraniales,Geraniaceae,Geranium,,,,,,,1.0,,
Sitta europaea,199569378,Least Concern,Stable,Animalia,Chordata,Aves,Passeriformes,Sittidae,Sitta,,1.0,1.0,,,2.0,3.0,1.0,2.0
Fraxinus excelsior,67807718,Near Threatened,Decreasing,Plantae,Tracheophyta,Magnoliopsida,Lamiales,Oleaceae,Fraxinus,,2.0,2.0,,7.0,,,,1.0
Holcus lanatus,Not Found,Unknown,Unknown,Plantae,Tracheophyta,Liliopsida,Poales,Poaceae,Holcus,,,1.0,,,,,,
Grimmia pulvinata,87713761,Least Concern,Stable,Plantae,Bryophyta,Bryopsida,Grimmiales,Grimmiaceae,Grimmia,,,,,,,6.0,,
Erithacus rubecula,166350059,Least Concern,Stable,Animalia,Chordata,Aves,Passeriformes,Muscicapidae,Erithacus,13.0,14.0,4.0,13.0,4.0,8.0,6.0,9.0,7.0
Rubus armeniacus,Not Found,Unknown,Unknown,Plantae,Tracheophyta,Magnoliopsida,Rosales,Rosaceae,Rubus,,,,,1.0,,,,
Helosciadium nodiflorum,13575513,Least Concern,Stable,Plantae,Tracheophyta,Magnoliopsida,Apiales,Apiaceae,Helosciadium,,,,,2.0,,,,
Peniophora quercina,Not Found,Unknown,Unknown,Fungi,Basidiomycota,Agaricomycetes,Russulales,Peniophoraceae,Peniophora,,,,,,,,,1.0
Ophrys apifera,7178911,Least Concern,Unknown,Plantae,Tracheophyta,Liliopsida,Asparagales,Orchidaceae,Ophrys,,,,,,,,1.0,
Buddleja davidii,Not Found,Unknown,Unknown,Plantae,Tracheophyta,Magnoliopsida,Lamiales,Scrophulariaceae,Buddleja,,,,,,,1.0,1.0,2.0
Operophtera brumata,Not Found,Unknown,Unknown,Animalia,Arthropoda,Insecta,Lepidoptera,Geometridae,Operophtera,,,,,,,,1.0,
Ardea cinerea,166317370,Least Concern,Decreasing,Animalia,Chordata,Aves,Pelecaniformes,Ardeidae,Ardea,1.0,1.0,,8.0,,1.0,2.0,,1.0
Ligustrum ovalifolium,174890940,Least Concern,Unknown,Plantae,Tracheophyta,Magnoliopsida,Lamiales,Oleaceae,Ligustrum,,,,,3.0,,,1.0,3.0
Fomitopsis betulina,Not Found,Unknown,Unknown,Fungi,Basidiomycota,Agaricomycetes,Polyporales,Fomitopsidaceae,Fomitopsis,,1.0,,,,,1.0,,
Parmelia sulcata,Not Found,Unknown,Unknown,Fungi,Ascomycota,Lecanoromycetes,Lecanorales,Parmeliaceae,Parmelia,,,,,,1.0,,,
Araucaria araucana,2805113,Endangered,Decreasing,Plantae,Tracheophyta,Pinopsida,Pinales,Araucariaceae,Araucaria,,,,,1.0,,,,
Carduelis carduelis,199579742,Least Concern,Increasing,Animalia,Chordata,Aves,Passeriformes,Fringillidae,Carduelis,14.0,9.0,3.0,12.0,3.0,5.0,23.0,13.0,2.0
Oniscus asellus,Not Found,Unknown,Unknown,Animalia,Arthropoda,Malacostraca,Isopoda,Oniscidae,Oniscus,,,,2.0,,,,,2.0
Ramaria stricta,Not Found,Unknown,Unknown,Fungi,Basidiomycota,Agaricomycetes,Gomphales,Gomphaceae,Ramaria,,,,1.0,,,,,
Heracleum sphondylium,Not Found,Unknown,Unknown,Plantae,Tracheophyta,Magnoliopsida,Apiales,Apiaceae,Heracleum,,,1.0,2.0,2.0,3.0,,,
Talpa europaea,221752008,Least Concern,Unknown,Animalia,Chordata,Mammalia,Soricomorpha,Talpidae,Talpa,,1.0,6.0,,1.0,7.0,,,
Lachnum virgineum,Not Found,Unknown,Unknown,Fungi,Ascomycota,Leotiomycetes,Helotiales,Lachnaceae,Lachnum,,1.0,,,,,,,
Prunus laurocerasus,64116707,Least Concern,Stable,Plantae,Tracheophyta,Magnoliopsida,Rosales,Rosaceae,Prunus,3.0,,,,6.0,,,1.0,2.0
Branta canadensis,166195258,Least Concern,Increasing,Animalia,Chordata,Aves,Anseriformes,Anatidae,Branta,4.0,2.0,4.0,1.0,1.0,,1.0,6.0,5.0
Acer platanoides,2286184,Least Concern,Unknown,Plantae,Tracheophyta,Magnoliopsida,Sapindales,Sapindaceae,Acer,,,2.0,,,,,,
Gallinula chloropus,166459135,Least Concern,Decreasing,Animalia,Chordata,Aves,Gruiformes,Rallidae,Gallinula,1.0,2.0,1.0,3.0,2.0,5.0,,3.0,8.0
Phaeotremella foliacea,Not Found,Unknown,Unknown,Fungi,Basidiomycota,Tremellomycetes,Tremellales,Tremellaceae,Phaeotremella,,1.0,,,,,,,
Didymium squamulosum,Not Found,Unknown,Unknown,Protozoa,Mycetozoa,Myxomycetes,Physarales,Didymiaceae,Didymium,,1.0,,,,,,,
Alnus incana,80568337,Least Concern,Stable,Plantae,Tracheophyta,Magnoliopsida,Fagales,Betulaceae,Alnus,,,,,,3.0,,,
Arrhenatherum elatius,7240670,Least Concern,Stable,Plantae,Tracheophyta,Liliopsida,Poales,Poaceae,Arrhenatherum,,,,2.0,,,,,
Elasmostethus interstinctus,Not Found,Unknown,Unknown,Animalia,Arthropoda,Insecta,Hemiptera,Acanthosomatidae,Elasmostethus,,,,1.0,,,,,
Certhia familiaris,264570283,Least Concern,Stable,Animalia,Chordata,Aves,Passeriformes,Certhiidae,Certhia,,1.0,,,,1.0,3.0,1.0,
Sagina procumbens,Not Found,Unknown,Unknown,Plantae,Tracheophyta,Magnoliopsida,Caryophyllales,Caryophyllaceae,Sagina,,,,,,,,,1.0
Arabidopsis thaliana,Not Found,Unknown,Unknown,Plantae,Tracheophyta,Magnoliopsida,Brassicales,Brassicaceae,Arabidopsis,,,,,1.0,,,,
Rosellinia aquila,Not Found,Unknown,Unknown,Fungi,Ascomycota,Sordariomycetes,Xylariales,Xylariaceae,Rosellinia,1.0,1.0,1.0,,,,,,
Crataegus monogyna,68083007,Least Concern,Unknown,Plantae,Tracheophyta,Magnoliopsida,Rosales,Rosaceae,Crataegus,,4.0,,,,,,,
Phalacrocorax carbo,166315940,Least Concern,Increasing,Animalia,Chordata,Aves,Suliformes,Phalacrocoracidae,Phalacrocorax,1.0,2.0,,2.0,,,,,
Exidia glandulosa,Not Found,Unknown,Unknown,Fungi,Basidiomycota,Agaricomycetes,Auriculariales,Auriculariaceae,Exidia,,1.0,,1.0,,,,,
Tubaria furfuracea,Not Found,Unknown,Unknown,Fungi,Basidiomycota,Agaricomycetes,Agaricales,Tubariaceae,Tubaria,1.0,1.0,2.0,,,,,,
Aucuba japonica,Not Found,Unknown,Unknown,Plantae,Tracheophyta,Magnoliopsida,Garryales,Garryaceae,Aucuba,,,,,1.0,,,1.0,4.0
Homalothecium sericeum,87778117,Least Concern,Stable,Plantae,Bryophyta,Bryopsida,Hypnales,Brachytheciaceae,Homalothecium,,,,,1.0,,1.0,,
Digitalis purpurea,2764797,Least Concern,Stable,Plantae,Tracheophyta,Magnoliopsida,Lamiales,Plantaginaceae,Digitalis,,,,,,3.0,,1.0,
Draba verna,Not Found,Unknown,Unknown,Plantae,Tracheophyta,Magnoliopsida,Brassicales,Brassicaceae,Draba,,,,2.0,,,,,
Filipendula ulmaria,42408831,Least Concern,Stable,Plantae,Tracheophyta,Magnoliopsida,Rosales,Rosaceae,Filipendula,,,,,1.0,,,,
Harmonia axyridis,Not Found,Unknown,Unknown,Animalia,Arthropoda,Insecta,Coleoptera,Coccinellidae,Harmonia,1.0,,,,,,,,
Podiceps cristatus,166312625,Least Concern,Stable,Animalia,Chordata,Aves,Podicipediformes,Podicipedidae,Podiceps,,,,1.0,,,,,
Erica darleyensis,Not Found,Unknown,Unknown,Plantae,Tracheophyta,Magnoliopsida,Ericales,Ericaceae,Erica,,,,,,1.0,,,
Regulus regulus,166445158,Least Concern,Decreasing,Animalia,Chordata,Aves,Passeriformes,Regulidae,Regulus,4.0,,1.0,,1.0,,,1.0,
Trochila ilicina,Not Found,Unknown,Unknown,Fungi,Ascomycota,Leotiomycetes,Helotiales,Cenangiaceae,Trochila,1.0,,,,,,,,
Erinaceus europaeus,213411773,Near Threatened,Decreasing,Animalia,Chordata,Mammalia,Erinaceomorpha,Erinaceidae,Erinaceus,,,,,,6.0,1.0,,
Plagiomnium undulatum,87781969,Least Concern,Stable,Plantae,Bryophyta,Bryopsida,Bryales,Mniaceae,Plagiomnium,,,,,,1.0,,,
Cyanistes caeruleus,264532201,Least Concern,Stable,Animalia,Chordata,Aves,Passeriformes,Paridae,Cyanistes,12.0,4.0,5.0,8.0,1.0,1.0,1.0,2.0,10.0
Spinus spinus,264582322,Least Concern,Stable,Animalia,Chordata,Aves,Passeriformes,Fringillidae,Spinus,2.0,,,1.0,,,,,
Rubus idaeus,2765767,Least Concern,Stable,Plantae,Tracheophyta,Magnoliopsida,Rosales,Rosaceae,Rubus,,,1.0,,,,,,
Platanus hispanica,Not Found,Unknown,Unknown,Plantae,Tracheophyta,Magnoliopsida,Proteales,Platanaceae,Platanus,,,,,,,,,1.0
Orthotrichum anomalum,87727352,Least Concern,Stable,Plantae,Bryophyta,Bryopsida,Orthotrichales,Orthotrichaceae,Orthotrichum,,,,,,,4.0,,
Fomitiporia hippophaicola,Not Found,Unknown,Unknown,Fungi,Basidiomycota,Agaricomycetes,Hymenochaetales,Hymenochaetaceae,Fomitiporia,1.0,,,,,,,,
Coccinella septempunctata,Not Found,Unknown,Unknown,Animalia,Arthropoda,Insecta,Coleoptera,Coccinellidae,Coccinella,,,,,,,1.0,,
Clavulina coralloides,Not Found,Unknown,Unknown,Fungi,Basidiomycota,Agaricomycetes,Cantharellales,Hydnaceae,Clavulina,,1.0,,,,,,,
Tenuiphantes mengei,Not Found,Unknown,Unknown,Animalia,Arthropoda,Arachnida,Araneae,Linyphiidae,Tenuiphantes,,,,1.0,,,,,
Rhynchostegium confertum,87733579,Least Concern,Stable,Plantae,Bryophyta,Bryopsida,Hypnales,Brachytheciaceae,Rhynchostegium,,,,,,,1.0,,1.0
Prunella modularis,166409165,Least Concern,Decreasing,Animalia,Chordata,Aves,Passeriformes,Prunellidae,Prunella,7.0,6.0,6.0,6.0,4.0,4.0,5.0,6.0,2.0
Schizophyllum commune,Not Found,Unknown,Unknown,Fungi,Basidiomycota,Agaricomycetes,Agaricales,Schizophyllaceae,Schizophyllum,,,,,,,,,1.0
Corylus avellana,80567135,Least Concern,Stable,Plantae,Tracheophyta,Magnoliopsida,Fagales,Betulaceae,Corylus,,,2.0,3.0,1.0,3.0,2.0,1.0,4.0
Fringilla coelebs,166409759,Least Concern,Stable,Animalia,Chordata,Aves,Passeriformes,Fringillidae,Fringilla,6.0,2.0,4.0,5.0,4.0,4.0,3.0,3.0,3.0
Primula veris,2764893,Least Concern,Decreasing,Plantae,Tracheophyta,Magnoliopsida,Ericales,Primulaceae,Primula,,,,,,,,1.0,
Geranium robertianum,Not Found,Unknown,Unknown,Plantae,Tracheophyta,Magnoliopsida,Geraniales,Geraniaceae,Geranium,,,2.0,2.0,,,,,
Bryum argenteum,87724543,Least Concern,Unknown,Plantae,Bryophyta,Bryopsida,Bryales,Bryaceae,Bryum,,,,,1.0,,2.0,,
Stereum rugosum,Not Found,Unknown,Unknown,Fungi,Basidiomycota,Agaricomycetes,Russulales,Stereaceae,Stereum,,1.0,1.0,,,,,,
Dicranopalpus ramosus,Not Found,Unknown,Unknown,Animalia,Arthropoda,Arachnida,Opiliones,Phalangiidae,Dicranopalpus,,,,,,1.0,,,
Tellima grandiflora,Not Found,Unknown,Unknown,Plantae,Tracheophyta,Magnoliopsida,Saxifragales,Saxifragaceae,Tellima,,,,,,,,1.0,
Oryctolagus cuniculus,170619657,Endangered,Decreasing,Animalia,Chordata,Mammalia,Lagomorpha,Leporidae,Oryctolagus,,,,1.0,,,,,
Orbilia luteorubella,Not Found,Unknown,Unknown,Fungi,Ascomycota,Orbiliomycetes,Orbiliales,Orbiliaceae,Orbilia,1.0,,,,,,,,
Pyrrhula pyrrhula,166418813,Least Concern,Increasing,Animalia,Chordata,Aves,Passeriformes,Fringillidae,Pyrrhula,2.0,,1.0,2.0,,,,,
Geum urbanum,2765446,Least Concern,Stable,Plantae,Tracheophyta,Magnoliopsida,Rosales,Rosaceae,Geum,1.0,,,1.0,5.0,,,2.0,3.0
Rosa canina,2765713,Least Concern,Stable,Plantae,Tracheophyta,Magnoliopsida,Rosales,Rosaceae,Rosa,,,,,1.0,,,,
Urtica dioica,78457212,Least Concern,Unknown,Plantae,Tracheophyta,Magnoliopsida,Rosales,Urticaceae,Urtica,,2.0,5.0,,9.0,,,1.0,2.0
Calycellina populina,Not Found,Unknown,Unknown,Fungi,Ascomycota,Leotiomycetes,Helotiales,Pezizellaceae,Calycellina,1.0,,,,,,,,
Andricus lignicolus,Not Found,Unknown,Unknown,Animalia,Arthropoda,Insecta,Hymenoptera,Cynipidae,Andricus,,,,,,,,,3.0
Euphorbia helioscopia,Not Found,Unknown,Unknown,Plantae,Tracheophyta,Magnoliopsida,Malpighiales,Euphorbiaceae,Euphorbia,,,,,,3.0,,,
Daedaleopsis confragosa,Not Found,Unknown,Unknown,Fungi,Basidiomycota,Agaricomycetes,Polyporales,Polyporaceae,Daedaleopsis,,1.0,,,,1.0,,,
Asplenium scolopendrium,83506952,Least Concern,Stable,Plantae,Tracheophyta,Polypodiopsida,Polypodiales,Aspleniaceae,Asplenium,,,1.0,,1.0,3.0,,,1.0
Plantago lanceolata,2764827,Least Concern,Stable,Plantae,Tracheophyta,Magnoliopsida,Lamiales,Plantaginaceae,Plantago,,,,,7.0,,2.0,,
Sarcoscypha austriaca,Not Found,Unknown,Unknown,Fungi,Ascomycota,Pezizomycetes,Pezizales,Sarcoscyphaceae,Sarcoscypha,,,1.0,,,,,,
Turdus iliacus,166346241,Least Concern,Decreasing,Animalia,Chordata,Aves,Passeriformes,Turdidae,Turdus,2.0,,,,,,3.0,,1.0
Ilex aquifolium,68067360,Least Concern,Stable,Plantae,Tracheophyta,Magnoliopsida,Aquifoliales,Aquifoliaceae,Ilex,,7.0,3.0,,9.0,,,1.0,5.0
Dryopteris affinis,84789458,Least Concern,Stable,Plantae,Tracheophyta,Polypodiopsida,Polypodiales,Dryopteridaceae,Dryopteris,,,,,,1.0,,,
Azolla filiculoides,Not Found,Unknown,Unknown,Plantae,Tracheophyta,Polypodiopsida,Salviniales,Salviniaceae,Azolla,,,,,,1.0,,,
Cerastium fontanum,Not Found,Unknown,Unknown,Plantae,Tracheophyta,Magnoliopsida,Caryophyllales,Caryophyllaceae,Cerastium,,,,2.0,2.0,,,,
Smyrnium olusatrum,Not Found,Unknown,Unknown,Plantae,Tracheophyta,Magnoliopsida,Apiales,Apiaceae,Smyrnium,,,,,1.0,,,,
Clubiona comta,Not Found,Unknown,Unknown,Animalia,Arthropoda,Arachnida,Araneae,Clubionidae,Clubiona,,,,1.0,,,,,
Barbula unguiculata,87738651,Least Concern,Stable,Plantae,Bryophyta,Bryopsida,Pottiales,Pottiaceae,Barbula,,,,,,,,1.0,
Arthonia radiata,Not Found,Unknown,Unknown,Fungi,Ascomycota,Arthoniomycetes,Arthoniales,Arthoniaceae,Arthonia,,,,,,,,,1.0
Aesculus hippocastanum,68084249,Vulnerable,Decreasing,Plantae,Tracheophyta,Magnoliopsida,Sapindales,Sapindaceae,Aesculus,,,2.0,,,,,,
Vuilleminia comedens,Not Found,Unknown,Unknown,Fungi,Basidiomycota,Agaricomycetes,Corticiales,Vuilleminiaceae,Vuilleminia,1.0,,,,,,,,
Cyanosporus caesius,Not Found,Unknown,Unknown,Fungi,Basidiomycota,Agaricomycetes,Polyporales,Polyporaceae,Cyanosporus,1.0,,,,,,,,
Primula vulgaris,Not Found,Unknown,Unknown,Plantae,Tracheophyta,Magnoliopsida,Ericales,Primulaceae,Primula,,,,,,12.0,,1.0,
Juncus tenuis,Not Found,Unknown,Unknown,Plantae,Tracheophyta,Liliopsida,Poales,Juncaceae,Juncus,,,,,,,,1.0,
Ilex altaclerensis,Not Found,Unknown,Unknown,Plantae,Tracheophyta,Magnoliopsida,Aquifoliales,Aquifoliaceae,Ilex,,,,,,,,,1.0
Ranunculus repens,5726616,Least Concern,Stable,Plantae,Tracheophyta,Magnoliopsida,Ranunculales,Ranunculaceae,Ranunculus,,,3.0,,2.0,,,,3.0
Turdus merula,264548442,Least Concern,Increasing,Animalia,Chordata,Aves,Passeriformes,Turdidae,Turdus,18.0,8.0,12.0,20.0,4.0,6.0,24.0,17.0,6.0
Turdus viscivorus,264544715,Least Concern,Stable,Animalia,Chordata,Aves,Passeriformes,Turdidae,Turdus,1.0,1.0,,1.0,,1.0,,2.0,
Bulgaria inquinans,Not Found,Unknown,Unknown,Fungi,Ascomycota,Leotiomycetes,Phacidiales,Phacidiaceae,Bulgaria,,1.0,,,,,,,1.0
Stereum hirsutum,Not Found,Unknown,Unknown,Fungi,Basidiomycota,Agaricomycetes,Russulales,Stereaceae,Stereum,,3.0,1.0,1.0,,3.0,,,3.0
Trechispora stevensonii,Not Found,Unknown,Unknown,Fungi,Basidiomycota,Agaricomycetes,Trechisporales,Sistotremataceae,Trechispora,1.0,,,,,,,,
Lutra lutra,218069689,Near Threatened,Decreasing,Animalia,Chordata,Mammalia,Carnivora,Mustelidae,Lutra,,,1.0,,,,,,
Polytrichum formosum,88382640,Least Concern,Stable,Plantae,Bryophyta,Polytrichopsida,Polytrichales,Polytrichaceae,Polytrichum,,,,,,2.0,,,
Narcissus pseudonarcissus,Not Found,Unknown,Unknown,Plantae,Tracheophyta,Liliopsida,Asparagales,Amaryllidaceae,Narcissus,,,,,,1.0,,,
Andricus kollari,Not Found,Unknown,Unknown,Animalia,Arthropoda,Insecta,Hymenoptera,Cynipidae,Andricus,,,,,,2.0,,,1.0
Alnus glutinosa,80566653,Least Concern,Stable,Plantae,Tracheophyta,Magnoliopsida,Fagales,Betulaceae,Alnus,,,1.0,2.0,2.0,3.0,,2.0,3.0
Anthus pratensis,154480081,Least Concern,Decreasing,Animalia,Chordata,Aves,Passeriformes,Motacillidae,Anthus,,,,,,,1.0,,
Chondrostereum purpureum,Not Found,Unknown,Unknown,Fungi,Basidiomycota,Agaricomycetes,Agaricales,Cyphellaceae,Chondrostereum,,1.0,1.0,,1.0,,,,
Lamium galeobdolon,Not Found,Unknown,Unknown,Plantae,Tracheophyta,Magnoliopsida,Lamiales,Lamiaceae,Lamium,,1.0,,,1.0,3.0,,,
Pteridium aquilinum,85427115,Least Concern,Increasing,Plantae,Tracheophyta,Polypodiopsida,Polypodiales,Dennstaedtiaceae,Pteridium,,1.0,2.0,,,,,,
Mercurialis perennis,Not Found,Unknown,Unknown,Plantae,Tracheophyta,Magnoliopsida,Malpighiales,Euphorbiaceae,Mercurialis,,,,,1.0,,,,
Dryopteris filix-mas,85425039,Least Concern,Stable,Plantae,Tracheophyta,Polypodiopsida,Polypodiales,Dryopteridaceae,Dryopteris,,,2.0,,4.0,,,,
Bombycilla garrulus,166341825,Least Concern,Increasing,Animalia,Chordata,Aves,Passeriformes,Bombycillidae,Bombycilla,,,2.0,,,,,,
Ficaria verna,55735247,Least Concern,Stable,Plantae,Tracheophyta,Magnoliopsida,Ranunculales,Ranunculaceae,Ficaria,,,,,1.0,3.0,,,
Syntrichia ruralis,87772829,Least Concern,Stable,Plantae,Bryophyta,Bryopsida,Pottiales,Pottiaceae,Syntrichia,,,,,,,2.0,,
Cytisus scoparius,Not Found,Unknown,Unknown,Plantae,Tracheophyta,Magnoliopsida,Fabales,Fabaceae,Cytisus,,,,,,,,,2.0
Agriopis leucophaearia,Not Found,Unknown,Unknown,Animalia,Arthropoda,Insecta,Lepidoptera,Geometridae,Agriopis,,,,,,,,1.0,
Viscum album,2766017,Least Concern,Stable,Plantae,Tracheophyta,Magnoliopsida,Santalales,Viscaceae,Viscum,,,,,,1.0,,,
Erigeron sumatrensis,Not Found,Unknown,Unknown,Plantae,Tracheophyta,Magnoliopsida,Asterales,Asteraceae,Erigeron,,,,2.0,,,,1.0,
Ganoderma applanatum,Not Found,Unknown,Unknown,Fungi,Basidiomycota,Agaricomycetes,Polyporales,Polyporaceae,Ganoderma,,,,,,3.0,,,
Polystichum setiferum,85427494,Least Concern,Stable,Plantae,Tracheophyta,Polypodiopsida,Polypodiales,Dryopteridaceae,Polystichum,,,,1.0,,,,,
Achillea millefolium,78457012,Least Concern,Unknown,Plantae,Tracheophyta,Magnoliopsida,Asterales,Asteraceae,Achillea,,,,,,,,1.0,
Adalia decempunctata,Not Found,Unknown,Unknown,Animalia,Arthropoda,Insecta,Coleoptera,Coccinellidae,Adalia,,,,2.0,,,,,
Rilaena triangularis,Not Found,Unknown,Unknown,Animalia,Arthropoda,Arachnida,Opiliones,Phalangiidae,Rilaena,,,,1.0,,,,,
Cirsium arvense,Not Found,Unknown,Unknown,Plantae,Tracheophyta,Magnoliopsida,Asterales,Asteraceae,Cirsium,,,1.0,,,,,,
Hypoxylon fragiforme,Not Found,Unknown,Unknown,Fungi,Ascomycota,Sordariomycetes,Xylariales,Hypoxylaceae,Hypoxylon,,2.0,,,,,,,
Rumex obtusifolius,Not Found,Unknown,Unknown,Plantae,Tracheophyta,Magnoliopsida,Caryophyllales,Polygonaceae,Rumex,,2.0,1.0,,4.0,,,,1.0
Tortula muralis,87757663,Least Concern,Stable,Plantae,Bryophyta,Bryopsida,Pottiales,Pottiaceae,Tortula,,,,,1.0,2.0,4.0,2.0,
Apodemus sylvaticus,221788084,Least Concern,Stable,Animalia,Chordata,Mammalia,Rodentia,Muridae,Apodemus,,3.0,,,,,,,
