Species Name,Assessment ID,Red List Category,Population Trend,Kingdom,Phylum,Class,Order,Family,Genus,2020,2021,2022,2023,2024,2025
Accipiter striatus,Not Found,Unknown,Unknown,Animalia,Chordata,Aves,Accipitriformes,Accipitridae,Accipiter,0,0,0,0,1,0
Aceria aloinis,Not Found,Unknown,Unknown,Animalia,Arthropoda,Arachnida,Trombidiformes,Eriophyidae,Aceria,0,0,0,1,1,0
Achillea millefolium,Not Found,Unknown,Unknown,Plantae,Tracheophyta,Magnoliopsida,Asterales,Asteraceae,Achillea,0,0,0,1,0,0
Acmispon glaber,Not Found,Unknown,Unknown,Plantae,Tracheophyta,Magnoliopsida,Fabales,Fabaceae,Acmispon,0,0,1,0,0,0
Actitis macularius,Not Found,Unknown,Unknown,Animalia,Chordata,Aves,Charadriiformes,Scolopacidae,Actitis,0,1,1,0,2,1
Aeronautes saxatalis,Not Found,Unknown,Unknown,Animalia,Chordata,Aves,Apodiformes,Apodidae,Aeronautes,0,0,0,1,0,1
Aesculus californica,Not Found,Unknown,Unknown,Plantae,Tracheophyta,Magnoliopsida,Sapindales,Sapindaceae,Aesculus,0,0,0,0,0,4
Agave americana,Not Found,Unknown,Unknown,Plantae,Tracheophyta,Liliopsida,Asparagales,Asparagaceae,Agave,0,0,0,0,0,1
Ageratina adenophora,Not Found,Unknown,Unknown,Plantae,Tracheophyta,Magnoliopsida,Asterales,Asteraceae,Ageratina,0,0,0,2,0,0
Agrocybe pediades,Not Found,Unknown,Unknown,Fungi,Basidiomycota,Agaricomycetes,Agaricales,Strophariaceae,Agrocybe,0,0,0,1,0,0
Aix sponsa,136999461,Least Concern,Increasing,Animalia,Chordata,Aves,Anseriformes,Anatidae,Aix,0,0,0,1,0,0
Allograpta obliqua,Not Found,Unknown,Unknown,Animalia,Arthropoda,Insecta,Diptera,Syrphidae,Allograpta,1,0,3,0,1,0
Alnus rhombifolia,Not Found,Unknown,Unknown,Plantae,Tracheophyta,Magnoliopsida,Fagales,Betulaceae,Alnus,0,0,0,0,1,0
Alopochen aegyptiaca,131910647,Least Concern,Decreasing,Animalia,Chordata,Aves,Anseriformes,Anatidae,Alopochen,2,0,1,1,0,2
Alternaria alternata,Not Found,Unknown,Unknown,Fungi,Ascomycota,Dothideomycetes,Pleosporales,Pleosporaceae,Alternaria,1,0,0,0,0,0
Amazona finschi,Not Found,Unknown,Unknown,Animalia,Chordata,Aves,Psittaciformes,Psittacidae,Amazona,0,1,0,0,0,0
Amazona viridigenalis,Not Found,Unknown,Unknown,Animalia,Chordata,Aves,Psittaciformes,Psittacidae,Amazona,3,1,0,0,0,0
Anas platyrhynchos,Not Found,Unknown,Unknown,Animalia,Chordata,Aves,Anseriformes,Anatidae,Anas,10,0,2,2,6,2
Anser albifrons,Not Found,Unknown,Unknown,Animalia,Chordata,Aves,Anseriformes,Anatidae,Anser,0,0,1,0,0,0
Anser anser,Not Found,Unknown,Unknown,Animalia,Chordata,Aves,Anseriformes,Anatidae,Anser,0,0,1,1,0,0
Anser cygnoides,Not Found,Unknown,Unknown,Animalia,Chordata,Aves,Anseriformes,Anatidae,Anser,0,0,1,2,4,0
Anser rossii,Not Found,Unknown,Unknown,Animalia,Chordata,Aves,Anseriformes,Anatidae,Anser,0,0,0,0,1,0
Anthus rubescens,Not Found,Unknown,Unknown,Animalia,Chordata,Aves,Passeriformes,Motacillidae,Anthus,0,0,0,0,0,1
Antianthe expansa,Not Found,Unknown,Unknown,Animalia,Arthropoda,Insecta,Hemiptera,Membracidae,Antianthe,0,0,1,0,0,0
Aphelocoma californica,112293863,Least Concern,Stable,Animalia,Chordata,Aves,Passeriformes,Corvidae,Aphelocoma,0,7,3,2,4,0
Apis mellifera,Not Found,Unknown,Unknown,Animalia,Arthropoda,Insecta,Hymenoptera,Apidae,Apis,3,0,1,2,0,7
Aratinga mitrata,Not Found,Unknown,Unknown,Animalia,Chordata,Aves,Psittaciformes,Psittacidae,Aratinga,0,1,0,0,1,0
Ardea alba,Not Found,Unknown,Unknown,Animalia,Chordata,Aves,Pelecaniformes,Ardeidae,Ardea,3,0,0,4,4,2
Ardea herodias,181565357,Least Concern,Increasing,Animalia,Chordata,Aves,Pelecaniformes,Ardeidae,Ardea,1,0,0,0,1,5
Armadillidium vulgare,Not Found,Unknown,Unknown,Animalia,Arthropoda,Malacostraca,Isopoda,Armadillidiidae,Armadillidium,0,0,1,0,0,0
Armillaria mellea,Not Found,Unknown,Unknown,Fungi,Basidiomycota,Agaricomycetes,Agaricales,Physalacriaceae,Armillaria,0,0,2,0,1,0
Artemisia californica,Not Found,Unknown,Unknown,Plantae,Tracheophyta,Magnoliopsida,Asterales,Asteraceae,Artemisia,0,0,0,0,1,0
Arundo donax,Not Found,Unknown,Unknown,Plantae,Tracheophyta,Liliopsida,Poales,Poaceae,Arundo,1,0,0,0,0,0
Asclepias curassavica,Not Found,Unknown,Unknown,Plantae,Tracheophyta,Magnoliopsida,Gentianales,Apocynaceae,Asclepias,1,0,0,0,0,0
Aythya affinis,Not Found,Unknown,Unknown,Animalia,Chordata,Aves,Anseriformes,Anatidae,Aythya,1,0,0,5,2,0
Aythya collaris,Not Found,Unknown,Unknown,Animalia,Chordata,Aves,Anseriformes,Anatidae,Aythya,3,0,0,1,0,0
Baccharis pilularis,Not Found,Unknown,Unknown,Plantae,Tracheophyta,Magnoliopsida,Asterales,Asteraceae,Baccharis,0,2,0,1,0,0
Baccharis salicifolia,Not Found,Unknown,Unknown,Plantae,Tracheophyta,Magnoliopsida,Asterales,Asteraceae,Baccharis,0,0,0,2,0,0
Baeolophus inornatus,Not Found,Unknown,Unknown,Animalia,Chordata,Aves,Passeriformes,Paridae,Baeolophus,0,1,0,1,1,0
Bagrada hilaris,Not Found,Unknown,Unknown,Animalia,Arthropoda,Insecta,Hemiptera,Pentatomidae,Bagrada,0,0,0,1,0,0
Batrachoseps nigriventris,Not Found,Unknown,Unknown,Animalia,Chordata,Amphibia,Caudata,Plethodontidae,Batrachoseps,0,0,2,0,0,0
Bidens pilosa,Not Found,Unknown,Unknown,Plantae,Tracheophyta,Magnoliopsida,Asterales,Asteraceae,Bidens,0,0,0,0,2,0
Bolbitius titubans,Not Found,Unknown,Unknown,Fungi,Basidiomycota,Agaricomycetes,Agaricales,Bolbitiaceae,Bolbitius,0,0,0,0,0,1
Bombus melanopygus,Not Found,Unknown,Unknown,Animalia,Arthropoda,Insecta,Hymenoptera,Apidae,Bombus,1,1,0,0,0,0
Bombus sonorus,Not Found,Unknown,Unknown,Animalia,Arthropoda,Insecta,Hymenoptera,Apidae,Bombus,1,0,0,0,0,0
Bombus vosnesenskii,Not Found,Unknown,Unknown,Animalia,Arthropoda,Insecta,Hymenoptera,Apidae,Bombus,0,0,0,0,0,1
Bombycilla cedrorum,Not Found,Unknown,Unknown,Animalia,Chordata,Aves,Passeriformes,Bombycillidae,Bombycilla,1,0,0,3,4,0
Bothriocyrtum californicum,Not Found,Unknown,Unknown,Animalia,Arthropoda,Arachnida,Araneae,Halonoproctidae,Bothriocyrtum,0,1,1,0,0,0
Branta canadensis,Not Found,Unknown,Unknown,Animalia,Chordata,Aves,Anseriformes,Anatidae,Branta,6,1,2,2,5,6
Branta hutchinsii,Not Found,Unknown,Unknown,Animalia,Chordata,Aves,Anseriformes,Anatidae,Branta,0,0,0,0,1,0
Brotogeris chiriri,Not Found,Unknown,Unknown,Animalia,Chordata,Aves,Psittaciformes,Psittacidae,Brotogeris,2,3,1,1,1,6
Bubo virginianus,Not Found,Unknown,Unknown,Animalia,Chordata,Aves,Strigiformes,Strigidae,Bubo,0,1,8,2,8,4
Bucephala albeola,Not Found,Unknown,Unknown,Animalia,Chordata,Aves,Anseriformes,Anatidae,Bucephala,1,0,1,0,0,1
Bucephala clangula,Not Found,Unknown,Unknown,Animalia,Chordata,Aves,Anseriformes,Anatidae,Bucephala,0,0,0,0,0,1
Buteo jamaicensis,Not Found,Unknown,Unknown,Animalia,Chordata,Aves,Accipitriformes,Accipitridae,Buteo,5,38,36,9,14,2
Buteo lineatus,Not Found,Unknown,Unknown,Animalia,Chordata,Aves,Accipitriformes,Accipitridae,Buteo,0,3,1,0,0,1
Butorides virescens,Not Found,Unknown,Unknown,Animalia,Chordata,Aves,Pelecaniformes,Ardeidae,Butorides,4,0,0,2,2,1
Cairina moschata,Not Found,Unknown,Unknown,Animalia,Chordata,Aves,Anseriformes,Anatidae,Cairina,4,0,5,2,2,1
Calathus ruficollis,Not Found,Unknown,Unknown,Animalia,Arthropoda,Insecta,Coleoptera,Carabidae,Calathus,0,0,1,0,0,0
Calidris minutilla,Not Found,Unknown,Unknown,Animalia,Chordata,Aves,Charadriiformes,Scolopacidae,Calidris,0,0,0,0,0,2
Calycomyza malvae,Not Found,Unknown,Unknown,Animalia,Arthropoda,Insecta,Diptera,Agromyzidae,Calycomyza,0,0,1,0,0,0
Calypte anna,Not Found,Unknown,Unknown,Animalia,Chordata,Aves,Apodiformes,Trochilidae,Calypte,6,10,4,0,4,1
Candolleomyces candolleanus,Not Found,Unknown,Unknown,Fungi,Basidiomycota,Agaricomycetes,Agaricales,Psathyrellaceae,Candolleomyces,0,0,0,1,0,0
Canis latrans,Not Found,Unknown,Unknown,Animalia,Chordata,Mammalia,Carnivora,Canidae,Canis,0,2,4,0,1,1
Capsella bursa-pastoris,Not Found,Unknown,Unknown,Plantae,Tracheophyta,Magnoliopsida,Brassicales,Brassicaceae,Capsella,1,0,0,1,0,0
Cathartes aura,Not Found,Unknown,Unknown,Animalia,Chordata,Aves,Accipitriformes,Cathartidae,Cathartes,0,0,2,0,1,0
Catharus guttatus,Not Found,Unknown,Unknown,Animalia,Chordata,Aves,Passeriformes,Turdidae,Catharus,0,2,2,0,0,0
Cenchrus setaceus,Not Found,Unknown,Unknown,Plantae,Tracheophyta,Liliopsida,Poales,Poaceae,Cenchrus,0,0,1,0,0,0
Ceratitis capitata,Not Found,Unknown,Unknown,Animalia,Arthropoda,Insecta,Diptera,Tephritidae,Ceratitis,0,0,0,0,2,0
Chamaea fasciata,Not Found,Unknown,Unknown,Animalia,Chordata,Aves,Passeriformes,Sylviidae,Chamaea,0,1,0,0,0,0
Charadrius vociferus,Not Found,Unknown,Unknown,Animalia,Chordata,Aves,Charadriiformes,Charadriidae,Charadrius,0,0,0,0,1,0
Chenopodiastrum murale,Not Found,Unknown,Unknown,Plantae,Tracheophyta,Magnoliopsida,Caryophyllales,Amaranthaceae,Chenopodiastrum,0,0,0,1,2,0
Cistothorus palustris,Not Found,Unknown,Unknown,Animalia,Chordata,Aves,Passeriformes,Troglodytidae,Cistothorus,3,0,0,0,0,0
Clogmia albipunctatus,Not Found,Unknown,Unknown,Animalia,Arthropoda,Insecta,Diptera,Psychodidae,Clogmia,1,0,0,0,0,0
Coccinella septempunctata,Not Found,Unknown,Unknown,Animalia,Arthropoda,Insecta,Coleoptera,Coccinellidae,Coccinella,1,1,0,0,1,0
Colaptes auratus,Not Found,Unknown,Unknown,Animalia,Chordata,Aves,Piciformes,Picidae,Colaptes,0,1,1,2,6,0
Colonus hesperus,Not Found,Unknown,Unknown,Animalia,Arthropoda,Arachnida,Araneae,Salticidae,Colonus,1,0,0,0,0,0
Columba livia,Not Found,Unknown,Unknown,Animalia,Chordata,Aves,Columbiformes,Columbidae,Columba,10,1,2,3,3,9
Coprinellus flocculosus,Not Found,Unknown,Unknown,Fungi,Basidiomycota,Agaricomycetes,Agaricales,Psathyrellaceae,Coprinellus,0,0,0,3,0,0
Coprinus comatus,Not Found,Unknown,Unknown,Fungi,Basidiomycota,Agaricomycetes,Agaricales,Agaricaceae,Coprinus,0,0,1,0,0,0
Cornu aspersum,Not Found,Unknown,Unknown,Animalia,Mollusca,Gastropoda,Stylommatophora,Helicidae,Cornu,7,0,0,0,0,0
Corvus brachyrhynchos,Not Found,Unknown,Unknown,Animalia,Chordata,Aves,Passeriformes,Corvidae,Corvus,3,3,2,0,0,0
Corvus corax,Not Found,Unknown,Unknown,Animalia,Chordata,Aves,Passeriformes,Corvidae,Corvus,1,10,3,1,4,4
Cotinis mutabilis,Not Found,Unknown,Unknown,Animalia,Arthropoda,Insecta,Coleoptera,Scarabaeidae,Cotinis,1,0,0,0,0,1
Cycloneda sanguinea,Not Found,Unknown,Unknown,Animalia,Arthropoda,Insecta,Coleoptera,Coccinellidae,Cycloneda,1,1,1,1,2,1
Cyprinus carpio,Not Found,Unknown,Unknown,Animalia,Chordata,Unknown,Cypriniformes,Cyprinidae,Cyprinus,0,0,0,1,0,0
Cystotheca lanestris,Not Found,Unknown,Unknown,Fungi,Ascomycota,Leotiomycetes,Helotiales,Erysiphaceae,Cystotheca,0,0,0,0,0,1
Danaus plexippus,Not Found,Unknown,Unknown,Animalia,Arthropoda,Insecta,Lepidoptera,Nymphalidae,Danaus,4,1,3,1,2,0
Datura wrightii,Not Found,Unknown,Unknown,Plantae,Tracheophyta,Magnoliopsida,Solanales,Solanaceae,Datura,0,0,0,2,3,0
Didelphis virginiana,Not Found,Unknown,Unknown,Animalia,Chordata,Mammalia,Didelphimorphia,Didelphidae,Didelphis,1,1,1,0,0,4
Dione vanillae,Not Found,Unknown,Unknown,Animalia,Arthropoda,Insecta,Lepidoptera,Nymphalidae,Dione,1,0,2,1,0,0
Disclisioprocta stellata,Not Found,Unknown,Unknown,Animalia,Arthropoda,Insecta,Lepidoptera,Geometridae,Disclisioprocta,0,0,0,0,0,1
Dorymyrmex insanus,Not Found,Unknown,Unknown,Animalia,Arthropoda,Insecta,Hymenoptera,Formicidae,Dorymyrmex,0,0,0,1,0,0
Dryobates nuttallii,Not Found,Unknown,Unknown,Animalia,Chordata,Aves,Piciformes,Picidae,Dryobates,1,2,3,1,2,0
Dryobates pubescens,Not Found,Unknown,Unknown,Animalia,Chordata,Aves,Piciformes,Picidae,Dryobates,0,0,1,0,0,0
Dysdera crocata,Not Found,Unknown,Unknown,Animalia,Arthropoda,Arachnida,Araneae,Dysderidae,Dysdera,0,0,1,0,0,0
Echium candicans,Not Found,Unknown,Unknown,Plantae,Tracheophyta,Magnoliopsida,Boraginales,Boraginaceae,Echium,0,0,0,0,0,1
Egretta thula,Not Found,Unknown,Unknown,Animalia,Chordata,Aves,Pelecaniformes,Ardeidae,Egretta,0,2,0,1,0,2
Elgaria multicarinata,Not Found,Unknown,Unknown,Animalia,Chordata,Squamata,Unknown,Anguidae,Elgaria,0,0,2,0,0,0
Empidonax difficilis,Not Found,Unknown,Unknown,Animalia,Chordata,Aves,Passeriformes,Tyrannidae,Empidonax,0,0,0,0,0,1
Encelia californica,Not Found,Unknown,Unknown,Plantae,Tracheophyta,Magnoliopsida,Asterales,Asteraceae,Encelia,0,1,2,2,0,0
Epicoccum nigrum,Not Found,Unknown,Unknown,Fungi,Ascomycota,Dothideomycetes,Pleosporales,Didymellaceae,Epicoccum,1,0,0,0,0,0
Erigeron bonariensis,Not Found,Unknown,Unknown,Plantae,Tracheophyta,Magnoliopsida,Asterales,Asteraceae,Erigeron,0,1,0,0,0,0
Eriogonum fasciculatum,Not Found,Unknown,Unknown,Plantae,Tracheophyta,Magnoliopsida,Caryophyllales,Polygonaceae,Eriogonum,0,3,0,0,0,0
Eriosporangium evadens,Not Found,Unknown,Unknown,Fungi,Basidiomycota,Pucciniomycetes,Pucciniales,Pucciniaceae,Eriosporangium,0,0,0,0,0,1
Erodium moschatum,Not Found,Unknown,Unknown,Plantae,Tracheophyta,Magnoliopsida,Geraniales,Geraniaceae,Erodium,0,0,1,3,1,0
Eschscholzia californica,Not Found,Unknown,Unknown,Plantae,Tracheophyta,Magnoliopsida,Ranunculales,Papaveraceae,Eschscholzia,0,0,1,0,0,0
Estigmene acrea,Not Found,Unknown,Unknown,Animalia,Arthropoda,Insecta,Lepidoptera,Erebidae,Estigmene,0,0,0,0,1,0
Eucalyptus cladocalyx,Not Found,Unknown,Unknown,Plantae,Tracheophyta,Magnoliopsida,Myrtales,Myrtaceae,Eucalyptus,0,0,0,1,0,0
Eucalyptus polyanthemos,Not Found,Unknown,Unknown,Plantae,Tracheophyta,Magnoliopsida,Myrtales,Myrtaceae,Eucalyptus,0,0,0,0,1,0
Eupeodes fumipennis,Not Found,Unknown,Unknown,Animalia,Arthropoda,Insecta,Diptera,Syrphidae,Eupeodes,0,1,0,0,0,0
Eupeodes volucris,Not Found,Unknown,Unknown,Animalia,Arthropoda,Insecta,Diptera,Syrphidae,Eupeodes,0,0,3,0,0,0
Euphagus cyanocephalus,Not Found,Unknown,Unknown,Animalia,Chordata,Aves,Passeriformes,Icteridae,Euphagus,6,0,0,0,0,3
Euphorbia maculata,Not Found,Unknown,Unknown,Plantae,Tracheophyta,Magnoliopsida,Malpighiales,Euphorbiaceae,Euphorbia,0,0,0,1,0,0
Euphorbia peplus,Not Found,Unknown,Unknown,Plantae,Tracheophyta,Magnoliopsida,Malpighiales,Euphorbiaceae,Euphorbia,1,0,1,0,0,0
Falco columbarius,Not Found,Unknown,Unknown,Animalia,Chordata,Aves,Falconiformes,Falconidae,Falco,1,0,0,0,0,1
Falco peregrinus,Not Found,Unknown,Unknown,Animalia,Chordata,Aves,Falconiformes,Falconidae,Falco,0,0,0,1,2,0
Falco sparverius,Not Found,Unknown,Unknown,Animalia,Chordata,Aves,Falconiformes,Falconidae,Falco,1,1,1,0,0,4
Felis catus,Not Found,Unknown,Unknown,Animalia,Chordata,Mammalia,Carnivora,Felidae,Felis,0,0,1,0,0,1
Ficus auriculata,Not Found,Unknown,Unknown,Plantae,Tracheophyta,Magnoliopsida,Rosales,Moraceae,Ficus,0,0,0,1,0,0
Foeniculum vulgare,Not Found,Unknown,Unknown,Plantae,Tracheophyta,Magnoliopsida,Apiales,Apiaceae,Foeniculum,1,0,0,0,0,0
Forficula dentata,Not Found,Unknown,Unknown,Animalia,Arthropoda,Insecta,Dermaptera,Forficulidae,Forficula,0,0,0,0,1,0
Frangula californica,Not Found,Unknown,Unknown,Plantae,Tracheophyta,Magnoliopsida,Rosales,Rhamnaceae,Frangula,0,0,1,0,0,1
Fulica americana,Not Found,Unknown,Unknown,Animalia,Chordata,Aves,Gruiformes,Rallidae,Fulica,6,1,4,5,4,4
Gallinula chloropus,Not Found,Unknown,Unknown,Animalia,Chordata,Aves,Gruiformes,Rallidae,Gallinula,0,0,0,1,0,1
Geothlypis trichas,Not Found,Unknown,Unknown,Animalia,Chordata,Aves,Passeriformes,Parulidae,Geothlypis,1,0,0,0,0,4
Graphocephala versuta,Not Found,Unknown,Unknown,Animalia,Arthropoda,Insecta,Hemiptera,Cicadellidae,Graphocephala,0,0,0,0,0,1
Gryllodes sigillatus,Not Found,Unknown,Unknown,Animalia,Arthropoda,Insecta,Orthoptera,Gryllidae,Gryllodes,5,0,1,0,1,0
Habronattus pyrrithrix,Not Found,Unknown,Unknown,Animalia,Arthropoda,Arachnida,Araneae,Salticidae,Habronattus,0,0,0,0,1,1
Haemorhous mexicanus,Not Found,Unknown,Unknown,Animalia,Chordata,Aves,Passeriformes,Fringillidae,Haemorhous,4,19,6,1,8,4
Haemorhous purpureus,Not Found,Unknown,Unknown,Animalia,Chordata,Aves,Passeriformes,Fringillidae,Haemorhous,0,3,0,0,0,0
Halyomorpha halys,Not Found,Unknown,Unknown,Animalia,Arthropoda,Insecta,Hemiptera,Pentatomidae,Halyomorpha,0,0,0,0,2,0
Harmonia axyridis,Not Found,Unknown,Unknown,Animalia,Arthropoda,Insecta,Coleoptera,Coccinellidae,Harmonia,0,0,1,2,0,7
Helminthoglypta traskii,Not Found,Unknown,Unknown,Animalia,Mollusca,Gastropoda,Stylommatophora,Xanthonychidae,Helminthoglypta,0,0,1,0,0,0
Helminthotheca echioides,Not Found,Unknown,Unknown,Plantae,Tracheophyta,Magnoliopsida,Asterales,Asteraceae,Helminthotheca,0,0,1,0,0,0
Hesperoyucca whipplei,Not Found,Unknown,Unknown,Plantae,Tracheophyta,Liliopsida,Asparagales,Asparagaceae,Hesperoyucca,0,1,0,0,0,0
Heteromeles arbutifolia,Not Found,Unknown,Unknown,Plantae,Tracheophyta,Magnoliopsida,Rosales,Rosaceae,Heteromeles,4,3,2,3,4,8
Heterotheca grandiflora,Not Found,Unknown,Unknown,Plantae,Tracheophyta,Magnoliopsida,Asterales,Asteraceae,Heterotheca,1,0,1,0,0,0
Himantopus mexicanus,Not Found,Unknown,Unknown,Animalia,Chordata,Aves,Charadriiformes,Recurvirostridae,Himantopus,0,0,0,0,0,1
Hippodamia convergens,Not Found,Unknown,Unknown,Animalia,Arthropoda,Insecta,Coleoptera,Coccinellidae,Hippodamia,1,0,1,0,0,1
Hoplosphyrum boreale,Not Found,Unknown,Unknown,Animalia,Arthropoda,Insecta,Orthoptera,Mogoplistidae,Hoplosphyrum,0,0,1,0,0,0
Hordeum murinum,Not Found,Unknown,Unknown,Plantae,Tracheophyta,Liliopsida,Poales,Poaceae,Hordeum,0,0,1,0,0,0
Hylephila phyleus,Not Found,Unknown,Unknown,Animalia,Arthropoda,Insecta,Lepidoptera,Hesperiidae,Hylephila,0,0,0,0,0,2
Icerya purchasi,Not Found,Unknown,Unknown,Animalia,Arthropoda,Insecta,Hemiptera,Margarodidae,Icerya,0,0,1,0,0,0
Ixodes pacificus,Not Found,Unknown,Unknown,Animalia,Arthropoda,Arachnida,Ixodida,Ixodidae,Ixodes,0,1,0,1,0,0
Juglans californica,Not Found,Unknown,Unknown,Plantae,Tracheophyta,Magnoliopsida,Fagales,Juglandaceae,Juglans,0,1,0,0,2,1
Junco hyemalis,Not Found,Unknown,Unknown,Animalia,Chordata,Aves,Passeriformes,Passerellidae,Junco,1,3,4,0,3,2
Kniphofia uvaria,Not Found,Unknown,Unknown,Plantae,Tracheophyta,Liliopsida,Asparagales,Asphodelaceae,Kniphofia,0,0,0,0,0,1
Lactarius alnicola,Not Found,Unknown,Unknown,Fungi,Basidiomycota,Agaricomycetes,Russulales,Russulaceae,Lactarius,0,0,0,1,0,0
Laetiporus gilbertsonii,Not Found,Unknown,Unknown,Fungi,Basidiomycota,Agaricomycetes,Polyporales,Laetiporaceae,Laetiporus,0,0,1,0,0,0
Lamium amplexicaule,Not Found,Unknown,Unknown,Plantae,Tracheophyta,Magnoliopsida,Lamiales,Lamiaceae,Lamium,0,0,0,1,0,0
Larus brachyrhynchus,Not Found,Unknown,Unknown,Animalia,Chordata,Aves,Charadriiformes,Laridae,Larus,0,0,0,0,1,0
Larus californicus,Not Found,Unknown,Unknown,Animalia,Chordata,Aves,Charadriiformes,Laridae,Larus,2,0,0,4,1,0
Larus fuscus,Not Found,Unknown,Unknown,Animalia,Chordata,Aves,Charadriiformes,Laridae,Larus,0,0,0,1,4,0
Larus glaucescens,Not Found,Unknown,Unknown,Animalia,Chordata,Aves,Charadriiformes,Laridae,Larus,1,0,0,7,2,3
Larus glaucoides,Not Found,Unknown,Unknown,Animalia,Chordata,Aves,Charadriiformes,Laridae,Larus,0,0,0,0,3,2
Larus occidentalis,Not Found,Unknown,Unknown,Animalia,Chordata,Aves,Charadriiformes,Laridae,Larus,1,0,0,8,4,0
Larus smithsonianus,Not Found,Unknown,Unknown,Animalia,Chordata,Aves,Charadriiformes,Laridae,Larus,0,0,0,7,7,6
Latrodectus geometricus,Not Found,Unknown,Unknown,Animalia,Arthropoda,Arachnida,Araneae,Theridiidae,Latrodectus,0,1,0,1,1,0
Latrodectus hesperus,Not Found,Unknown,Unknown,Animalia,Arthropoda,Arachnida,Araneae,Theridiidae,Latrodectus,0,0,0,1,0,0
Leiothlypis celata,Not Found,Unknown,Unknown,Animalia,Chordata,Aves,Passeriformes,Parulidae,Leiothlypis,0,1,1,0,1,2
Leptopteromyia americana,Not Found,Unknown,Unknown,Animalia,Arthropoda,Insecta,Diptera,Asilidae,Leptopteromyia,0,1,0,0,0,0
Leptotes marina,Not Found,Unknown,Unknown,Animalia,Arthropoda,Insecta,Lepidoptera,Lycaenidae,Leptotes,1,1,0,3,0,0
Leratiomyces ceres,Not Found,Unknown,Unknown,Fungi,Basidiomycota,Agaricomycetes,Agaricales,Strophariaceae,Leratiomyces,1,0,0,1,1,0
Leucocoprinus birnbaumii,Not Found,Unknown,Unknown,Fungi,Basidiomycota,Agaricomycetes,Agaricales,Agaricaceae,Leucocoprinus,0,0,1,0,0,0
Linepithema humile,Not Found,Unknown,Unknown,Animalia,Arthropoda,Insecta,Hymenoptera,Formicidae,Linepithema,1,1,0,0,1,0
Lobularia maritima,Not Found,Unknown,Unknown,Plantae,Tracheophyta,Magnoliopsida,Brassicales,Brassicaceae,Lobularia,0,0,0,0,1,0
Lonchura punctulata,Not Found,Unknown,Unknown,Animalia,Chordata,Aves,Passeriformes,Estrildidae,Lonchura,0,1,1,0,0,4
Lonicera subspicata,Not Found,Unknown,Unknown,Plantae,Tracheophyta,Magnoliopsida,Dipsacales,Caprifoliaceae,Lonicera,0,1,0,0,0,0
Lophodytes cucullatus,Not Found,Unknown,Unknown,Animalia,Chordata,Aves,Anseriformes,Anatidae,Lophodytes,0,1,0,0,3,1
Lophostemon confertus,Not Found,Unknown,Unknown,Plantae,Tracheophyta,Magnoliopsida,Myrtales,Myrtaceae,Lophostemon,0,0,0,0,1,0
Lunularia cruciata,Not Found,Unknown,Unknown,Plantae,Marchantiophyta,Marchantiopsida,Lunulariales,Lunulariaceae,Lunularia,0,0,0,1,0,0
Lupinus hirsutissimus,Not Found,Unknown,Unknown,Plantae,Tracheophyta,Magnoliopsida,Fabales,Fabaceae,Lupinus,1,0,0,0,0,0
Lupinus longifolius,Not Found,Unknown,Unknown,Plantae,Tracheophyta,Magnoliopsida,Fabales,Fabaceae,Lupinus,0,0,0,1,0,0
Lynx rufus,Not Found,Unknown,Unknown,Animalia,Chordata,Mammalia,Carnivora,Felidae,Lynx,0,0,0,1,0,0
Malacothrix saxatilis,Not Found,Unknown,Unknown,Plantae,Tracheophyta,Magnoliopsida,Asterales,Asteraceae,Malacothrix,1,0,0,0,1,0
Malosma laurina,Not Found,Unknown,Unknown,Plantae,Tracheophyta,Magnoliopsida,Sapindales,Anacardiaceae,Malosma,0,2,0,0,0,0
Marah macrocarpa,Not Found,Unknown,Unknown,Plantae,Tracheophyta,Magnoliopsida,Cucurbitales,Cucurbitaceae,Marah,0,0,1,1,0,0
Marasmius albogriseus,Not Found,Unknown,Unknown,Fungi,Basidiomycota,Agaricomycetes,Agaricales,Marasmiaceae,Marasmius,0,0,0,2,0,0
Marasmius plicatulus,Not Found,Unknown,Unknown,Fungi,Basidiomycota,Agaricomycetes,Agaricales,Marasmiaceae,Marasmius,0,0,0,1,0,0
Mareca americana,Not Found,Unknown,Unknown,Animalia,Chordata,Aves,Anseriformes,Anatidae,Mareca,3,0,1,3,1,2
Marrubium vulgare,Not Found,Unknown,Unknown,Plantae,Tracheophyta,Magnoliopsida,Lamiales,Lamiaceae,Marrubium,1,0,0,0,0,1
Medicago sativa,Not Found,Unknown,Unknown,Plantae,Tracheophyta,Magnoliopsida,Fabales,Fabaceae,Medicago,0,1,0,0,0,0
Melanerpes formicivorus,Not Found,Unknown,Unknown,Animalia,Chordata,Aves,Piciformes,Picidae,Melanerpes,0,3,2,3,3,0
Melilotus albus,Not Found,Unknown,Unknown,Plantae,Tracheophyta,Magnoliopsida,Fabales,Fabaceae,Melilotus,0,0,0,0,1,0
Melopsittacus undulatus,Not Found,Unknown,Unknown,Animalia,Chordata,Aves,Psittaciformes,Psittacidae,Melopsittacus,0,0,1,0,0,0
Melospiza lincolnii,Not Found,Unknown,Unknown,Animalia,Chordata,Aves,Passeriformes,Passerellidae,Melospiza,0,0,0,0,0,1
Melospiza melodia,Not Found,Unknown,Unknown,Animalia,Chordata,Aves,Passeriformes,Passerellidae,Melospiza,0,1,0,0,4,6
Melozone crissalis,Not Found,Unknown,Unknown,Animalia,Chordata,Aves,Passeriformes,Passerellidae,Melozone,8,9,0,1,0,1
Menemerus bivittatus,Not Found,Unknown,Unknown,Animalia,Arthropoda,Arachnida,Araneae,Salticidae,Menemerus,1,0,1,0,0,0
Mephitis mephitis,Not Found,Unknown,Unknown,Animalia,Chordata,Mammalia,Carnivora,Mephitidae,Mephitis,0,1,0,0,1,0
Mesembryanthemum cordifolium,Not Found,Unknown,Unknown,Plantae,Tracheophyta,Magnoliopsida,Caryophyllales,Aizoaceae,Mesembryanthemum,0,0,0,0,1,0
Mimus polyglottos,Not Found,Unknown,Unknown,Animalia,Chordata,Aves,Passeriformes,Mimidae,Mimus,7,17,5,5,4,0
Molothrus ater,Not Found,Unknown,Unknown,Animalia,Chordata,Aves,Passeriformes,Icteridae,Molothrus,3,0,0,0,1,1
Mus musculus,Not Found,Unknown,Unknown,Animalia,Chordata,Mammalia,Rodentia,Muridae,Mus,0,0,0,0,1,0
Myadestes townsendi,Not Found,Unknown,Unknown,Animalia,Chordata,Aves,Passeriformes,Turdidae,Myadestes,0,0,0,1,0,0
Naupactus cervinus,Not Found,Unknown,Unknown,Animalia,Arthropoda,Insecta,Coleoptera,Curculionidae,Naupactus,1,0,0,0,0,0
Neotephritis finalis,Not Found,Unknown,Unknown,Animalia,Arthropoda,Insecta,Diptera,Tephritidae,Neotephritis,0,0,2,0,1,0
Nicotiana glauca,Not Found,Unknown,Unknown,Plantae,Tracheophyta,Magnoliopsida,Solanales,Solanaceae,Nicotiana,0,0,2,0,1,2
Nycticorax nycticorax,Not Found,Unknown,Unknown,Animalia,Chordata,Aves,Pelecaniformes,Ardeidae,Nycticorax,2,1,1,3,7,6
Nymphalis antiopa,Not Found,Unknown,Unknown,Animalia,Arthropoda,Insecta,Lepidoptera,Nymphalidae,Nymphalis,0,0,1,0,0,2
Omphalotus olivascens,Not Found,Unknown,Unknown,Fungi,Basidiomycota,Agaricomycetes,Agaricales,Omphalotaceae,Omphalotus,1,0,5,2,0,0
Opuntia littoralis,Not Found,Unknown,Unknown,Plantae,Tracheophyta,Magnoliopsida,Caryophyllales,Cactaceae,Opuntia,0,1,0,0,0,0
Otala lactea,Not Found,Unknown,Unknown,Animalia,Mollusca,Gastropoda,Stylommatophora,Helicidae,Otala,0,0,1,0,2,1
Otospermophilus beecheyi,Not Found,Unknown,Unknown,Animalia,Chordata,Mammalia,Rodentia,Sciuridae,Otospermophilus,1,1,0,1,0,0
Oxalis pes-caprae,Not Found,Unknown,Unknown,Plantae,Tracheophyta,Magnoliopsida,Oxalidales,Oxalidaceae,Oxalis,1,0,4,3,1,0
Oxychilus draparnaudi,Not Found,Unknown,Unknown,Animalia,Mollusca,Gastropoda,Stylommatophora,Oxychilidae,Oxychilus,1,0,0,0,0,0
Oxyura jamaicensis,Not Found,Unknown,Unknown,Animalia,Chordata,Aves,Anseriformes,Anatidae,Oxyura,7,0,1,2,2,0
Paragus haemorrhous,Not Found,Unknown,Unknown,Animalia,Arthropoda,Insecta,Diptera,Syrphidae,Paragus,0,0,1,2,0,0
Parancistrocerus declivatus,Not Found,Unknown,Unknown,Animalia,Arthropoda,Insecta,Hymenoptera,Eumenidae,Parancistrocerus,0,0,1,0,0,0
Passer domesticus,Not Found,Unknown,Unknown,Animalia,Chordata,Aves,Passeriformes,Passeridae,Passer,7,0,5,6,3,12
Patagioenas fasciata,Not Found,Unknown,Unknown,Animalia,Chordata,Aves,Columbiformes,Columbidae,Patagioenas,0,0,1,0,0,0
Pelecanus erythrorhynchos,Not Found,Unknown,Unknown,Animalia,Chordata,Aves,Pelecaniformes,Pelecanidae,Pelecanus,2,0,0,3,3,0
Periplaneta americana,Not Found,Unknown,Unknown,Animalia,Arthropoda,Insecta,Blattodea,Blattidae,Periplaneta,0,0,0,0,0,1
Periploca ceanothiella,Not Found,Unknown,Unknown,Animalia,Arthropoda,Insecta,Lepidoptera,Cosmopterigidae,Periploca,0,0,0,0,0,2
Phainopepla nitens,Not Found,Unknown,Unknown,Animalia,Chordata,Aves,Passeriformes,Ptilogonatidae,Phainopepla,0,3,1,0,1,0
Phalacrocorax auritus,Not Found,Unknown,Unknown,Animalia,Chordata,Aves,Suliformes,Phalacrocoracidae,Phalacrocorax,4,0,1,4,2,8
Phidippus adumbratus,Not Found,Unknown,Unknown,Animalia,Arthropoda,Arachnida,Araneae,Salticidae,Phidippus,0,0,0,0,0,1
Phidippus audax,Not Found,Unknown,Unknown,Animalia,Arthropoda,Arachnida,Araneae,Salticidae,Phidippus,0,0,0,1,0,1
Phloeodes diabolicus,Not Found,Unknown,Unknown,Animalia,Arthropoda,Insecta,Coleoptera,Zopheridae,Phloeodes,0,0,0,0,0,2
Phoebis agarithe,Not Found,Unknown,Unknown,Animalia,Arthropoda,Insecta,Lepidoptera,Pieridae,Phoebis,0,0,0,1,0,0
Pholistoma auritum,Not Found,Unknown,Unknown,Plantae,Tracheophyta,Magnoliopsida,Boraginales,Hydrophyllaceae,Pholistoma,0,0,1,0,0,0
Phytolacca americana,Not Found,Unknown,Unknown,Plantae,Tracheophyta,Magnoliopsida,Caryophyllales,Phytolaccaceae,Phytolacca,0,0,0,0,1,0
Phytolacca icosandra,Not Found,Unknown,Unknown,Plantae,Tracheophyta,Magnoliopsida,Caryophyllales,Phytolaccaceae,Phytolacca,0,0,0,0,1,1
Pieris rapae,Not Found,Unknown,Unknown,Animalia,Arthropoda,Insecta,Lepidoptera,Pieridae,Pieris,0,0,2,1,0,2
Pilumnus spinohirsutus,Not Found,Unknown,Unknown,Animalia,Arthropoda,Malacostraca,Decapoda,Pilumnidae,Pilumnus,0,0,0,0,1,0
Pinus canariensis,Not Found,Unknown,Unknown,Plantae,Tracheophyta,Pinopsida,Pinales,Pinaceae,Pinus,1,0,0,0,0,0
Pinus halepensis,Not Found,Unknown,Unknown,Plantae,Tracheophyta,Pinopsida,Pinales,Pinaceae,Pinus,0,0,0,0,1,0
Pipilo maculatus,Not Found,Unknown,Unknown,Animalia,Chordata,Aves,Passeriformes,Passerellidae,Pipilo,0,0,1,0,0,0
Piranga rubra,Not Found,Unknown,Unknown,Animalia,Chordata,Aves,Passeriformes,Cardinalidae,Piranga,0,0,0,1,1,0
Pistia stratiotes,Not Found,Unknown,Unknown,Plantae,Tracheophyta,Liliopsida,Alismatales,Araceae,Pistia,0,0,1,0,0,0
Plantago lanceolata,Not Found,Unknown,Unknown,Plantae,Tracheophyta,Magnoliopsida,Lamiales,Plantaginaceae,Plantago,0,0,1,0,0,0
Plantago major,Not Found,Unknown,Unknown,Plantae,Tracheophyta,Magnoliopsida,Lamiales,Plantaginaceae,Plantago,0,0,1,0,1,0
Platanus racemosa,Not Found,Unknown,Unknown,Plantae,Tracheophyta,Magnoliopsida,Proteales,Platanaceae,Platanus,0,0,0,2,2,0
Plexippus paykulli,Not Found,Unknown,Unknown,Animalia,Arthropoda,Arachnida,Araneae,Salticidae,Plexippus,1,0,0,0,0,0
Plutella xylostella,Not Found,Unknown,Unknown,Animalia,Arthropoda,Insecta,Lepidoptera,Plutellidae,Plutella,0,0,1,0,0,0
Podiceps nigricollis,Not Found,Unknown,Unknown,Animalia,Chordata,Aves,Podicipediformes,Podicipedidae,Podiceps,1,0,1,2,0,0
Podilymbus podiceps,Not Found,Unknown,Unknown,Animalia,Chordata,Aves,Podicipediformes,Podicipedidae,Podilymbus,4,0,2,1,1,3
Pogonortalis doclea,Not Found,Unknown,Unknown,Animalia,Arthropoda,Insecta,Diptera,Platystomatidae,Pogonortalis,1,0,0,0,0,0
Polioptila caerulea,Not Found,Unknown,Unknown,Animalia,Chordata,Aves,Passeriformes,Polioptilidae,Polioptila,0,0,0,2,0,0
Polistes exclamans,Not Found,Unknown,Unknown,Animalia,Arthropoda,Insecta,Hymenoptera,Eumenidae,Polistes,1,0,1,0,0,0
Populus fremontii,Not Found,Unknown,Unknown,Plantae,Tracheophyta,Magnoliopsida,Malpighiales,Salicaceae,Populus,0,0,0,1,0,0
Porzana carolina,Not Found,Unknown,Unknown,Animalia,Chordata,Aves,Gruiformes,Rallidae,Porzana,0,0,0,0,0,1
Procyon lotor,Not Found,Unknown,Unknown,Animalia,Chordata,Mammalia,Carnivora,Procyonidae,Procyon,0,0,0,0,0,3
Prunus ilicifolia,Not Found,Unknown,Unknown,Plantae,Tracheophyta,Magnoliopsida,Rosales,Rosaceae,Prunus,0,1,0,0,1,8
Psaltriparus minimus,Not Found,Unknown,Unknown,Animalia,Chordata,Aves,Passeriformes,Aegithalidae,Psaltriparus,4,2,1,1,0,4
Psathyrella longipes,Not Found,Unknown,Unknown,Fungi,Basidiomycota,Agaricomycetes,Agaricales,Psathyrellaceae,Psathyrella,0,0,1,0,0,0
Pycnonotus jocosus,Not Found,Unknown,Unknown,Animalia,Chordata,Aves,Passeriformes,Pycnonotidae,Pycnonotus,1,0,0,0,0,0
Pyrocephalus rubinus,Not Found,Unknown,Unknown,Animalia,Chordata,Aves,Passeriformes,Tyrannidae,Pyrocephalus,1,0,3,1,0,0
Pyronema omphalodes,Not Found,Unknown,Unknown,Fungi,Ascomycota,Pezizomycetes,Pezizales,Pyronemataceae,Pyronema,0,0,0,1,0,0
Quercus agrifolia,Not Found,Unknown,Unknown,Plantae,Tracheophyta,Magnoliopsida,Fagales,Fagaceae,Quercus,0,0,1,1,0,3
Quercus engelmannii,Not Found,Unknown,Unknown,Plantae,Tracheophyta,Magnoliopsida,Fagales,Fagaceae,Quercus,0,0,0,0,0,1
Quercus lobata,Not Found,Unknown,Unknown,Plantae,Tracheophyta,Magnoliopsida,Fagales,Fagaceae,Quercus,1,0,0,0,0,0
Quiscalus mexicanus,132174807,Least Concern,Stable,Animalia,Chordata,Aves,Passeriformes,Icteridae,Quiscalus,6,0,2,1,2,4
Regulus calendula,Not Found,Unknown,Unknown,Animalia,Chordata,Aves,Passeriformes,Regulidae,Regulus,2,2,3,5,1,3
Rhopalomyia californica,Not Found,Unknown,Unknown,Animalia,Arthropoda,Insecta,Diptera,Cecidomyiidae,Rhopalomyia,0,0,0,1,0,0
Rhus integrifolia,Not Found,Unknown,Unknown,Plantae,Tracheophyta,Magnoliopsida,Sapindales,Anacardiaceae,Rhus,0,1,0,0,1,0
Rhus ovata,Not Found,Unknown,Unknown,Plantae,Tracheophyta,Magnoliopsida,Sapindales,Anacardiaceae,Rhus,0,1,1,0,0,0
Ribes aureum,Not Found,Unknown,Unknown,Plantae,Tracheophyta,Magnoliopsida,Saxifragales,Grossulariaceae,Ribes,0,0,0,0,1,0
Ricinus communis,Not Found,Unknown,Unknown,Plantae,Tracheophyta,Magnoliopsida,Malpighiales,Euphorbiaceae,Ricinus,0,0,0,2,2,4
Rumina decollata,Not Found,Unknown,Unknown,Animalia,Mollusca,Gastropoda,Stylommatophora,Achatinidae,Rumina,0,0,0,1,0,0
Salvia apiana,Not Found,Unknown,Unknown,Plantae,Tracheophyta,Magnoliopsida,Lamiales,Lamiaceae,Salvia,0,0,0,1,0,0
Salvia leucophylla,Not Found,Unknown,Unknown,Plantae,Tracheophyta,Magnoliopsida,Lamiales,Lamiaceae,Salvia,0,0,1,0,1,0
Salvia mellifera,Not Found,Unknown,Unknown,Plantae,Tracheophyta,Magnoliopsida,Lamiales,Lamiaceae,Salvia,0,0,0,1,0,0
Sassacus vitis,Not Found,Unknown,Unknown,Animalia,Arthropoda,Arachnida,Araneae,Salticidae,Sassacus,0,0,1,0,0,0
Sayornis nigricans,137981772,Least Concern,Increasing,Animalia,Chordata,Aves,Passeriformes,Tyrannidae,Sayornis,3,12,8,2,2,6
Sayornis saya,187298299,Least Concern,Increasing,Animalia,Chordata,Aves,Passeriformes,Tyrannidae,Sayornis,4,0,3,0,1,0
Scantius aegyptius,Not Found,Unknown,Unknown,Animalia,Arthropoda,Insecta,Hemiptera,Pyrrhocoridae,Scantius,0,0,0,1,0,0
Sceloporus occidentalis,12747877,Least Concern,Stable,Animalia,Chordata,Squamata,Unknown,Phrynosomatidae,Sceloporus,1,1,1,1,2,3
Schinus molle,61984173,Least Concern,Unknown,Plantae,Tracheophyta,Magnoliopsida,Sapindales,Anacardiaceae,Schinus,0,1,1,0,1,0
Schinus polygama,Not Found,Unknown,Unknown,Plantae,Tracheophyta,Magnoliopsida,Sapindales,Anacardiaceae,Schinus,1,0,0,0,0,0
Schistocerca nitens,Not Found,Unknown,Unknown,Animalia,Arthropoda,Insecta,Orthoptera,Acrididae,Schistocerca,0,0,2,1,0,0
Schizophyllum commune,Not Found,Unknown,Unknown,Fungi,Basidiomycota,Agaricomycetes,Agaricales,Schizophyllaceae,Schizophyllum,0,0,1,4,2,0
Sciurus niger,115155257,Least Concern,Stable,Animalia,Chordata,Mammalia,Rodentia,Sciuridae,Sciurus,2,6,11,3,3,7
Scutigera coleoptrata,Not Found,Unknown,Unknown,Animalia,Arthropoda,Chilopoda,Scutigeromorpha,Scutigeridae,Scutigera,1,0,1,0,0,0
Searsia lancea,146204710,Least Concern,Stable,Plantae,Tracheophyta,Magnoliopsida,Sapindales,Anacardiaceae,Searsia,0,0,0,2,0,0
Selasphorus sasin,186964631,Least Concern,Increasing,Animalia,Chordata,Aves,Apodiformes,Trochilidae,Selasphorus,8,6,4,6,2,2
Setophaga auduboni,Not Found,Unknown,Unknown,Animalia,Chordata,Aves,Passeriformes,Parulidae,Setophaga,0,0,0,0,2,0
Setophaga coronata,Not Found,Unknown,Unknown,Animalia,Chordata,Aves,Passeriformes,Parulidae,Setophaga,10,11,4,6,5,7
Setophaga nigrescens,Not Found,Unknown,Unknown,Animalia,Chordata,Aves,Passeriformes,Parulidae,Setophaga,0,0,0,0,0,2
Setophaga petechia,Not Found,Unknown,Unknown,Animalia,Chordata,Aves,Passeriformes,Parulidae,Setophaga,2,0,0,0,0,1
Setophaga townsendi,Not Found,Unknown,Unknown,Animalia,Chordata,Aves,Passeriformes,Parulidae,Setophaga,0,0,0,1,0,1
Sialia mexicana,Not Found,Unknown,Unknown,Animalia,Chordata,Aves,Passeriformes,Turdidae,Sialia,0,3,1,1,5,2
Silybum marianum,Not Found,Unknown,Unknown,Plantae,Tracheophyta,Magnoliopsida,Asterales,Asteraceae,Silybum,0,0,0,1,0,0
Siphanta acuta,Not Found,Unknown,Unknown,Animalia,Arthropoda,Insecta,Hemiptera,Flatidae,Siphanta,0,0,0,0,0,1
Sistotrema sernanderi,Not Found,Unknown,Unknown,Fungi,Basidiomycota,Agaricomycetes,Cantharellales,Hydnaceae,Sistotrema,1,0,0,0,0,0
Sitones californius,Not Found,Unknown,Unknown,Animalia,Arthropoda,Insecta,Coleoptera,Curculionidae,Sitones,0,0,2,0,0,0
Sitta canadensis,Not Found,Unknown,Unknown,Animalia,Chordata,Aves,Passeriformes,Sittidae,Sitta,0,0,0,0,1,0
Sitta carolinensis,Not Found,Unknown,Unknown,Animalia,Chordata,Aves,Passeriformes,Sittidae,Sitta,1,1,0,1,1,0
Solanum nigrum,Not Found,Unknown,Unknown,Plantae,Tracheophyta,Magnoliopsida,Solanales,Solanaceae,Solanum,0,0,1,3,0,0
Sonchus oleraceus,Not Found,Unknown,Unknown,Plantae,Tracheophyta,Magnoliopsida,Asterales,Asteraceae,Sonchus,0,1,0,0,0,0
Spartium junceum,Not Found,Unknown,Unknown,Plantae,Tracheophyta,Magnoliopsida,Fabales,Fabaceae,Spartium,0,0,0,0,1,0
Spatula clypeata,Not Found,Unknown,Unknown,Animalia,Chordata,Aves,Anseriformes,Anatidae,Spatula,0,0,0,3,0,0
Spatula discors,Not Found,Unknown,Unknown,Animalia,Chordata,Aves,Anseriformes,Anatidae,Spatula,0,1,0,0,0,0
Sphaeralcea ambigua,Not Found,Unknown,Unknown,Plantae,Tracheophyta,Magnoliopsida,Malvales,Malvaceae,Sphaeralcea,0,0,0,1,0,0
Sphyrapicus nuchalis,Not Found,Unknown,Unknown,Animalia,Chordata,Aves,Piciformes,Picidae,Sphyrapicus,0,0,1,0,0,0
Sphyrapicus ruber,Not Found,Unknown,Unknown,Animalia,Chordata,Aves,Piciformes,Picidae,Sphyrapicus,0,0,2,0,0,0
Spinus psaltria,Not Found,Unknown,Unknown,Animalia,Chordata,Aves,Passeriformes,Fringillidae,Spinus,4,4,3,0,3,6
Spizella passerina,Not Found,Unknown,Unknown,Animalia,Chordata,Aves,Passeriformes,Passerellidae,Spizella,0,3,0,0,2,0
Stagmomantis limbata,Not Found,Unknown,Unknown,Animalia,Arthropoda,Insecta,Mantodea,Mantidae,Stagmomantis,0,0,0,0,1,2
Steatoda nobilis,Not Found,Unknown,Unknown,Animalia,Arthropoda,Arachnida,Araneae,Theridiidae,Steatoda,0,0,1,0,1,1
Stellaria media,Not Found,Unknown,Unknown,Plantae,Tracheophyta,Magnoliopsida,Caryophyllales,Caryophyllaceae,Stellaria,1,0,0,1,0,0
Streptopelia decaocto,Not Found,Unknown,Unknown,Animalia,Chordata,Aves,Columbiformes,Columbidae,Streptopelia,2,2,1,1,1,2
Sturnus vulgaris,Not Found,Unknown,Unknown,Animalia,Chordata,Aves,Passeriformes,Sturnidae,Sturnus,3,9,3,2,2,0
Sylvilagus audubonii,Not Found,Unknown,Unknown,Animalia,Chordata,Mammalia,Lagomorpha,Leporidae,Sylvilagus,0,1,1,1,3,0
Sympetrum corruptum,Not Found,Unknown,Unknown,Animalia,Arthropoda,Insecta,Odonata,Libellulidae,Sympetrum,1,1,1,0,1,1
Taraxacum officinale,Not Found,Unknown,Unknown,Plantae,Tracheophyta,Magnoliopsida,Asterales,Asteraceae,Taraxacum,0,0,0,1,0,0
Taylorilygus apicalis,Not Found,Unknown,Unknown,Animalia,Arthropoda,Insecta,Hemiptera,Miridae,Taylorilygus,1,0,1,1,0,0
Thomomys bottae,Not Found,Unknown,Unknown,Animalia,Chordata,Mammalia,Rodentia,Geomyidae,Thomomys,1,1,4,1,5,0
Thryomanes bewickii,Not Found,Unknown,Unknown,Animalia,Chordata,Aves,Passeriformes,Troglodytidae,Thryomanes,0,4,1,1,1,0
Toxicodendron diversilobum,Not Found,Unknown,Unknown,Plantae,Tracheophyta,Magnoliopsida,Sapindales,Anacardiaceae,Toxicodendron,0,0,0,0,2,0
Toxomerus marginatus,Not Found,Unknown,Unknown,Animalia,Arthropoda,Insecta,Diptera,Syrphidae,Toxomerus,0,0,1,0,0,0
Trachemys scripta,Not Found,Unknown,Unknown,Animalia,Chordata,Testudines,Unknown,Emydidae,Trachemys,2,0,3,0,3,0
Troglodytes aedon,Not Found,Unknown,Unknown,Animalia,Chordata,Aves,Passeriformes,Troglodytidae,Troglodytes,1,0,0,0,0,0
Tropaeolum majus,Not Found,Unknown,Unknown,Plantae,Tracheophyta,Magnoliopsida,Brassicales,Tropaeolaceae,Tropaeolum,0,0,0,2,0,1
Turdus migratorius,Not Found,Unknown,Unknown,Animalia,Chordata,Aves,Passeriformes,Turdidae,Turdus,0,0,0,2,1,0
Tyrannus vociferans,Not Found,Unknown,Unknown,Animalia,Chordata,Aves,Passeriformes,Tyrannidae,Tyrannus,2,7,1,6,2,0
Unknown,Not Found,Unknown,Unknown,Unknown,Unknown,Unknown,Unknown,Unknown,Unknown,20,3,9,28,11,14
Urtica urens,Not Found,Unknown,Unknown,Plantae,Tracheophyta,Magnoliopsida,Rosales,Urticaceae,Urtica,0,0,0,2,0,0
Vanessa annabella,Not Found,Unknown,Unknown,Animalia,Arthropoda,Insecta,Lepidoptera,Nymphalidae,Vanessa,0,0,1,1,0,0
Vanessa atalanta,Not Found,Unknown,Unknown,Animalia,Arthropoda,Insecta,Lepidoptera,Nymphalidae,Vanessa,1,0,0,1,2,3
Vanessa cardui,Not Found,Unknown,Unknown,Animalia,Arthropoda,Insecta,Lepidoptera,Nymphalidae,Vanessa,0,0,1,0,0,0
Vinca major,Not Found,Unknown,Unknown,Plantae,Tracheophyta,Magnoliopsida,Gentianales,Apocynaceae,Vinca,0,0,0,0,1,1
Volvopluteus gloiocephalus,Not Found,Unknown,Unknown,Fungi,Basidiomycota,Agaricomycetes,Agaricales,Pluteaceae,Volvopluteus,2,0,0,3,0,0
Washingtonia filibusta,Not Found,Unknown,Unknown,Plantae,Tracheophyta,Liliopsida,Arecales,Arecaceae,Washingtonia,0,0,0,0,1,0
Zenaida macroura,Not Found,Unknown,Unknown,Animalia,Chordata,Aves,Columbiformes,Columbidae,Zenaida,4,15,6,2,3,3
Zonotrichia atricapilla,Not Found,Unknown,Unknown,Animalia,Chordata,Aves,Passeriformes,Passerellidae,Zonotrichia,0,2,0,0,0,0
Zonotrichia leucophrys,Not Found,Unknown,Unknown,Animalia,Chordata,Aves,Passeriformes,Passerellidae,Zonotrichia,6,11,1,2,0,0
