Species Name,Invasive,Assessment ID,Red List Category,Population Trend,Kingdom,Phylum,Class,Order,Family,Genus,Observations_2005,Observations_2006,Observations_2007,Observations_2008,Observations_2009,Observations_2010,Observations_2011,Observations_2012,Observations_2013,Observations_2014,Observations_2015,Observations_2016,Observations_2017,Observations_2018,Observations_2019,Observations_2020,Observations_2021,Observations_2022,Observations_2023,Observations_2024
Lonicera periclymenum,0,Not Found,Unknown,Unknown,Plantae,Tracheophyta,Magnoliopsida,Dipsacales,Caprifoliaceae,Lonicera,0,0,0,0,0,1,0,0,2,0,0,0,0,1,0,1,1,0,0,0
Delichon urbicum,0,264561964,Least Concern,Stable,Animalia,Chordata,Aves,Passeriformes,Hirundinidae,Delichon,0,0,0,0,0,0,0,0,0,0,0,0,0,0,1,2,2,0,0,0
Pastinaca sativa,0,Not Found,Unknown,Unknown,Plantae,Tracheophyta,Magnoliopsida,Apiales,Apiaceae,Pastinaca,0,0,0,0,0,0,0,0,0,0,0,0,0,1,0,0,0,0,0,0
Orchis mascula,0,7175991,Least Concern,Decreasing,Plantae,Tracheophyta,Liliopsida,Asparagales,Orchidaceae,Orchis,0,0,0,1,0,0,0,0,0,0,0,0,0,0,0,0,0,0,0,0
Juncus tenuis,1,Not Found,Unknown,Unknown,Plantae,Tracheophyta,Liliopsida,Poales,Juncaceae,Juncus,0,0,0,0,0,1,0,0,0,0,0,0,0,0,0,0,0,0,0,0
Raphanus raphanistrum,0,7235317,Least Concern,Stable,Plantae,Tracheophyta,Magnoliopsida,Brassicales,Brassicaceae,Raphanus,0,0,0,1,0,0,0,0,0,0,0,0,0,0,0,0,0,0,0,0
Campanula portenschlagiana,0,Not Found,Unknown,Unknown,Plantae,Tracheophyta,Magnoliopsida,Asterales,Campanulaceae,Campanula,0,0,0,0,1,0,0,0,0,0,0,0,0,0,0,0,0,0,0,0
Lysimachia vulgaris,0,42404562,Least Concern,Stable,Plantae,Tracheophyta,Magnoliopsida,Ericales,Primulaceae,Lysimachia,0,0,1,0,0,1,0,0,0,0,0,0,0,0,0,0,0,0,0,0
Avena fatua,0,19394581,Least Concern,Stable,Plantae,Tracheophyta,Liliopsida,Poales,Poaceae,Avena,0,0,0,0,0,2,0,0,0,0,0,0,0,0,0,0,0,0,0,0
Columba oenas,0,264541812,Least Concern,Increasing,Animalia,Chordata,Aves,Columbiformes,Columbidae,Columba,0,0,0,0,0,0,0,0,0,0,0,0,0,1,0,0,0,0,0,0
Galium mollugo,0,Not Found,Unknown,Unknown,Plantae,Tracheophyta,Magnoliopsida,Gentianales,Rubiaceae,Galium,0,0,0,2,1,0,0,0,0,0,0,0,0,0,0,0,0,0,0,0
Lotus corniculatus,1,7243415,Least Concern,Stable,Plantae,Tracheophyta,Magnoliopsida,Fabales,Fabaceae,Lotus,0,0,0,0,1,1,0,0,0,0,0,0,0,0,0,0,0,0,0,0
Brachypodium sylvaticum,0,Not Found,Unknown,Unknown,Plantae,Tracheophyta,Liliopsida,Poales,Poaceae,Brachypodium,0,0,0,0,0,2,0,0,0,0,0,0,0,0,0,0,0,0,0,0
Strix aluco,0,264546097,Least Concern,Stable,Animalia,Chordata,Aves,Strigiformes,Strigidae,Strix,0,0,0,0,0,0,0,0,0,0,0,0,0,0,0,1,0,0,0,0
Quercus robur,0,3126467,Least Concern,Decreasing,Plantae,Tracheophyta,Magnoliopsida,Fagales,Fagaceae,Quercus,2,0,0,0,0,1,1,0,3,0,0,0,0,2,1,1,0,0,0,0
Capreolus capreolus,0,224358944,Least Concern,Increasing,Animalia,Chordata,Mammalia,Artiodactyla,Cervidae,Capreolus,0,0,0,0,0,0,0,0,0,0,0,0,0,1,2,0,0,0,0,0
Polygonum aviculare,0,2764857,Least Concern,Stable,Plantae,Tracheophyta,Magnoliopsida,Caryophyllales,Polygonaceae,Polygonum,0,0,0,1,3,1,0,0,0,0,0,0,0,0,1,0,0,0,0,0
Deraeocoris lutescens,0,Not Found,Unknown,Unknown,Animalia,Arthropoda,Insecta,Hemiptera,Miridae,Deraeocoris,0,0,0,0,0,0,0,0,0,0,0,0,0,0,0,0,0,1,0,0
Platystoma seminationis,0,Not Found,Unknown,Unknown,Animalia,Arthropoda,Insecta,Diptera,Platystomatidae,Platystoma,0,2,0,0,0,0,0,0,0,0,0,0,0,0,0,0,0,0,0,0
Gunnera tinctoria,1,Not Found,Unknown,Unknown,Plantae,Tracheophyta,Magnoliopsida,Gunnerales,Gunneraceae,Gunnera,0,0,0,0,0,0,0,0,0,0,0,0,0,0,0,1,0,0,0,0
Poa angustifolia,0,44508366,Least Concern,Stable,Plantae,Tracheophyta,Liliopsida,Poales,Poaceae,Poa,0,0,0,0,0,0,0,0,0,0,0,0,0,1,0,0,0,0,0,0
Crepis capillaris,0,Not Found,Unknown,Unknown,Plantae,Tracheophyta,Magnoliopsida,Asterales,Asteraceae,Crepis,0,0,0,0,3,2,0,0,0,0,0,0,0,0,0,0,0,0,0,1
Falco tinnunculus,0,210515355,Least Concern,Unknown,Animalia,Chordata,Aves,Falconiformes,Falconidae,Falco,0,0,0,0,0,0,0,1,1,0,0,0,0,0,3,1,1,0,0,0
Juncus bufonius,0,84287155,Least Concern,Stable,Plantae,Tracheophyta,Liliopsida,Poales,Juncaceae,Juncus,0,0,1,0,1,0,0,0,0,0,0,0,0,0,0,0,0,0,0,0
Leucanthemum vulgare,0,Not Found,Unknown,Unknown,Plantae,Tracheophyta,Magnoliopsida,Asterales,Asteraceae,Leucanthemum,0,0,0,0,2,0,0,0,0,0,0,0,0,0,0,0,0,0,0,0
Acer negundo,0,3117065,Least Concern,Stable,Plantae,Tracheophyta,Magnoliopsida,Sapindales,Sapindaceae,Acer,0,0,0,0,0,0,0,0,0,0,0,0,0,0,0,0,0,0,1,0
Dactylis glomerata,0,Not Found,Unknown,Unknown,Plantae,Tracheophyta,Liliopsida,Poales,Poaceae,Dactylis,0,0,0,1,0,0,0,0,0,0,0,0,0,1,0,0,0,0,0,0
Bromus diandrus,0,Not Found,Unknown,Unknown,Plantae,Tracheophyta,Liliopsida,Poales,Poaceae,Bromus,0,0,0,0,2,0,0,0,0,0,0,0,0,0,0,0,0,0,0,0
Ladoga camilla,0,Not Found,Unknown,Unknown,Animalia,Arthropoda,Insecta,Lepidoptera,Nymphalidae,Ladoga,0,0,0,0,0,0,0,0,0,0,0,0,0,0,1,0,0,0,0,0
Viola odorata,0,2766319,Least Concern,Stable,Plantae,Tracheophyta,Magnoliopsida,Malpighiales,Violaceae,Viola,0,0,0,0,1,2,0,0,0,0,0,0,0,0,0,0,0,0,0,0
Carex pilulifera,0,Not Found,Unknown,Unknown,Plantae,Tracheophyta,Liliopsida,Poales,Cyperaceae,Carex,0,0,0,0,0,0,1,0,1,0,1,0,0,0,0,0,1,0,0,0
Petrosedum rupestre,0,Not Found,Unknown,Unknown,Plantae,Tracheophyta,Magnoliopsida,Saxifragales,Crassulaceae,Petrosedum,0,0,0,0,1,2,0,0,0,0,0,0,0,0,0,0,0,0,0,0
Meconema meridionale,0,74540416,Least Concern,Unknown,Animalia,Arthropoda,Insecta,Orthoptera,Tettigoniidae,Meconema,0,0,0,0,0,0,0,0,0,0,0,0,0,0,0,0,0,1,0,0
Thuidium tamariscinum,0,87743497,Least Concern,Stable,Plantae,Bryophyta,Bryopsida,Hypnales,Thuidiaceae,Thuidium,1,0,0,0,0,0,1,0,0,0,0,0,0,0,0,0,0,0,0,0
Epidalea calamita,0,228181470,Least Concern,Decreasing,Animalia,Chordata,Amphibia,Anura,Bufonidae,Epidalea,0,0,0,0,0,0,0,0,0,0,1,0,0,0,0,0,0,0,0,0
Nymphaea alba,0,63306122,Least Concern,Unknown,Plantae,Tracheophyta,Magnoliopsida,Nymphaeales,Nymphaeaceae,Nymphaea,0,0,1,0,0,0,0,0,0,0,0,0,0,0,0,0,0,0,1,0
Moehringia trinervia,0,Not Found,Unknown,Unknown,Plantae,Tracheophyta,Magnoliopsida,Caryophyllales,Caryophyllaceae,Moehringia,0,0,0,0,0,1,0,0,1,0,0,0,0,0,0,0,0,0,0,0
Melissa officinalis,0,2762574,Least Concern,Unknown,Plantae,Tracheophyta,Magnoliopsida,Lamiales,Lamiaceae,Melissa,0,0,0,0,0,0,0,0,0,0,0,0,0,0,0,0,1,2,0,0
Hypericum pulchrum,0,Not Found,Unknown,Unknown,Plantae,Tracheophyta,Magnoliopsida,Malpighiales,Hypericaceae,Hypericum,0,0,0,0,0,1,0,0,1,0,1,0,0,0,0,1,0,0,0,0
Polemonium caeruleum,0,Not Found,Unknown,Unknown,Plantae,Tracheophyta,Magnoliopsida,Ericales,Polemoniaceae,Polemonium,0,0,0,0,0,0,0,0,0,0,0,0,0,0,0,0,1,0,0,0
Alliaria petiolata,1,Not Found,Unknown,Unknown,Plantae,Tracheophyta,Magnoliopsida,Brassicales,Brassicaceae,Alliaria,0,0,0,1,0,1,0,0,0,0,0,0,0,0,0,0,0,1,0,0
Lissotriton helveticus,0,228185144,Least Concern,Decreasing,Animalia,Chordata,Amphibia,Caudata,Salamandridae,Lissotriton,0,0,0,0,0,0,0,4,0,0,2,0,0,0,0,0,0,0,0,0
Iris pseudacorus,1,42326782,Least Concern,Stable,Plantae,Tracheophyta,Liliopsida,Asparagales,Iridaceae,Iris,0,0,2,0,0,2,0,0,0,0,0,0,0,0,0,0,0,0,0,0
Cirsium arvense,1,Not Found,Unknown,Unknown,Plantae,Tracheophyta,Magnoliopsida,Asterales,Asteraceae,Cirsium,0,0,0,2,3,1,0,0,1,0,0,0,0,0,1,0,0,0,0,0
Anemone ranunculoides,0,Not Found,Unknown,Unknown,Plantae,Tracheophyta,Magnoliopsida,Ranunculales,Ranunculaceae,Anemone,0,0,0,1,0,0,0,0,0,0,0,0,1,1,0,0,0,0,0,0
Clematis viticella,0,Not Found,Unknown,Unknown,Plantae,Tracheophyta,Magnoliopsida,Ranunculales,Ranunculaceae,Clematis,0,0,0,0,0,0,0,0,0,0,0,0,0,0,0,0,1,0,0,0
Trioza urticae,0,Not Found,Unknown,Unknown,Animalia,Arthropoda,Insecta,Hemiptera,Triozidae,Trioza,0,2,0,0,0,0,0,0,0,0,0,0,0,0,0,0,0,0,0,0
Stellaria alsine,1,5864526,Least Concern,Stable,Plantae,Tracheophyta,Magnoliopsida,Caryophyllales,Caryophyllaceae,Stellaria,0,0,0,0,0,2,0,0,0,0,0,0,0,0,0,0,0,0,0,0
Linaria vulgaris,1,Not Found,Unknown,Unknown,Plantae,Tracheophyta,Magnoliopsida,Lamiales,Plantaginaceae,Linaria,0,0,0,0,1,0,0,0,0,0,0,0,0,0,1,0,0,0,0,0
Prunella modularis,0,166409165,Least Concern,Decreasing,Animalia,Chordata,Aves,Passeriformes,Prunellidae,Prunella,0,0,0,0,0,0,0,0,9,8,0,0,1,0,2,0,0,3,0,0
Mentha piperita,0,Not Found,Unknown,Unknown,Plantae,Tracheophyta,Magnoliopsida,Lamiales,Lamiaceae,Mentha,0,0,0,0,1,0,0,0,0,0,0,0,0,0,0,0,0,0,0,0
Vanellus vanellus,0,166266204,Vulnerable,Decreasing,Animalia,Chordata,Aves,Charadriiformes,Charadriidae,Vanellus,0,0,0,0,0,0,0,0,0,0,0,0,0,0,1,0,0,0,0,0
Juncus effusus,0,65914179,Least Concern,Stable,Plantae,Tracheophyta,Liliopsida,Poales,Juncaceae,Juncus,0,0,5,2,1,2,0,0,0,0,0,0,0,0,0,0,0,0,0,0
Aglais urticae,0,211434469,Near Threatened,Decreasing,Animalia,Arthropoda,Insecta,Lepidoptera,Nymphalidae,Aglais,0,0,0,0,0,1,0,0,0,0,0,0,0,0,0,0,0,0,0,0
Coenonympha pamphilus,0,211434061,Least Concern,Increasing,Animalia,Arthropoda,Insecta,Lepidoptera,Nymphalidae,Coenonympha,0,0,0,0,0,0,0,0,0,0,0,0,0,0,0,1,0,0,1,0
Oestrus ovis,0,Not Found,Unknown,Unknown,Animalia,Arthropoda,Insecta,Diptera,Oestridae,Oestrus,3,0,0,0,0,0,0,0,0,0,0,0,0,0,0,0,0,0,0,0
Isodontia mexicana,0,Not Found,Unknown,Unknown,Animalia,Arthropoda,Insecta,Hymenoptera,Sphecidae,Isodontia,0,0,0,0,0,0,0,0,0,0,0,0,0,0,0,0,0,0,0,1
Carex hirta,0,5807322,Least Concern,Stable,Plantae,Tracheophyta,Liliopsida,Poales,Cyperaceae,Carex,0,0,1,0,0,0,0,0,0,0,0,0,0,0,0,0,0,0,0,0
Senecio vulgaris,1,Not Found,Unknown,Unknown,Plantae,Tracheophyta,Magnoliopsida,Asterales,Asteraceae,Senecio,0,0,0,2,2,1,0,0,0,0,0,0,0,0,1,0,0,0,0,0
Papaver rhoeas,0,2764767,Least Concern,Stable,Plantae,Tracheophyta,Magnoliopsida,Ranunculales,Papaveraceae,Papaver,0,0,0,2,2,1,0,0,0,0,0,0,0,0,1,0,0,0,0,0
Dicranum scoparium,0,87768972,Least Concern,Stable,Plantae,Bryophyta,Bryopsida,Dicranales,Dicranaceae,Dicranum,0,0,0,0,0,0,1,0,0,0,0,0,0,0,0,0,0,0,0,0
Carabus purpurascens,0,Not Found,Unknown,Unknown,Animalia,Arthropoda,Insecta,Coleoptera,Carabidae,Carabus,0,0,0,0,0,0,0,0,0,0,0,0,0,0,0,0,0,0,2,0
Roemeria hispida,0,Not Found,Unknown,Unknown,Plantae,Tracheophyta,Magnoliopsida,Ranunculales,Papaveraceae,Roemeria,0,0,0,0,0,0,0,0,1,0,0,0,0,0,0,0,0,0,0,0
Lamium purpureum,0,Not Found,Unknown,Unknown,Plantae,Tracheophyta,Magnoliopsida,Lamiales,Lamiaceae,Lamium,0,0,0,2,1,0,0,0,0,0,0,0,0,0,1,0,0,0,0,0
Aelia acuminata,0,Not Found,Unknown,Unknown,Animalia,Arthropoda,Insecta,Hemiptera,Pentatomidae,Aelia,0,0,0,0,0,0,0,0,0,0,0,0,0,0,0,0,0,1,0,0
Trifolium campestre,0,Not Found,Unknown,Unknown,Plantae,Tracheophyta,Magnoliopsida,Fabales,Fabaceae,Trifolium,0,0,0,0,2,2,0,0,0,0,0,0,0,0,0,0,0,0,0,0
Scrophularia auriculata,0,5771354,Least Concern,Stable,Plantae,Tracheophyta,Magnoliopsida,Lamiales,Scrophulariaceae,Scrophularia,0,0,1,0,0,0,0,0,0,0,0,0,0,0,0,0,0,0,0,0
Dinocampus coccinellae,0,Not Found,Unknown,Unknown,Animalia,Arthropoda,Insecta,Hymenoptera,Braconidae,Dinocampus,0,1,0,0,0,0,0,0,0,0,0,0,0,0,0,0,0,0,0,0
Bufo bufo,0,200188858,Least Concern,Decreasing,Animalia,Chordata,Amphibia,Anura,Bufonidae,Bufo,0,0,0,0,0,0,0,5,0,0,2,3,0,0,0,0,0,0,1,0
Aegithalos caudatus,0,264587236,Least Concern,Stable,Animalia,Chordata,Aves,Passeriformes,Aegithalidae,Aegithalos,0,0,0,0,0,0,0,0,2,1,0,0,0,1,0,0,0,0,0,0
Viscum album,0,2766017,Least Concern,Stable,Plantae,Tracheophyta,Magnoliopsida,Santalales,Viscaceae,Viscum,0,0,0,0,1,1,0,0,0,0,0,0,0,0,0,0,0,0,0,0
Calystegia sepium,0,78457032,Least Concern,Unknown,Plantae,Tracheophyta,Magnoliopsida,Solanales,Convolvulaceae,Calystegia,0,0,0,2,8,1,0,0,0,0,0,0,0,0,0,0,0,0,0,0
Centaurea cyanus,0,51180112,Least Concern,Decreasing,Plantae,Tracheophyta,Magnoliopsida,Asterales,Asteraceae,Centaurea,0,0,0,0,0,0,0,0,0,0,0,0,1,0,0,0,0,0,0,0
Alopecurus pratensis,0,7239556,Least Concern,Unknown,Plantae,Tracheophyta,Liliopsida,Poales,Poaceae,Alopecurus,0,0,0,2,0,0,0,0,0,0,0,0,0,0,0,0,0,0,0,0
Urtica urens,0,2766205,Least Concern,Decreasing,Plantae,Tracheophyta,Magnoliopsida,Rosales,Urticaceae,Urtica,0,0,0,0,1,0,0,0,0,0,0,0,0,0,0,0,0,0,0,0
Taxus baccata,0,95808896,Least Concern,Increasing,Plantae,Tracheophyta,Pinopsida,Pinales,Taxaceae,Taxus,0,0,0,0,0,1,0,0,0,0,0,0,0,0,0,0,0,0,0,0
Sciurus vulgaris,0,221731049,Least Concern,Unknown,Animalia,Chordata,Mammalia,Rodentia,Sciuridae,Sciurus,0,0,2,0,0,1,0,0,0,0,0,0,0,1,1,0,1,0,0,0
Oxybasis glauca,0,Not Found,Unknown,Unknown,Plantae,Tracheophyta,Magnoliopsida,Caryophyllales,Amaranthaceae,Oxybasis,0,0,0,0,3,1,0,0,0,0,0,0,0,0,0,0,0,0,0,0
Papaver somniferum,0,2764773,Least Concern,Stable,Plantae,Tracheophyta,Magnoliopsida,Ranunculales,Papaveraceae,Papaver,0,0,0,0,0,0,0,0,0,0,0,0,0,0,0,1,0,0,0,0
Verbena officinalis,0,1040163,Least Concern,Stable,Plantae,Tracheophyta,Magnoliopsida,Lamiales,Verbenaceae,Verbena,0,0,0,0,1,0,0,0,0,0,0,0,0,0,0,0,0,0,0,0
Stellaria aquatica,0,Not Found,Unknown,Unknown,Plantae,Tracheophyta,Magnoliopsida,Caryophyllales,Caryophyllaceae,Stellaria,0,0,0,0,1,0,0,0,0,0,0,0,0,0,0,0,0,0,0,0
Galinsoga quadriradiata,0,Not Found,Unknown,Unknown,Plantae,Tracheophyta,Magnoliopsida,Asterales,Asteraceae,Galinsoga,0,0,0,0,0,1,0,0,0,0,0,0,0,0,0,0,0,0,0,0
Luzula forsteri,0,Not Found,Unknown,Unknown,Plantae,Tracheophyta,Liliopsida,Poales,Juncaceae,Luzula,0,0,0,3,0,0,0,0,0,0,0,0,0,0,0,0,1,0,0,0
Stachys sylvatica,0,Not Found,Unknown,Unknown,Plantae,Tracheophyta,Magnoliopsida,Lamiales,Lamiaceae,Stachys,0,0,0,0,0,0,0,0,0,0,0,0,1,0,0,1,0,0,0,1
Dendroctonus micans,0,Not Found,Unknown,Unknown,Animalia,Arthropoda,Insecta,Coleoptera,Curculionidae,Dendroctonus,0,1,0,0,0,0,0,0,0,0,0,0,0,0,0,0,0,0,0,0
Salticus scenicus,0,Not Found,Unknown,Unknown,Animalia,Arthropoda,Arachnida,Araneae,Salticidae,Salticus,0,0,0,0,0,1,0,0,0,0,0,0,0,0,0,0,0,0,0,0
Zicrona caerulea,0,Not Found,Unknown,Unknown,Animalia,Arthropoda,Insecta,Hemiptera,Pentatomidae,Zicrona,0,0,2,0,0,0,0,0,0,0,0,0,0,0,0,0,0,0,0,0
Emberiza schoeniclus,0,166426048,Least Concern,Decreasing,Animalia,Chordata,Aves,Passeriformes,Emberizidae,Emberiza,0,0,0,0,0,0,0,0,1,0,0,0,0,0,1,0,0,0,0,0
Geranium macrorrhizum,0,Not Found,Unknown,Unknown,Plantae,Tracheophyta,Magnoliopsida,Geraniales,Geraniaceae,Geranium,0,0,0,0,0,0,0,0,0,0,0,0,0,0,2,0,0,0,0,0
Phleum pratense,0,7226408,Least Concern,Unknown,Plantae,Tracheophyta,Liliopsida,Poales,Poaceae,Phleum,0,0,0,0,0,1,0,0,0,0,0,0,0,0,0,0,0,0,0,0
Stellaria media,1,2758351,Least Concern,Stable,Plantae,Tracheophyta,Magnoliopsida,Caryophyllales,Caryophyllaceae,Stellaria,0,0,0,1,0,1,0,0,0,0,0,0,0,0,0,0,0,0,0,0
Agrostis gigantea,1,Not Found,Unknown,Unknown,Plantae,Tracheophyta,Liliopsida,Poales,Poaceae,Agrostis,0,0,0,0,0,1,0,0,0,0,0,0,0,0,0,0,0,0,0,0
Hordeum vulgare,0,6824840,Least Concern,Increasing,Plantae,Tracheophyta,Liliopsida,Poales,Poaceae,Hordeum,0,0,0,0,0,0,0,0,0,0,0,0,0,0,0,0,0,1,0,0
Lamium album,0,2762544,Least Concern,Stable,Plantae,Tracheophyta,Magnoliopsida,Lamiales,Lamiaceae,Lamium,0,0,0,2,2,2,0,0,0,0,0,0,0,0,0,0,0,0,0,0
Cotinus coggygria,1,119996147,Least Concern,Stable,Plantae,Tracheophyta,Magnoliopsida,Sapindales,Anacardiaceae,Cotinus,0,0,0,0,0,0,0,0,0,0,0,0,0,0,0,0,0,1,0,0
Circus aeruginosus,0,210508502,Least Concern,Decreasing,Animalia,Chordata,Aves,Accipitriformes,Accipitridae,Circus,0,0,0,0,0,0,0,0,0,0,0,0,0,0,0,0,0,0,1,0
Jacobaea vulgaris,0,Not Found,Unknown,Unknown,Plantae,Tracheophyta,Magnoliopsida,Asterales,Asteraceae,Jacobaea,0,0,0,1,1,1,0,0,0,0,0,0,0,1,0,0,0,0,0,0
Sonchus arvensis,0,Not Found,Unknown,Unknown,Plantae,Tracheophyta,Magnoliopsida,Asterales,Asteraceae,Sonchus,0,0,0,1,3,1,0,0,0,0,0,0,0,0,0,0,0,0,0,0
Phalaris arundinacea,1,1021826,Least Concern,Unknown,Plantae,Tracheophyta,Liliopsida,Poales,Poaceae,Phalaris,0,0,0,0,0,0,0,0,0,0,0,0,0,0,0,1,0,0,0,0
Nuphar lutea,0,42398895,Least Concern,Stable,Plantae,Tracheophyta,Magnoliopsida,Nymphaeales,Nymphaeaceae,Nuphar,0,0,1,0,0,0,0,0,0,0,0,0,0,0,0,0,0,0,0,0
Clanoptilus marginellus,0,Not Found,Unknown,Unknown,Animalia,Arthropoda,Insecta,Coleoptera,Malachiidae,Clanoptilus,0,3,0,0,0,0,0,0,0,0,0,0,0,0,0,0,0,0,0,0
Columba palumbus,0,166231450,Least Concern,Increasing,Animalia,Chordata,Aves,Columbiformes,Columbidae,Columba,0,0,0,0,0,0,0,0,8,7,0,0,0,1,2,0,5,4,0,0
Elymus repens,0,Not Found,Unknown,Unknown,Plantae,Tracheophyta,Liliopsida,Poales,Poaceae,Elymus,0,0,0,0,3,0,0,0,0,0,0,0,0,0,0,0,0,0,0,0
Adalia decempunctata,0,Not Found,Unknown,Unknown,Animalia,Arthropoda,Insecta,Coleoptera,Coccinellidae,Adalia,0,0,2,0,0,0,0,0,0,0,0,0,0,0,0,0,0,1,0,0
Polyommatus icarus,0,211430492,Least Concern,Decreasing,Animalia,Arthropoda,Insecta,Lepidoptera,Lycaenidae,Polyommatus,0,0,0,0,0,1,0,0,0,0,0,0,0,0,0,1,0,0,0,0
Turdus pilaris,0,264547173,Least Concern,Stable,Animalia,Chordata,Aves,Passeriformes,Turdidae,Turdus,0,0,0,0,0,0,0,0,2,0,0,0,0,2,1,0,0,1,0,0
Dryopteris carthusiana,0,85424377,Least Concern,Stable,Plantae,Tracheophyta,Polypodiopsida,Polypodiales,Dryopteridaceae,Dryopteris,1,0,0,1,0,0,1,0,1,0,2,0,0,1,0,1,0,0,0,0
Xestobium rufovillosum,0,Not Found,Unknown,Unknown,Animalia,Arthropoda,Insecta,Coleoptera,Anobiidae,Xestobium,0,0,1,0,0,0,0,0,0,0,0,0,0,0,0,0,0,0,0,0
Autographa gamma,0,Not Found,Unknown,Unknown,Animalia,Arthropoda,Insecta,Lepidoptera,Noctuidae,Autographa,0,0,0,0,0,0,0,0,0,0,0,0,0,0,0,0,0,0,2,0
Carex leporina,0,5717210,Least Concern,Unknown,Plantae,Tracheophyta,Liliopsida,Poales,Cyperaceae,Carex,0,0,0,0,0,1,0,0,0,0,0,0,0,0,0,0,0,0,0,0
Palomena prasina,0,Not Found,Unknown,Unknown,Animalia,Arthropoda,Insecta,Hemiptera,Pentatomidae,Palomena,0,0,0,0,0,0,0,0,0,0,0,0,0,0,0,1,0,1,0,1
Geranium dissectum,0,Not Found,Unknown,Unknown,Plantae,Tracheophyta,Magnoliopsida,Geraniales,Geraniaceae,Geranium,0,0,0,3,2,1,0,0,0,0,0,0,0,0,0,0,0,0,0,0
Cydonia oblonga,0,61611931,Least Concern,Unknown,Plantae,Tracheophyta,Magnoliopsida,Rosales,Rosaceae,Cydonia,0,0,0,0,0,0,0,0,0,0,0,0,0,0,0,0,0,1,0,0
Eristalis pertinax,0,152281614,Least Concern,Stable,Animalia,Arthropoda,Insecta,Diptera,Syrphidae,Eristalis,0,0,0,0,0,0,0,0,0,0,0,0,0,0,0,0,0,0,1,1
Centaurea scabiosa,0,Not Found,Unknown,Unknown,Plantae,Tracheophyta,Magnoliopsida,Asterales,Asteraceae,Centaurea,0,0,0,1,0,0,0,0,0,0,0,0,0,0,0,0,0,0,0,0
Fraxinus excelsior,0,67807718,Near Threatened,Decreasing,Plantae,Tracheophyta,Magnoliopsida,Lamiales,Oleaceae,Fraxinus,0,0,0,2,3,2,1,0,2,0,0,0,0,0,1,0,0,0,0,0
Corvus corone,0,264543876,Least Concern,Stable,Animalia,Chordata,Aves,Passeriformes,Corvidae,Corvus,0,0,0,0,0,0,0,0,2,0,0,0,0,1,1,2,2,1,0,0
Datura stramonium,0,Not Found,Unknown,Unknown,Plantae,Tracheophyta,Magnoliopsida,Solanales,Solanaceae,Datura,0,0,0,0,1,0,0,0,0,0,0,0,0,0,0,0,0,0,0,0
Sylvia communis,0,Not Found,Unknown,Unknown,Animalia,Chordata,Aves,Passeriformes,Sylviidae,Sylvia,0,0,0,0,0,0,0,0,0,0,0,0,0,0,2,0,0,0,0,0
Accipiter nisus,0,210499136,Least Concern,Unknown,Animalia,Chordata,Aves,Accipitriformes,Accipitridae,Accipiter,0,0,0,0,0,0,0,0,0,0,0,0,1,0,0,0,0,0,0,0
Potentilla reptans,0,Not Found,Unknown,Unknown,Plantae,Tracheophyta,Magnoliopsida,Rosales,Rosaceae,Potentilla,0,0,0,2,1,0,0,0,0,0,0,0,0,0,0,0,0,0,0,0
Cyanistes caeruleus,0,264532201,Least Concern,Stable,Animalia,Chordata,Aves,Passeriformes,Paridae,Cyanistes,0,0,0,0,0,0,0,0,14,11,0,0,1,0,1,0,2,4,0,0
Picus viridis,0,264587872,Least Concern,Stable,Animalia,Chordata,Aves,Piciformes,Picidae,Picus,0,0,0,0,0,0,0,0,6,1,0,0,0,0,1,0,2,1,0,0
Geotrupes spiniger,0,Not Found,Unknown,Unknown,Animalia,Arthropoda,Insecta,Coleoptera,Geotrupidae,Geotrupes,0,4,0,0,0,0,0,0,0,0,0,0,0,0,0,0,0,0,0,0
Sus scrofa,1,215861797,Least Concern,Increasing,Animalia,Chordata,Mammalia,Artiodactyla,Suidae,Sus,0,0,0,0,0,0,0,0,0,0,0,0,0,1,1,0,0,0,0,0
Sympetrum striolatum,0,208822454,Least Concern,Stable,Animalia,Arthropoda,Insecta,Odonata,Libellulidae,Sympetrum,0,0,0,0,0,0,0,0,0,0,0,0,0,0,1,0,0,0,0,0
Epilobium montanum,0,Not Found,Unknown,Unknown,Plantae,Tracheophyta,Magnoliopsida,Myrtales,Onagraceae,Epilobium,0,0,0,0,1,0,0,0,0,0,0,0,0,0,0,0,0,0,0,0
Lissotriton vulgaris,0,229006372,Least Concern,Stable,Animalia,Chordata,Amphibia,Caudata,Salamandridae,Lissotriton,0,0,0,0,0,0,0,0,0,0,1,0,0,0,0,0,1,0,0,0
Asplenium ruta-muraria,0,83504118,Least Concern,Stable,Plantae,Tracheophyta,Polypodiopsida,Polypodiales,Aspleniaceae,Asplenium,0,0,0,2,2,1,0,0,0,0,0,0,0,0,0,0,0,0,0,0
Verbascum thapsus,1,2766139,Least Concern,Unknown,Plantae,Tracheophyta,Magnoliopsida,Lamiales,Scrophulariaceae,Verbascum,0,0,0,1,0,0,0,0,0,0,0,0,0,0,0,0,0,0,0,0
Vespa crabro,0,Not Found,Unknown,Unknown,Animalia,Arthropoda,Insecta,Hymenoptera,Vespidae,Vespa,0,0,0,0,0,0,0,0,0,0,0,0,0,0,0,1,0,0,2,0
Prunus cerasifera,0,19401052,Data Deficient,Unknown,Plantae,Tracheophyta,Magnoliopsida,Rosales,Rosaceae,Prunus,0,0,0,0,0,0,0,0,0,0,0,0,0,0,0,1,0,0,0,0
Alopecurus myosuroides,0,Not Found,Unknown,Unknown,Plantae,Tracheophyta,Liliopsida,Poales,Poaceae,Alopecurus,0,0,0,2,0,0,0,0,0,0,0,0,0,0,1,0,1,0,0,0
Digitaria sanguinalis,0,Not Found,Unknown,Unknown,Plantae,Tracheophyta,Liliopsida,Poales,Poaceae,Digitaria,0,0,0,0,0,1,0,0,0,0,0,0,0,0,0,0,0,0,0,0
Columba livia,1,166230154,Least Concern,Unknown,Animalia,Chordata,Aves,Columbiformes,Columbidae,Columba,0,0,0,0,0,0,0,0,0,0,0,0,0,0,0,1,0,0,0,0
Oniscus asellus,0,Not Found,Unknown,Unknown,Animalia,Arthropoda,Malacostraca,Isopoda,Oniscidae,Oniscus,0,0,0,0,0,0,0,0,0,0,0,0,0,0,0,0,0,0,1,0
Callitriche stagnalis,0,42336259,Least Concern,Stable,Plantae,Tracheophyta,Magnoliopsida,Lamiales,Plantaginaceae,Callitriche,0,0,0,0,0,1,0,0,0,0,0,0,0,0,0,0,0,0,0,0
Achillea filipendulina,0,Not Found,Unknown,Unknown,Plantae,Tracheophyta,Magnoliopsida,Asterales,Asteraceae,Achillea,0,0,0,0,0,0,0,0,0,0,0,0,0,0,0,1,2,0,0,0
Galium aparine,0,2765924,Least Concern,Stable,Plantae,Tracheophyta,Magnoliopsida,Gentianales,Rubiaceae,Galium,0,0,0,2,2,1,0,0,2,0,0,0,0,0,1,0,0,0,0,0
Apis mellifera,0,42463665,Data Deficient,Unknown,Animalia,Arthropoda,Insecta,Hymenoptera,Apidae,Apis,0,0,0,0,0,0,0,0,0,0,0,0,0,0,0,0,0,0,1,0
Typha latifolia,1,84300723,Least Concern,Stable,Plantae,Tracheophyta,Liliopsida,Poales,Typhaceae,Typha,0,0,4,1,0,0,0,0,0,0,0,0,0,0,0,0,0,0,0,0
Coccinella septempunctata,0,Not Found,Unknown,Unknown,Animalia,Arthropoda,Insecta,Coleoptera,Coccinellidae,Coccinella,0,0,0,0,0,0,0,0,0,0,0,0,0,0,0,0,0,1,0,0
Bromus hordeaceus,0,Not Found,Unknown,Unknown,Plantae,Tracheophyta,Liliopsida,Poales,Poaceae,Bromus,0,0,0,2,1,0,0,0,0,0,0,0,0,0,0,0,0,0,0,0
Geum urbanum,0,2765446,Least Concern,Stable,Plantae,Tracheophyta,Magnoliopsida,Rosales,Rosaceae,Geum,0,0,0,1,0,1,0,0,1,0,0,0,0,1,0,0,0,0,0,0
Pterostichus oblongopunctatus,0,Not Found,Unknown,Unknown,Animalia,Arthropoda,Insecta,Coleoptera,Carabidae,Pterostichus,0,0,0,0,0,0,0,0,0,0,0,0,0,0,0,0,0,0,2,0
Himacerus major,0,Not Found,Unknown,Unknown,Animalia,Arthropoda,Insecta,Hemiptera,Nabidae,Himacerus,0,0,1,1,0,0,0,0,0,0,0,0,0,0,0,0,0,0,0,0
Erithacus rubecula,0,166350059,Least Concern,Stable,Animalia,Chordata,Aves,Passeriformes,Muscicapidae,Erithacus,0,0,0,0,0,0,0,0,12,8,1,0,1,1,1,0,5,4,0,0
Fallopia baldschuanica,0,Not Found,Unknown,Unknown,Plantae,Tracheophyta,Magnoliopsida,Caryophyllales,Polygonaceae,Fallopia,0,0,0,0,0,1,0,0,0,0,0,0,0,0,0,0,0,0,0,0
Scrophularia nodosa,0,2766029,Least Concern,Stable,Plantae,Tracheophyta,Magnoliopsida,Lamiales,Scrophulariaceae,Scrophularia,0,0,0,0,0,0,0,0,1,0,0,0,0,1,0,0,0,0,0,0
Castanea sativa,0,67740523,Least Concern,Stable,Plantae,Tracheophyta,Magnoliopsida,Fagales,Fagaceae,Castanea,0,0,0,0,0,0,0,0,1,0,0,0,0,0,0,0,0,0,0,0
Vicia sepium,0,1429075,Least Concern,Stable,Plantae,Tracheophyta,Magnoliopsida,Fabales,Fabaceae,Vicia,0,0,0,0,0,2,0,0,0,0,0,0,0,0,0,0,0,0,0,0
Paris quadrifolia,0,2764379,Least Concern,Decreasing,Plantae,Tracheophyta,Liliopsida,Liliales,Melanthiaceae,Paris,0,0,0,1,0,0,0,0,0,0,0,0,1,0,0,0,0,0,0,0
Arctium minus,0,Not Found,Unknown,Unknown,Plantae,Tracheophyta,Magnoliopsida,Asterales,Asteraceae,Arctium,0,0,0,0,0,1,0,0,0,0,0,0,0,0,0,0,0,0,0,0
Motacilla flava,0,221311302,Least Concern,Decreasing,Animalia,Chordata,Aves,Passeriformes,Motacillidae,Motacilla,0,0,0,0,0,0,0,0,0,0,0,0,0,0,1,0,1,0,0,0
Coremacera marginata,0,Not Found,Unknown,Unknown,Animalia,Arthropoda,Insecta,Diptera,Sciomyzidae,Coremacera,0,1,0,0,0,0,0,0,0,0,0,0,0,0,0,0,0,0,0,0
Parus major,0,264577711,Least Concern,Stable,Animalia,Chordata,Aves,Passeriformes,Paridae,Parus,0,0,0,0,0,0,0,0,10,13,0,0,1,1,0,0,3,4,0,0
Holcus lanatus,1,Not Found,Unknown,Unknown,Plantae,Tracheophyta,Liliopsida,Poales,Poaceae,Holcus,0,0,0,3,3,2,0,0,0,0,0,0,0,0,0,0,0,0,0,0
Cornus sanguinea,0,Not Found,Unknown,Unknown,Plantae,Tracheophyta,Magnoliopsida,Cornales,Cornaceae,Cornus,0,0,0,0,1,2,0,0,0,0,0,0,0,1,0,0,0,1,0,0
Lasiocampa quercus,0,Not Found,Unknown,Unknown,Animalia,Arthropoda,Insecta,Lepidoptera,Lasiocampidae,Lasiocampa,0,0,0,0,0,0,0,0,0,0,0,0,0,0,0,0,0,0,1,0
Ajuga reptans,0,Not Found,Unknown,Unknown,Plantae,Tracheophyta,Magnoliopsida,Lamiales,Lamiaceae,Ajuga,0,0,0,0,0,1,0,0,0,0,0,0,0,1,0,0,1,0,0,0
Viburnum tinus,0,121076349,Least Concern,Stable,Plantae,Tracheophyta,Magnoliopsida,Dipsacales,Viburnaceae,Viburnum,0,0,0,0,0,0,0,0,0,0,0,0,0,0,0,0,0,1,0,0
Epilobium tetragonum,0,5836260,Least Concern,Stable,Plantae,Tracheophyta,Magnoliopsida,Myrtales,Onagraceae,Epilobium,0,0,0,0,3,0,0,0,0,0,0,0,0,0,0,0,0,0,0,0
Maniola jurtina,0,211385883,Least Concern,Increasing,Animalia,Arthropoda,Insecta,Lepidoptera,Nymphalidae,Maniola,0,0,0,0,0,3,0,0,0,0,0,0,0,1,0,0,0,0,3,0
Dryopteris borreri,0,84789468,Least Concern,Stable,Plantae,Tracheophyta,Polypodiopsida,Polypodiales,Dryopteridaceae,Dryopteris,0,0,0,0,0,0,0,0,1,0,0,0,0,0,0,0,0,0,0,0
Prunella vulgaris,0,78457152,Least Concern,Unknown,Plantae,Tracheophyta,Magnoliopsida,Lamiales,Lamiaceae,Prunella,0,0,0,0,2,1,0,0,0,0,0,0,0,0,0,0,0,0,1,0
Dryocopus martius,0,264542554,Least Concern,Decreasing,Animalia,Chordata,Aves,Piciformes,Picidae,Dryocopus,0,0,0,0,0,0,0,0,0,0,0,0,0,1,1,0,0,0,0,0
Petroselinum crispum,0,Not Found,Unknown,Unknown,Plantae,Tracheophyta,Magnoliopsida,Apiales,Apiaceae,Petroselinum,0,0,0,0,0,0,0,0,0,0,0,0,0,0,0,1,0,0,0,0
Dorcus parallelipipedus,0,5120866,Least Concern,Stable,Animalia,Arthropoda,Insecta,Coleoptera,Lucanidae,Dorcus,0,0,0,0,0,0,0,0,0,0,0,0,0,0,0,0,0,0,0,1
Crataegus laevigata,0,68082745,Least Concern,Stable,Plantae,Tracheophyta,Magnoliopsida,Rosales,Rosaceae,Crataegus,0,0,0,0,0,0,0,0,0,0,0,0,0,0,0,1,0,0,0,0
Poterium sanguisorba,0,Not Found,Unknown,Unknown,Plantae,Tracheophyta,Magnoliopsida,Rosales,Rosaceae,Poterium,0,0,0,0,1,0,0,0,0,0,0,0,0,0,0,0,0,0,0,0
Arrhenatherum elatius,0,7240670,Least Concern,Stable,Plantae,Tracheophyta,Liliopsida,Poales,Poaceae,Arrhenatherum,0,0,0,1,3,1,0,0,0,0,0,0,0,1,0,0,0,0,0,0
Kickxia elatine,0,Not Found,Unknown,Unknown,Plantae,Tracheophyta,Magnoliopsida,Lamiales,Plantaginaceae,Kickxia,0,0,0,0,0,1,0,0,0,0,0,0,0,0,0,0,0,0,0,0
Leptophyes punctatissima,0,74526293,Least Concern,Increasing,Animalia,Arthropoda,Insecta,Orthoptera,Tettigoniidae,Leptophyes,0,0,0,0,0,0,0,0,0,0,0,0,0,1,0,0,0,0,0,0
Veronica arvensis,0,Not Found,Unknown,Unknown,Plantae,Tracheophyta,Magnoliopsida,Lamiales,Plantaginaceae,Veronica,0,0,0,2,1,0,0,0,0,0,0,0,0,0,0,0,1,0,0,0
Chelidurella acanthopygia,0,Not Found,Unknown,Unknown,Animalia,Arthropoda,Insecta,Dermaptera,Forficulidae,Chelidurella,0,0,0,0,0,0,0,0,0,0,0,0,0,0,0,0,0,0,1,0
Convolvulus arvensis,0,Not Found,Unknown,Unknown,Plantae,Tracheophyta,Magnoliopsida,Solanales,Convolvulaceae,Convolvulus,0,0,0,0,2,2,0,0,0,0,0,0,0,0,0,0,0,0,0,0
Oxybasis rubra,0,Not Found,Unknown,Unknown,Plantae,Tracheophyta,Magnoliopsida,Caryophyllales,Amaranthaceae,Oxybasis,0,0,0,0,0,1,0,0,0,0,0,0,0,0,0,0,0,0,0,0
Galium odoratum,0,2765930,Least Concern,Decreasing,Plantae,Tracheophyta,Magnoliopsida,Gentianales,Rubiaceae,Galium,0,0,0,0,0,0,0,0,0,0,1,0,1,0,0,0,0,0,1,0
Discus rotundatus,0,1318796,Least Concern,Stable,Animalia,Mollusca,Gastropoda,Stylommatophora,Discidae,Discus,0,0,0,0,0,1,0,0,0,0,0,0,0,0,0,0,0,0,0,0
Hypochaeris radicata,1,Not Found,Unknown,Unknown,Plantae,Tracheophyta,Magnoliopsida,Asterales,Asteraceae,Hypochaeris,0,0,0,3,3,2,0,0,0,0,0,0,0,0,0,0,0,0,0,0
Silene flos-cuculi,0,Not Found,Unknown,Unknown,Plantae,Tracheophyta,Magnoliopsida,Caryophyllales,Caryophyllaceae,Silene,0,0,0,0,0,1,0,0,0,0,0,0,0,0,0,0,0,0,0,0
Sambucus ebulus,0,2758237,Least Concern,Stable,Plantae,Tracheophyta,Magnoliopsida,Dipsacales,Viburnaceae,Sambucus,0,0,0,0,0,1,0,0,0,0,0,0,0,0,0,0,0,0,0,0
Vanessa atalanta,0,211395048,Least Concern,Increasing,Animalia,Arthropoda,Insecta,Lepidoptera,Nymphalidae,Vanessa,0,0,0,0,0,0,0,0,0,0,0,0,0,1,2,1,0,1,0,0
Bryonia cretica,0,Not Found,Unknown,Unknown,Plantae,Tracheophyta,Magnoliopsida,Cucurbitales,Cucurbitaceae,Bryonia,0,0,0,1,1,0,0,0,0,0,0,0,0,0,0,0,0,0,0,0
Sisymbrium officinale,0,2758495,Least Concern,Stable,Plantae,Tracheophyta,Magnoliopsida,Brassicales,Brassicaceae,Sisymbrium,0,0,0,1,2,2,0,0,0,0,0,0,0,0,0,0,0,0,0,0
Artemisia dracunculus,0,Not Found,Unknown,Unknown,Plantae,Tracheophyta,Magnoliopsida,Asterales,Asteraceae,Artemisia,0,0,0,0,0,0,0,0,0,0,0,0,0,0,0,0,0,1,0,0
Leycesteria formosa,0,Not Found,Unknown,Unknown,Plantae,Tracheophyta,Magnoliopsida,Dipsacales,Caprifoliaceae,Leycesteria,0,0,0,0,0,0,0,0,0,0,0,0,0,0,0,0,1,0,0,0
Euphorbia helioscopia,0,Not Found,Unknown,Unknown,Plantae,Tracheophyta,Magnoliopsida,Malpighiales,Euphorbiaceae,Euphorbia,0,0,0,0,2,1,0,0,0,0,0,0,0,0,1,0,0,0,0,0
Aglais io,0,211393858,Least Concern,Increasing,Animalia,Arthropoda,Insecta,Lepidoptera,Nymphalidae,Aglais,0,0,0,0,0,1,0,0,0,0,0,0,0,0,2,1,0,0,2,0
Phoenicurus phoenicurus,0,264539269,Least Concern,Increasing,Animalia,Chordata,Aves,Passeriformes,Muscicapidae,Phoenicurus,0,0,0,0,0,0,0,0,2,0,0,0,0,0,0,0,0,0,0,0
Stachys byzantina,0,Not Found,Unknown,Unknown,Plantae,Tracheophyta,Magnoliopsida,Lamiales,Lamiaceae,Stachys,0,0,0,0,0,0,0,0,0,0,0,0,0,0,0,3,0,0,0,0
Phasia hemiptera,0,Not Found,Unknown,Unknown,Animalia,Arthropoda,Insecta,Diptera,Tachinidae,Phasia,0,0,0,0,0,0,0,0,0,0,0,0,0,0,0,0,0,1,0,0
Anemone nemorosa,0,Not Found,Unknown,Unknown,Plantae,Tracheophyta,Magnoliopsida,Ranunculales,Ranunculaceae,Anemone,0,0,0,6,0,0,0,0,1,0,0,0,1,0,0,0,0,0,0,0
Sedum acre,0,2758471,Least Concern,Stable,Plantae,Tracheophyta,Magnoliopsida,Saxifragales,Crassulaceae,Sedum,0,0,0,0,0,1,0,0,0,0,0,0,0,0,0,0,0,0,0,0
Lemna trisulca,0,84289752,Least Concern,Stable,Plantae,Tracheophyta,Liliopsida,Alismatales,Araceae,Lemna,0,0,0,0,0,1,0,0,0,0,0,0,0,0,0,0,0,0,0,0
Cruciata laevipes,0,Not Found,Unknown,Unknown,Plantae,Tracheophyta,Magnoliopsida,Gentianales,Rubiaceae,Cruciata,0,0,0,0,0,1,0,0,0,0,0,0,0,0,0,1,1,0,0,0
Aethusa cynapium,0,Not Found,Unknown,Unknown,Plantae,Tracheophyta,Magnoliopsida,Apiales,Apiaceae,Aethusa,0,0,0,0,2,1,0,0,0,0,0,0,0,0,1,0,0,0,0,0
Lolium arundinaceum,0,Not Found,Unknown,Unknown,Plantae,Tracheophyta,Liliopsida,Poales,Poaceae,Lolium,0,0,0,2,6,2,0,0,0,0,0,0,0,0,0,0,0,0,0,0
Reynoutria japonica,0,Not Found,Unknown,Unknown,Plantae,Tracheophyta,Magnoliopsida,Caryophyllales,Polygonaceae,Reynoutria,0,0,0,1,1,0,0,0,0,0,0,0,0,0,0,0,0,0,0,0
Cirsium vulgare,1,Not Found,Unknown,Unknown,Plantae,Tracheophyta,Magnoliopsida,Asterales,Asteraceae,Cirsium,0,0,0,2,2,2,0,0,0,0,0,0,0,0,0,0,0,0,0,0
Aphantopus hyperantus,0,211412108,Least Concern,Decreasing,Animalia,Arthropoda,Insecta,Lepidoptera,Nymphalidae,Aphantopus,0,0,0,0,0,0,0,0,0,0,0,0,0,1,1,0,0,0,0,0
Prunus avium,0,50673544,Least Concern,Stable,Plantae,Tracheophyta,Magnoliopsida,Rosales,Rosaceae,Prunus,1,0,0,0,2,1,0,0,1,0,0,0,0,1,0,0,0,0,0,0
Cardamine flexuosa,1,Not Found,Unknown,Unknown,Plantae,Tracheophyta,Magnoliopsida,Brassicales,Brassicaceae,Cardamine,0,0,0,1,0,0,0,0,0,0,0,0,0,0,0,0,0,0,0,0
Lozotaeniodes formosana,0,Not Found,Unknown,Unknown,Animalia,Arthropoda,Insecta,Lepidoptera,Tortricidae,Lozotaeniodes,0,2,0,0,0,0,0,0,0,0,0,0,0,0,0,0,0,0,0,0
Juncus bulbosus,0,42392941,Least Concern,Stable,Plantae,Tracheophyta,Liliopsida,Poales,Juncaceae,Juncus,0,0,0,0,0,1,0,0,0,0,0,0,0,0,0,0,0,0,0,0
Mirabilis jalapa,0,Not Found,Unknown,Unknown,Plantae,Tracheophyta,Magnoliopsida,Caryophyllales,Nyctaginaceae,Mirabilis,0,0,0,0,0,0,0,0,0,0,0,0,0,1,0,0,0,0,0,0
Beris vallata,0,Not Found,Unknown,Unknown,Animalia,Arthropoda,Insecta,Diptera,Stratiomyidae,Beris,0,0,0,0,0,0,0,4,0,0,0,0,0,0,0,0,0,0,0,0
Agriphila tristellus,0,Not Found,Unknown,Unknown,Animalia,Arthropoda,Insecta,Lepidoptera,Crambidae,Agriphila,0,0,0,0,0,0,0,0,0,0,0,0,0,0,0,0,0,0,1,0
Ambrosia artemisiifolia,1,Not Found,Unknown,Unknown,Plantae,Tracheophyta,Magnoliopsida,Asterales,Asteraceae,Ambrosia,0,0,0,0,0,0,0,0,0,0,0,0,0,0,0,0,1,0,0,0
Myriophyllum aquaticum,1,Not Found,Unknown,Unknown,Plantae,Tracheophyta,Magnoliopsida,Saxifragales,Haloragaceae,Myriophyllum,0,0,0,1,0,0,0,0,0,0,0,0,0,0,0,0,0,0,0,0
Galium album,0,Not Found,Unknown,Unknown,Plantae,Tracheophyta,Magnoliopsida,Gentianales,Rubiaceae,Galium,0,0,0,0,0,0,0,0,0,0,0,0,0,1,0,0,0,0,0,0
Rumex acetosa,0,Not Found,Unknown,Unknown,Plantae,Tracheophyta,Magnoliopsida,Caryophyllales,Polygonaceae,Rumex,0,0,0,0,1,1,0,0,0,0,0,0,0,1,0,0,1,0,0,0
Chloris chloris,0,166412593,Least Concern,Decreasing,Unknown,Unknown,Unknown,Unknown,Unknown,Unknown,0,0,0,0,0,0,0,0,15,11,1,0,0,0,1,0,0,3,0,0
Holcus mollis,0,Not Found,Unknown,Unknown,Plantae,Tracheophyta,Liliopsida,Poales,Poaceae,Holcus,1,0,0,0,0,1,0,0,1,0,1,0,0,0,0,0,0,0,0,0
Luzula pilosa,0,Not Found,Unknown,Unknown,Plantae,Tracheophyta,Liliopsida,Poales,Juncaceae,Luzula,0,0,0,2,0,0,0,0,0,0,0,0,0,0,0,0,0,0,0,0
Rumex sanguineus,0,Not Found,Unknown,Unknown,Plantae,Tracheophyta,Magnoliopsida,Caryophyllales,Polygonaceae,Rumex,0,0,1,0,0,1,0,0,0,0,0,0,0,0,0,0,0,0,0,0
Parietaria judaica,0,Not Found,Unknown,Unknown,Plantae,Tracheophyta,Magnoliopsida,Rosales,Urticaceae,Parietaria,0,0,0,1,1,0,0,0,0,0,0,0,0,0,0,0,0,0,0,0
Periparus ater,0,264545478,Least Concern,Stable,Animalia,Chordata,Aves,Passeriformes,Paridae,Periparus,0,0,0,0,0,0,0,0,2,0,0,0,0,0,0,0,0,0,0,0
Malva moschata,0,Not Found,Unknown,Unknown,Plantae,Tracheophyta,Magnoliopsida,Malvales,Malvaceae,Malva,0,0,0,0,0,2,0,0,0,0,0,0,0,0,0,0,0,0,0,0
Centaurea jacea,0,Not Found,Unknown,Unknown,Plantae,Tracheophyta,Magnoliopsida,Asterales,Asteraceae,Centaurea,0,0,0,0,0,0,0,0,0,0,0,0,0,0,0,0,1,0,0,0
Glyceria fluitans,0,42384780,Least Concern,Stable,Plantae,Tracheophyta,Liliopsida,Poales,Poaceae,Glyceria,0,0,2,0,0,1,0,0,0,0,0,0,0,0,0,0,0,0,0,0
Euphorbia characias,0,Not Found,Unknown,Unknown,Plantae,Tracheophyta,Magnoliopsida,Malpighiales,Euphorbiaceae,Euphorbia,0,0,0,0,0,0,0,0,0,0,0,0,1,0,0,0,0,0,0,0
Pterostichus niger,0,Not Found,Unknown,Unknown,Animalia,Arthropoda,Insecta,Coleoptera,Carabidae,Pterostichus,0,0,0,0,0,0,0,0,0,0,0,0,0,0,0,0,0,0,1,0
Vulpes vulpes,1,223595579,Least Concern,Increasing,Animalia,Chordata,Mammalia,Carnivora,Canidae,Vulpes,0,0,0,0,0,0,0,0,0,0,0,0,0,1,1,1,1,0,1,0
Lycopus europaeus,0,42319751,Least Concern,Stable,Plantae,Tracheophyta,Magnoliopsida,Lamiales,Lamiaceae,Lycopus,0,0,3,0,0,2,0,0,0,0,0,0,0,0,0,0,0,0,0,0
Troglodytes troglodytes,0,199569861,Least Concern,Increasing,Animalia,Chordata,Aves,Passeriformes,Troglodytidae,Troglodytes,0,0,0,0,0,0,0,0,3,1,0,0,0,1,1,0,5,0,0,1
Micromus angulatus,0,Not Found,Unknown,Unknown,Animalia,Arthropoda,Insecta,Neuroptera,Hemerobiidae,Micromus,0,1,0,0,0,0,0,0,0,0,0,0,0,0,0,0,0,0,0,0
Prunus spinosa,0,19400568,Least Concern,Stable,Plantae,Tracheophyta,Magnoliopsida,Rosales,Rosaceae,Prunus,0,0,0,0,1,0,0,0,0,0,0,0,0,0,0,0,0,0,0,0
Rosa arvensis,0,Not Found,Unknown,Unknown,Plantae,Tracheophyta,Magnoliopsida,Rosales,Rosaceae,Rosa,0,0,0,0,0,0,0,0,1,0,0,0,0,0,0,0,0,0,0,0
Fringilla montifringilla,0,264534717,Least Concern,Decreasing,Animalia,Chordata,Aves,Passeriformes,Fringillidae,Fringilla,0,0,0,0,0,0,0,0,2,1,0,0,0,1,0,0,0,1,0,0
Buddleja davidii,1,Not Found,Unknown,Unknown,Plantae,Tracheophyta,Magnoliopsida,Lamiales,Scrophulariaceae,Buddleja,0,0,0,1,0,0,0,0,0,0,0,0,0,0,0,0,0,0,0,0
Pyronia tithonus,0,211402885,Least Concern,Decreasing,Animalia,Arthropoda,Insecta,Lepidoptera,Nymphalidae,Pyronia,0,0,0,0,0,0,0,0,0,0,0,0,0,1,0,0,0,0,0,0
Hedera helix,1,2758285,Least Concern,Stable,Plantae,Tracheophyta,Magnoliopsida,Apiales,Araliaceae,Hedera,1,0,0,2,3,0,0,0,2,0,1,0,0,0,0,2,0,0,0,0
Arion subfuscus,0,85579367,Least Concern,Stable,Animalia,Mollusca,Gastropoda,Stylommatophora,Arionidae,Arion,0,0,0,0,0,0,0,0,0,0,0,0,0,0,0,0,0,0,1,0
Persicaria hydropiper,0,42399743,Least Concern,Stable,Plantae,Tracheophyta,Magnoliopsida,Caryophyllales,Polygonaceae,Persicaria,0,0,0,0,0,1,0,0,0,0,0,0,0,0,0,0,0,0,0,0
Laurus nobilis,0,119996864,Least Concern,Decreasing,Plantae,Tracheophyta,Magnoliopsida,Laurales,Lauraceae,Laurus,0,0,0,0,0,0,0,0,0,0,0,0,0,0,0,0,1,0,0,0
Athous haemorrhoidalis,0,Not Found,Unknown,Unknown,Animalia,Arthropoda,Insecta,Coleoptera,Elateridae,Athous,0,0,1,0,0,0,0,0,0,0,0,0,0,0,0,0,0,0,0,0
Macroglossum stellatarum,0,Not Found,Unknown,Unknown,Animalia,Arthropoda,Insecta,Lepidoptera,Sphingidae,Macroglossum,0,0,0,0,0,0,0,0,0,0,0,0,0,0,0,0,0,0,1,0
Cuculus canorus,0,264553575,Least Concern,Stable,Animalia,Chordata,Aves,Cuculiformes,Cuculidae,Cuculus,0,0,0,0,0,0,0,0,0,2,0,0,0,0,0,0,0,0,0,0
Helix pomatia,0,4957463,Least Concern,Stable,Animalia,Mollusca,Gastropoda,Stylommatophora,Helicidae,Helix,0,0,0,0,0,0,0,0,0,0,0,0,0,0,0,1,0,0,0,0
Ranunculus sceleratus,0,1027583,Least Concern,Unknown,Plantae,Tracheophyta,Magnoliopsida,Ranunculales,Ranunculaceae,Ranunculus,0,0,1,0,0,0,0,0,0,0,0,0,0,0,0,0,0,0,0,1
Plantago lanceolata,0,2764827,Least Concern,Stable,Plantae,Tracheophyta,Magnoliopsida,Lamiales,Plantaginaceae,Plantago,0,0,0,2,3,1,0,0,0,0,0,0,0,1,1,0,0,0,0,0
Lunaria annua,0,Not Found,Unknown,Unknown,Plantae,Tracheophyta,Magnoliopsida,Brassicales,Brassicaceae,Lunaria,0,0,0,1,0,0,0,0,0,0,0,0,0,0,0,0,0,0,0,0
Lemna minuta,0,67729952,Least Concern,Unknown,Plantae,Tracheophyta,Liliopsida,Alismatales,Araceae,Lemna,0,0,1,0,0,0,0,0,0,0,0,0,0,0,1,0,0,0,0,0
Cervus elaphus,1,211074984,Least Concern,Increasing,Animalia,Chordata,Mammalia,Artiodactyla,Cervidae,Cervus,0,0,0,0,0,0,0,0,0,0,0,0,0,1,0,0,0,0,0,0
Pseudochorthippus parallelus,0,74250183,Least Concern,Stable,Animalia,Arthropoda,Insecta,Orthoptera,Acrididae,Pseudochorthippus,0,0,0,0,0,0,0,0,0,0,0,0,0,0,0,0,0,1,0,0
Argentina anserina,0,67730547,Least Concern,Unknown,Plantae,Tracheophyta,Magnoliopsida,Rosales,Rosaceae,Argentina,0,0,0,4,7,1,0,0,0,0,0,0,0,0,0,0,0,0,0,0
Solanum lycopersicum,0,Not Found,Unknown,Unknown,Plantae,Tracheophyta,Magnoliopsida,Solanales,Solanaceae,Solanum,0,0,0,0,0,1,0,0,0,0,0,0,0,0,0,0,0,0,0,0
Agenioideus apicalis,0,Not Found,Unknown,Unknown,Animalia,Arthropoda,Insecta,Hymenoptera,Pompilidae,Agenioideus,0,9,0,0,0,0,0,0,0,0,0,0,0,0,0,0,0,0,0,0
Alopecurus geniculatus,0,6400724,Least Concern,Stable,Plantae,Tracheophyta,Liliopsida,Poales,Poaceae,Alopecurus,0,0,1,3,0,0,0,0,0,0,0,0,0,0,0,0,0,0,0,0
Anostirus castaneus,0,Not Found,Unknown,Unknown,Animalia,Arthropoda,Insecta,Coleoptera,Elateridae,Anostirus,0,0,2,0,0,0,0,0,0,0,0,0,0,0,0,0,0,0,0,0
Plantago major,0,1257878,Least Concern,Unknown,Plantae,Tracheophyta,Magnoliopsida,Lamiales,Plantaginaceae,Plantago,0,0,0,4,3,2,0,0,0,0,1,0,0,0,0,0,0,0,0,0
Rabelera holostea,0,Not Found,Unknown,Unknown,Plantae,Tracheophyta,Magnoliopsida,Caryophyllales,Caryophyllaceae,Rabelera,1,0,0,0,0,2,0,0,0,0,0,0,0,0,0,0,1,0,0,0
Hyacinthoides non-scripta,0,Not Found,Unknown,Unknown,Plantae,Tracheophyta,Liliopsida,Asparagales,Asparagaceae,Hyacinthoides,0,0,0,6,0,0,0,0,1,0,0,0,0,0,0,0,0,0,0,0
Bolboschoenus planiculmis,0,7136038,Least Concern,Unknown,Plantae,Tracheophyta,Liliopsida,Poales,Cyperaceae,Bolboschoenus,0,0,0,0,0,0,0,0,0,0,0,0,0,0,0,1,0,0,0,0
Polystichum setiferum,0,85427494,Least Concern,Stable,Plantae,Tracheophyta,Polypodiopsida,Polypodiales,Dryopteridaceae,Polystichum,0,0,0,0,0,0,0,0,0,0,0,0,1,0,0,0,0,0,1,0
Helichrysum luteoalbum,0,Not Found,Unknown,Unknown,Plantae,Tracheophyta,Magnoliopsida,Asterales,Asteraceae,Helichrysum,0,0,0,0,0,0,0,0,0,0,0,0,0,0,0,0,0,0,1,0
Geranium molle,0,Not Found,Unknown,Unknown,Plantae,Tracheophyta,Magnoliopsida,Geraniales,Geraniaceae,Geranium,0,0,0,3,0,1,0,0,0,0,0,0,0,0,0,0,0,0,0,0
Geranium robertianum,0,Not Found,Unknown,Unknown,Plantae,Tracheophyta,Magnoliopsida,Geraniales,Geraniaceae,Geranium,0,0,0,2,2,0,0,0,0,0,0,0,0,0,0,0,0,0,0,0
Lamium galeobdolon,0,Not Found,Unknown,Unknown,Plantae,Tracheophyta,Magnoliopsida,Lamiales,Lamiaceae,Lamium,0,0,0,2,0,0,0,0,0,0,0,0,1,0,0,0,1,0,1,0
Mantis religiosa,0,44798476,Least Concern,Unknown,Animalia,Arthropoda,Insecta,Mantodea,Mantidae,Mantis,0,1,0,0,0,0,0,0,0,0,0,0,0,0,0,0,0,0,0,0
Viola riviniana,0,Not Found,Unknown,Unknown,Plantae,Tracheophyta,Magnoliopsida,Malpighiales,Violaceae,Viola,0,0,0,4,1,0,0,0,0,0,0,0,0,0,0,0,0,0,0,0
Paracorymbia fulva,0,87311281,Least Concern,Stable,Animalia,Arthropoda,Insecta,Coleoptera,Cerambycidae,Paracorymbia,0,0,0,0,0,0,0,0,0,0,0,0,0,0,0,0,0,0,1,0
Rumex crispus,1,1032245,Least Concern,Stable,Plantae,Tracheophyta,Magnoliopsida,Caryophyllales,Polygonaceae,Rumex,0,0,1,2,0,2,0,0,0,0,0,0,0,0,0,0,0,0,1,0
Enoplops scapha,0,Not Found,Unknown,Unknown,Animalia,Arthropoda,Insecta,Hemiptera,Coreidae,Enoplops,0,0,0,0,0,0,0,0,0,0,0,0,0,0,0,1,0,0,0,0
Ficus carica,0,224496277,Least Concern,Increasing,Plantae,Tracheophyta,Magnoliopsida,Rosales,Moraceae,Ficus,0,0,0,0,0,0,0,0,0,0,0,0,0,0,0,1,0,0,0,0
Silene latifolia,0,Not Found,Unknown,Unknown,Plantae,Tracheophyta,Magnoliopsida,Caryophyllales,Caryophyllaceae,Silene,0,0,0,1,2,1,0,0,0,0,0,0,0,0,0,0,1,0,0,0
Typhaeus typhoeus,0,Not Found,Unknown,Unknown,Animalia,Arthropoda,Insecta,Coleoptera,Geotrupidae,Typhaeus,0,0,0,0,0,0,0,0,0,0,0,0,0,0,0,1,0,0,0,0
Rubus idaeus,0,2765767,Least Concern,Stable,Plantae,Tracheophyta,Magnoliopsida,Rosales,Rosaceae,Rubus,0,0,0,0,0,1,0,0,1,0,0,0,0,1,0,0,0,0,0,0
Euonymus europaeus,0,119836513,Least Concern,Stable,Plantae,Tracheophyta,Magnoliopsida,Celastrales,Celastraceae,Euonymus,0,0,0,1,0,1,0,0,0,0,0,0,0,0,0,0,0,0,0,0
Muscicapa striata,0,166348124,Least Concern,Decreasing,Animalia,Chordata,Aves,Passeriformes,Muscicapidae,Muscicapa,0,0,0,0,0,0,0,0,9,2,0,0,0,0,0,0,0,0,1,1
Populus tremula,0,61959943,Least Concern,Unknown,Plantae,Tracheophyta,Magnoliopsida,Malpighiales,Salicaceae,Populus,1,0,0,0,0,1,0,0,0,0,0,0,0,0,0,0,0,0,0,0
Veronica persica,0,Not Found,Unknown,Unknown,Plantae,Tracheophyta,Magnoliopsida,Lamiales,Plantaginaceae,Veronica,0,0,0,4,2,2,0,0,0,0,0,0,0,0,1,0,0,0,0,0
Cardamine pratensis,0,5812787,Least Concern,Stable,Plantae,Tracheophyta,Magnoliopsida,Brassicales,Brassicaceae,Cardamine,0,0,0,0,0,1,0,0,0,0,0,0,0,0,0,1,0,0,0,0
Malva neglecta,0,2764349,Least Concern,Stable,Plantae,Tracheophyta,Magnoliopsida,Malvales,Malvaceae,Malva,0,0,0,0,2,0,0,0,0,0,0,0,0,0,0,0,0,0,0,0
Achillea ptarmica,0,2757961,Least Concern,Unknown,Plantae,Tracheophyta,Magnoliopsida,Asterales,Asteraceae,Achillea,0,0,0,0,0,0,0,0,0,0,0,0,0,0,0,0,1,0,0,0
Rumex conglomeratus,0,5805797,Least Concern,Stable,Plantae,Tracheophyta,Magnoliopsida,Caryophyllales,Polygonaceae,Rumex,0,0,2,0,0,1,0,0,0,0,0,0,0,0,0,0,0,0,0,0
Limax cinereoniger,0,1329435,Least Concern,Stable,Animalia,Mollusca,Gastropoda,Stylommatophora,Limacidae,Limax,0,0,0,0,0,0,0,0,0,0,0,0,0,0,0,0,0,0,2,0
Buteo buteo,0,210507000,Least Concern,Stable,Animalia,Chordata,Aves,Accipitriformes,Accipitridae,Buteo,0,0,0,0,0,0,0,1,0,0,1,0,0,3,2,1,0,0,0,0
Nuctenea umbratica,0,Not Found,Unknown,Unknown,Animalia,Arthropoda,Arachnida,Araneae,Araneidae,Nuctenea,0,0,0,0,0,1,0,0,0,0,0,0,0,0,0,0,0,0,0,0
Rubus fruticosus,0,2765761,Least Concern,Stable,Plantae,Tracheophyta,Magnoliopsida,Rosales,Rosaceae,Rubus,2,0,0,0,0,0,0,0,3,0,0,0,0,0,0,0,0,0,0,0
Milium effusum,0,Not Found,Unknown,Unknown,Plantae,Tracheophyta,Liliopsida,Poales,Poaceae,Milium,0,0,0,0,0,1,0,0,3,0,0,0,0,1,0,0,0,0,0,0
Urtica dioica,0,78457212,Least Concern,Unknown,Plantae,Tracheophyta,Magnoliopsida,Rosales,Urticaceae,Urtica,0,0,0,2,3,3,0,0,3,0,0,0,0,1,0,0,0,0,0,0
Scaeva pyrastri,0,149172344,Least Concern,Stable,Animalia,Arthropoda,Insecta,Diptera,Syrphidae,Scaeva,0,0,0,0,0,0,0,0,0,0,0,0,0,0,0,0,0,0,1,0
Dafa oliviella,0,Not Found,Unknown,Unknown,Animalia,Arthropoda,Insecta,Lepidoptera,Oecophoridae,Dafa,0,1,0,0,0,0,0,0,0,0,0,0,0,0,0,0,0,0,0,0
Hypericum perforatum,1,2762472,Least Concern,Stable,Plantae,Tracheophyta,Magnoliopsida,Malpighiales,Hypericaceae,Hypericum,0,0,0,3,2,2,0,0,0,0,0,0,0,1,0,0,0,0,0,0
Anthocharis cardamines,0,211384788,Least Concern,Stable,Animalia,Arthropoda,Insecta,Lepidoptera,Pieridae,Anthocharis,0,0,0,0,0,0,0,0,0,0,0,0,0,0,1,0,0,0,0,0
Salix viminalis,0,61960676,Least Concern,Unknown,Plantae,Tracheophyta,Magnoliopsida,Malpighiales,Salicaceae,Salix,0,0,0,1,0,0,0,0,0,0,0,0,0,0,0,0,0,0,0,0
Veronica hederifolia,0,Not Found,Unknown,Unknown,Plantae,Tracheophyta,Magnoliopsida,Lamiales,Plantaginaceae,Veronica,0,0,0,2,0,0,0,0,0,0,0,0,0,0,0,0,0,0,0,0
Carpinus betulus,0,80567737,Least Concern,Stable,Plantae,Tracheophyta,Magnoliopsida,Fagales,Betulaceae,Carpinus,2,0,0,2,1,1,1,0,5,0,2,0,4,2,4,2,3,1,0,0
Aphidecta obliterata,0,Not Found,Unknown,Unknown,Animalia,Arthropoda,Insecta,Coleoptera,Coccinellidae,Aphidecta,0,0,0,0,0,0,0,0,0,0,0,0,0,0,0,0,0,1,0,0
Lythrum salicaria,1,42329075,Least Concern,Stable,Plantae,Tracheophyta,Magnoliopsida,Myrtales,Lythraceae,Lythrum,0,0,1,0,1,0,0,0,0,0,0,0,0,0,0,0,0,0,0,0
Carabus problematicus,0,Not Found,Unknown,Unknown,Animalia,Arthropoda,Insecta,Coleoptera,Carabidae,Carabus,0,0,0,0,0,0,0,0,0,0,0,0,0,0,0,0,0,0,1,0
Passer montanus,0,166399056,Least Concern,Decreasing,Animalia,Chordata,Aves,Passeriformes,Passeridae,Passer,0,0,0,0,0,0,0,0,1,0,0,0,0,0,0,0,0,0,0,0
Larinioides cornutus,0,Not Found,Unknown,Unknown,Animalia,Arthropoda,Arachnida,Araneae,Araneidae,Larinioides,0,0,0,0,0,1,0,0,0,0,0,0,0,0,0,0,0,0,0,0
Lysimachia arvensis,0,Not Found,Unknown,Unknown,Plantae,Tracheophyta,Magnoliopsida,Ericales,Primulaceae,Lysimachia,0,0,0,0,1,2,0,0,0,0,0,0,0,0,1,0,0,0,0,0
Geranium pyrenaicum,0,Not Found,Unknown,Unknown,Plantae,Tracheophyta,Magnoliopsida,Geraniales,Geraniaceae,Geranium,0,0,0,2,2,0,0,0,0,0,0,0,0,0,0,0,0,0,0,0
Filipendula ulmaria,0,42408831,Least Concern,Stable,Plantae,Tracheophyta,Magnoliopsida,Rosales,Rosaceae,Filipendula,0,0,0,0,0,0,0,0,0,0,0,0,0,0,0,0,1,0,0,0
Vinca major,1,Not Found,Unknown,Unknown,Plantae,Tracheophyta,Magnoliopsida,Gentianales,Apocynaceae,Vinca,0,0,0,0,0,0,0,0,0,0,0,0,0,0,0,1,0,0,0,0
Ammi majus,0,2758033,Least Concern,Unknown,Plantae,Tracheophyta,Magnoliopsida,Apiales,Apiaceae,Ammi,0,0,0,0,0,0,2,0,0,0,0,0,0,0,1,0,0,0,0,0
Sorex coronatus,0,226877066,Least Concern,Stable,Animalia,Chordata,Mammalia,Soricomorpha,Soricidae,Sorex,0,0,0,0,0,0,0,0,0,0,0,0,0,0,1,0,0,0,0,0
Ranunculus repens,0,5726616,Least Concern,Stable,Plantae,Tracheophyta,Magnoliopsida,Ranunculales,Ranunculaceae,Ranunculus,0,0,0,3,2,2,0,0,0,0,0,0,0,0,0,0,0,0,0,0
Plantago coronopus,0,Not Found,Unknown,Unknown,Plantae,Tracheophyta,Magnoliopsida,Lamiales,Plantaginaceae,Plantago,0,0,0,1,1,0,0,0,0,0,0,0,0,0,0,0,0,0,0,0
Vanessa cardui,0,211421212,Least Concern,Decreasing,Animalia,Arthropoda,Insecta,Lepidoptera,Nymphalidae,Vanessa,0,0,0,0,0,1,0,0,0,0,0,0,0,0,2,0,0,0,0,0
Matricaria chamomilla,0,2758411,Least Concern,Stable,Plantae,Tracheophyta,Magnoliopsida,Asterales,Asteraceae,Matricaria,0,0,0,5,7,2,0,0,0,0,0,0,0,0,1,0,0,0,0,0
Glechoma hederacea,0,2762526,Least Concern,Stable,Plantae,Tracheophyta,Magnoliopsida,Lamiales,Lamiaceae,Glechoma,1,0,0,2,1,2,0,0,1,0,0,0,0,0,0,0,0,0,0,0
Lipandra polysperma,0,Not Found,Unknown,Unknown,Plantae,Tracheophyta,Magnoliopsida,Caryophyllales,Amaranthaceae,Lipandra,0,0,0,0,1,0,0,0,0,0,0,0,0,0,0,0,0,0,0,0
Erysimum cheiri,0,Not Found,Unknown,Unknown,Plantae,Tracheophyta,Magnoliopsida,Brassicales,Brassicaceae,Erysimum,0,0,0,0,0,1,0,0,0,0,0,0,0,0,0,0,0,0,0,0
Turdus merula,0,264548442,Least Concern,Increasing,Animalia,Chordata,Aves,Passeriformes,Turdidae,Turdus,0,0,0,0,0,0,0,0,20,13,0,0,1,1,2,2,5,4,0,0
Motacilla alba,0,221312886,Least Concern,Stable,Animalia,Chordata,Aves,Passeriformes,Motacillidae,Motacilla,0,0,0,0,0,0,0,0,0,0,0,0,0,0,0,0,0,0,1,1
Oenanthe aquatica,0,42415881,Least Concern,Stable,Plantae,Tracheophyta,Magnoliopsida,Apiales,Apiaceae,Oenanthe,0,0,1,0,0,0,0,0,0,0,0,0,0,0,0,0,0,0,0,0
Anser canagicus,0,228668766,Least Concern,Increasing,Animalia,Chordata,Aves,Anseriformes,Anatidae,Anser,0,0,0,0,0,0,0,0,0,0,0,0,0,0,0,0,0,0,1,0
Arabidopsis thaliana,0,Not Found,Unknown,Unknown,Plantae,Tracheophyta,Magnoliopsida,Brassicales,Brassicaceae,Arabidopsis,0,0,0,2,1,1,0,0,0,0,0,0,0,0,0,0,0,0,0,0
Veronica montana,0,Not Found,Unknown,Unknown,Plantae,Tracheophyta,Magnoliopsida,Lamiales,Plantaginaceae,Veronica,0,0,0,2,0,0,0,0,0,0,0,0,0,0,0,0,0,0,0,0
Galeopsis tetrahit,0,Not Found,Unknown,Unknown,Plantae,Tracheophyta,Magnoliopsida,Lamiales,Lamiaceae,Galeopsis,0,0,0,0,0,2,0,0,0,0,0,0,0,0,0,0,0,0,0,0
Callitriche platycarpa,0,6391140,Least Concern,Increasing,Plantae,Tracheophyta,Magnoliopsida,Lamiales,Plantaginaceae,Callitriche,0,0,1,0,0,0,0,0,0,0,0,0,0,0,1,0,0,0,0,0
Pachygaster leachii,0,Not Found,Unknown,Unknown,Animalia,Arthropoda,Insecta,Diptera,Stratiomyidae,Pachygaster,0,0,0,0,0,0,0,2,0,0,0,0,0,0,0,0,0,0,0,0
Juncus conglomeratus,0,42393654,Least Concern,Stable,Plantae,Tracheophyta,Liliopsida,Poales,Juncaceae,Juncus,0,0,0,0,0,1,0,0,0,0,2,0,0,1,0,0,0,0,0,0
Ceratitis capitata,1,Not Found,Unknown,Unknown,Animalia,Arthropoda,Insecta,Diptera,Tephritidae,Ceratitis,0,0,0,0,0,0,0,0,0,0,0,0,0,0,0,0,0,0,0,1
Lapsana communis,0,Not Found,Unknown,Unknown,Plantae,Tracheophyta,Magnoliopsida,Asterales,Asteraceae,Lapsana,0,0,0,2,2,2,0,0,0,0,0,0,0,0,0,0,1,0,0,0
Cynosurus cristatus,0,Not Found,Unknown,Unknown,Plantae,Tracheophyta,Liliopsida,Poales,Poaceae,Cynosurus,0,0,0,0,2,0,0,0,0,0,0,0,0,0,0,0,0,0,0,0
Medicago sativa,0,19402449,Least Concern,Stable,Plantae,Tracheophyta,Magnoliopsida,Fabales,Fabaceae,Medicago,0,0,0,0,1,1,0,0,0,0,0,0,0,1,0,0,0,1,0,0
Passer domesticus,1,199147773,Least Concern,Decreasing,Animalia,Chordata,Aves,Passeriformes,Passeridae,Passer,0,0,0,0,0,0,0,0,10,12,1,0,1,0,1,2,4,4,0,0
Achillea millefolium,0,78457012,Least Concern,Unknown,Plantae,Tracheophyta,Magnoliopsida,Asterales,Asteraceae,Achillea,0,0,0,3,3,1,0,0,0,0,0,0,0,1,0,0,0,0,0,0
Molinia caerulea,0,5875025,Least Concern,Stable,Plantae,Tracheophyta,Liliopsida,Poales,Poaceae,Molinia,1,0,0,0,0,0,0,0,0,0,0,0,0,1,0,0,0,0,0,0
Salix alba,0,2765960,Least Concern,Stable,Unknown,Unknown,Unknown,Unknown,Unknown,Unknown,0,0,0,0,1,0,0,0,0,0,0,0,0,0,0,0,0,0,0,0
Cirsium oleraceum,0,Not Found,Unknown,Unknown,Plantae,Tracheophyta,Magnoliopsida,Asterales,Asteraceae,Cirsium,0,0,0,0,0,0,0,0,0,0,0,0,0,0,0,0,0,0,1,0
Poa annua,1,1217340,Least Concern,Increasing,Plantae,Tracheophyta,Liliopsida,Poales,Poaceae,Poa,0,0,0,3,3,1,0,0,0,0,0,0,0,0,0,0,0,0,0,0
Ilex aquifolium,0,68067360,Least Concern,Stable,Plantae,Tracheophyta,Magnoliopsida,Aquifoliales,Aquifoliaceae,Ilex,0,0,0,2,1,2,0,0,2,0,2,0,1,0,2,2,0,1,0,0
Euphorbia maculata,0,Not Found,Unknown,Unknown,Plantae,Tracheophyta,Magnoliopsida,Malpighiales,Euphorbiaceae,Euphorbia,0,0,0,0,1,0,0,0,0,0,0,0,0,0,0,0,0,0,0,0
Colias croceus,0,Not Found,Unknown,Unknown,Animalia,Arthropoda,Insecta,Lepidoptera,Pieridae,Colias,0,0,0,0,0,0,0,0,0,0,0,0,0,0,1,0,0,0,0,0
Viburnum lantana,0,Not Found,Unknown,Unknown,Plantae,Tracheophyta,Magnoliopsida,Dipsacales,Viburnaceae,Viburnum,0,0,0,0,0,0,0,0,0,0,0,0,0,0,0,0,1,0,0,0
Glyceria declinata,0,5792740,Least Concern,Stable,Plantae,Tracheophyta,Liliopsida,Poales,Poaceae,Glyceria,0,0,1,0,0,2,0,0,0,0,0,0,0,0,0,0,0,0,0,0
Persicaria maculosa,0,1423029,Least Concern,Unknown,Plantae,Tracheophyta,Magnoliopsida,Caryophyllales,Polygonaceae,Persicaria,0,0,0,1,2,1,0,0,0,0,0,0,0,0,0,0,0,0,0,0
Ranunculus acris,0,Not Found,Unknown,Unknown,Plantae,Tracheophyta,Magnoliopsida,Ranunculales,Ranunculaceae,Ranunculus,0,0,0,2,2,1,0,0,0,0,0,0,0,0,0,0,0,0,0,0
Bombylius major,0,Not Found,Unknown,Unknown,Animalia,Arthropoda,Insecta,Diptera,Bombyliidae,Bombylius,0,0,0,0,0,0,0,0,0,0,0,0,0,0,0,0,1,0,0,0
Lolium pratense,0,Not Found,Unknown,Unknown,Plantae,Tracheophyta,Liliopsida,Poales,Poaceae,Lolium,0,0,0,5,0,0,0,0,0,0,0,0,0,0,0,0,0,0,0,0
Chaenorhinum minus,0,Not Found,Unknown,Unknown,Plantae,Tracheophyta,Magnoliopsida,Lamiales,Plantaginaceae,Chaenorhinum,0,0,0,0,0,1,0,0,0,0,0,0,0,0,0,0,0,0,0,0
Polygonia c-album,0,211429424,Least Concern,Decreasing,Animalia,Arthropoda,Insecta,Lepidoptera,Nymphalidae,Polygonia,0,2,0,0,0,0,0,0,0,0,0,0,0,1,0,0,0,0,0,1
Fagus sylvatica,0,62004725,Least Concern,Unknown,Plantae,Tracheophyta,Magnoliopsida,Fagales,Fagaceae,Fagus,1,0,0,0,0,2,1,0,2,0,2,0,4,3,1,1,4,2,0,0
Trioza centranthi,0,Not Found,Unknown,Unknown,Animalia,Arthropoda,Insecta,Hemiptera,Triozidae,Trioza,0,0,1,0,0,0,0,0,0,0,0,0,0,0,0,0,0,0,0,0
Carduelis carduelis,0,199579742,Least Concern,Increasing,Animalia,Chordata,Aves,Passeriformes,Fringillidae,Carduelis,0,0,0,0,0,0,0,0,4,0,0,0,0,0,0,2,3,1,0,0
Poa compressa,0,Not Found,Unknown,Unknown,Plantae,Tracheophyta,Liliopsida,Poales,Poaceae,Poa,0,0,0,1,0,0,0,0,0,0,0,0,0,0,0,0,0,0,0,0
Pyrus communis,0,61580281,Least Concern,Unknown,Plantae,Tracheophyta,Magnoliopsida,Rosales,Rosaceae,Pyrus,0,0,0,0,0,0,0,0,0,0,0,1,0,0,0,0,0,0,0,0
Sylvia curruca,0,Not Found,Unknown,Unknown,Animalia,Chordata,Aves,Passeriformes,Sylviidae,Sylvia,0,0,0,0,0,0,0,0,0,0,0,0,0,0,0,0,0,0,1,0
Mercurialis annua,0,Not Found,Unknown,Unknown,Plantae,Tracheophyta,Magnoliopsida,Malpighiales,Euphorbiaceae,Mercurialis,0,0,0,0,1,1,0,0,0,0,0,0,0,0,1,0,0,0,0,0
Centaurium erythraea,0,2758201,Least Concern,Stable,Plantae,Tracheophyta,Magnoliopsida,Gentianales,Gentianaceae,Centaurium,0,0,0,0,0,1,0,0,0,0,0,0,0,0,0,0,0,0,0,0
Regulus regulus,0,166445158,Least Concern,Decreasing,Animalia,Chordata,Aves,Passeriformes,Regulidae,Regulus,0,0,0,0,0,0,0,0,0,0,0,0,0,0,0,1,0,0,0,0
Torilis japonica,0,Not Found,Unknown,Unknown,Plantae,Tracheophyta,Magnoliopsida,Apiales,Apiaceae,Torilis,0,0,0,0,1,1,0,0,0,0,0,0,0,0,0,0,0,0,0,0
Dryopteris filix-mas,0,85425039,Least Concern,Stable,Plantae,Tracheophyta,Polypodiopsida,Polypodiales,Dryopteridaceae,Dryopteris,0,0,0,2,0,1,0,0,2,0,2,0,0,0,0,1,0,0,1,0
Sonchus asper,1,Not Found,Unknown,Unknown,Plantae,Tracheophyta,Magnoliopsida,Asterales,Asteraceae,Sonchus,0,0,0,1,2,2,0,0,0,0,0,0,0,0,0,0,0,0,0,0
Agrostis stolonifera,0,42383133,Least Concern,Stable,Plantae,Tracheophyta,Liliopsida,Poales,Poaceae,Agrostis,0,0,2,1,3,2,0,0,0,0,0,0,0,0,0,0,0,0,0,0
Myathropa florea,0,152281558,Least Concern,Stable,Animalia,Arthropoda,Insecta,Diptera,Syrphidae,Myathropa,0,0,0,0,0,0,0,0,0,0,0,0,0,0,0,0,0,1,2,0
Brassica napus,0,Not Found,Unknown,Unknown,Plantae,Tracheophyta,Magnoliopsida,Brassicales,Brassicaceae,Brassica,0,0,0,0,0,0,0,0,0,0,0,0,0,0,0,0,1,0,0,0
Ardea cinerea,0,166317370,Least Concern,Decreasing,Animalia,Chordata,Aves,Pelecaniformes,Ardeidae,Ardea,0,0,0,0,0,0,0,0,0,0,0,0,0,0,0,0,1,0,0,0
Leptopterna dolabrata,0,Not Found,Unknown,Unknown,Animalia,Arthropoda,Insecta,Hemiptera,Miridae,Leptopterna,0,1,0,0,0,0,0,0,0,0,0,0,0,0,0,0,0,0,0,0
Euphorbia lathyris,0,Not Found,Unknown,Unknown,Plantae,Tracheophyta,Magnoliopsida,Malpighiales,Euphorbiaceae,Euphorbia,0,0,0,0,1,0,0,0,0,0,0,0,0,0,2,0,1,0,0,0
Camptogramma bilineata,0,Not Found,Unknown,Unknown,Animalia,Arthropoda,Insecta,Lepidoptera,Geometridae,Camptogramma,0,2,0,0,0,0,0,0,0,0,0,0,0,0,0,0,0,0,0,0
Galium verum,0,2765936,Least Concern,Decreasing,Plantae,Tracheophyta,Magnoliopsida,Gentianales,Rubiaceae,Galium,0,0,0,1,1,0,0,0,0,0,0,0,0,1,0,0,0,0,0,0
Mustela nivalis,1,215863028,Least Concern,Unknown,Animalia,Chordata,Mammalia,Carnivora,Mustelidae,Mustela,0,0,0,0,0,0,0,0,0,0,0,0,0,0,0,0,1,0,0,0
Carex sylvatica,0,Not Found,Unknown,Unknown,Plantae,Tracheophyta,Liliopsida,Poales,Cyperaceae,Carex,0,0,0,0,0,0,1,0,1,0,2,0,1,1,1,1,0,0,0,0
Borago officinalis,0,2758153,Least Concern,Stable,Plantae,Tracheophyta,Magnoliopsida,Boraginales,Boraginaceae,Borago,0,0,0,0,0,0,0,0,0,0,0,0,0,0,0,1,0,0,0,0
Agrostis capillaris,1,Not Found,Unknown,Unknown,Plantae,Tracheophyta,Liliopsida,Poales,Poaceae,Agrostis,0,0,0,1,0,2,0,0,1,0,0,0,0,0,0,0,0,0,0,0
Crataegus monogyna,0,68083007,Least Concern,Unknown,Plantae,Tracheophyta,Magnoliopsida,Rosales,Rosaceae,Crataegus,0,0,0,2,1,2,0,0,1,0,0,0,0,0,0,0,0,0,0,0
Avena sativa,0,Not Found,Unknown,Unknown,Plantae,Tracheophyta,Liliopsida,Poales,Poaceae,Avena,0,0,0,1,2,0,0,0,0,0,0,0,0,0,0,1,0,0,0,0
Lemna minor,0,120125670,Least Concern,Stable,Plantae,Tracheophyta,Liliopsida,Alismatales,Araceae,Lemna,0,0,1,1,0,1,0,0,0,0,0,0,0,0,0,0,0,0,0,0
Heracleum mantegazzianum,1,2641599,Least Concern,Stable,Plantae,Tracheophyta,Magnoliopsida,Apiales,Apiaceae,Heracleum,0,0,0,0,0,0,0,0,0,0,0,0,0,0,0,0,0,1,0,0
Veronica serpyllifolia,0,19621366,Least Concern,Unknown,Plantae,Tracheophyta,Magnoliopsida,Lamiales,Plantaginaceae,Veronica,0,0,0,2,0,0,0,0,0,0,0,0,0,0,0,0,1,0,2,0
Poecile palustris,0,166451604,Least Concern,Stable,Animalia,Chordata,Aves,Passeriformes,Paridae,Poecile,0,0,0,0,0,0,0,0,1,0,0,0,0,0,0,0,0,0,0,0
Equisetum arvense,0,85427527,Least Concern,Increasing,Plantae,Tracheophyta,Polypodiopsida,Equisetales,Equisetaceae,Equisetum,0,0,0,1,1,0,0,0,0,0,0,0,0,0,1,0,0,0,0,0
Tilia cordata,0,68079373,Least Concern,Decreasing,Plantae,Tracheophyta,Magnoliopsida,Malvales,Malvaceae,Tilia,0,0,0,0,0,0,0,0,1,0,0,0,0,0,0,0,0,0,0,0
Acer pseudoplatanus,0,125923004,Least Concern,Unknown,Plantae,Tracheophyta,Magnoliopsida,Sapindales,Sapindaceae,Acer,0,0,0,2,2,2,0,0,1,0,0,0,2,0,1,0,0,0,1,0
Carabus nemoralis,0,Not Found,Unknown,Unknown,Animalia,Arthropoda,Insecta,Coleoptera,Carabidae,Carabus,0,0,0,0,0,0,0,0,0,0,0,0,0,0,0,0,0,0,1,0
Odontites vernus,0,Not Found,Unknown,Unknown,Plantae,Tracheophyta,Magnoliopsida,Lamiales,Orobanchaceae,Odontites,0,0,0,0,0,1,0,0,0,0,0,0,0,1,0,0,0,0,0,0
Ardea alba,0,166318863,Least Concern,Increasing,Animalia,Chordata,Aves,Pelecaniformes,Ardeidae,Ardea,0,0,0,0,0,0,0,0,0,0,0,0,0,0,0,0,1,0,0,0
Rhopalus subrufus,0,Not Found,Unknown,Unknown,Animalia,Arthropoda,Insecta,Hemiptera,Rhopalidae,Rhopalus,0,0,0,0,0,0,0,0,0,0,0,0,0,0,0,0,0,2,0,0
Epilobium ciliatum,0,121902124,Least Concern,Unknown,Plantae,Tracheophyta,Magnoliopsida,Myrtales,Onagraceae,Epilobium,0,0,0,0,0,0,0,0,0,0,0,0,0,0,0,0,0,0,1,0
Oedemera nobilis,0,Not Found,Unknown,Unknown,Animalia,Arthropoda,Insecta,Coleoptera,Oedemeridae,Oedemera,0,2,0,0,0,0,0,0,0,0,0,0,0,0,0,0,0,0,0,0
Linum usitatissimum,0,Not Found,Unknown,Unknown,Plantae,Tracheophyta,Magnoliopsida,Malpighiales,Linaceae,Linum,0,0,0,0,0,0,0,0,0,0,0,0,0,0,1,0,0,0,0,0
Leccinum scabrum,0,Not Found,Unknown,Unknown,Fungi,Basidiomycota,Agaricomycetes,Boletales,Boletaceae,Leccinum,0,0,0,0,0,0,0,0,0,0,0,0,0,0,0,0,0,0,0,1
Helophilus trivittatus,0,152281566,Least Concern,Stable,Animalia,Arthropoda,Insecta,Diptera,Syrphidae,Helophilus,0,0,0,0,0,0,0,0,0,0,0,0,0,0,0,0,0,0,0,1
Origanum vulgare,0,2762598,Least Concern,Stable,Plantae,Tracheophyta,Magnoliopsida,Lamiales,Lamiaceae,Origanum,0,0,0,0,2,0,0,0,0,0,0,0,0,1,0,0,0,0,0,0
Prunus armeniaca,0,50134213,Data Deficient,Unknown,Plantae,Tracheophyta,Magnoliopsida,Rosales,Rosaceae,Prunus,0,0,0,0,0,0,0,0,0,0,0,0,0,0,0,0,1,0,0,0
Fomitopsis betulina,0,Not Found,Unknown,Unknown,Fungi,Basidiomycota,Agaricomycetes,Polyporales,Fomitopsidaceae,Fomitopsis,0,0,0,0,0,0,0,0,0,0,0,0,0,0,0,0,0,0,0,1
Hirundo rustica,0,166369730,Least Concern,Decreasing,Animalia,Chordata,Aves,Passeriformes,Hirundinidae,Hirundo,0,0,0,0,0,0,0,0,5,2,0,0,0,0,0,0,0,0,1,0
Tanacetum vulgare,0,Not Found,Unknown,Unknown,Plantae,Tracheophyta,Magnoliopsida,Asterales,Asteraceae,Tanacetum,0,0,0,1,2,0,0,0,0,0,0,0,0,0,1,0,0,0,1,0
Lanius excubitor,0,264540897,Least Concern,Decreasing,Animalia,Chordata,Aves,Passeriformes,Laniidae,Lanius,0,0,0,0,0,0,0,0,0,0,0,0,0,0,1,0,0,0,0,0
Triodia sylvina,0,Not Found,Unknown,Unknown,Animalia,Arthropoda,Insecta,Lepidoptera,Hepialidae,Triodia,0,0,0,0,0,0,0,0,0,0,0,0,0,0,0,0,0,0,1,0
Diaperis boleti,0,87313432,Least Concern,Stable,Animalia,Arthropoda,Insecta,Coleoptera,Tenebrionidae,Diaperis,0,0,0,0,0,0,0,0,0,0,0,0,0,0,0,0,0,0,0,1
Juglans regia,0,61526700,Least Concern,Unknown,Plantae,Tracheophyta,Magnoliopsida,Fagales,Juglandaceae,Juglans,0,0,0,0,0,1,0,0,0,0,0,2,0,0,0,1,0,0,0,0
Agrimonia eupatoria,0,2757991,Least Concern,Decreasing,Plantae,Tracheophyta,Magnoliopsida,Rosales,Rosaceae,Agrimonia,0,0,0,0,1,0,0,0,0,0,0,0,0,0,0,0,0,0,0,0
Veronica polita,0,Not Found,Unknown,Unknown,Plantae,Tracheophyta,Magnoliopsida,Lamiales,Plantaginaceae,Veronica,0,0,0,0,1,2,0,0,0,0,0,0,0,0,0,0,0,0,0,0
Pica pica,0,264575751,Least Concern,Stable,Animalia,Chordata,Aves,Passeriformes,Corvidae,Pica,0,0,0,0,0,0,0,0,2,3,0,0,0,0,0,0,4,4,0,0
Phylloscopus collybita,0,264567918,Least Concern,Stable,Animalia,Chordata,Aves,Passeriformes,Phylloscopidae,Phylloscopus,0,0,0,0,0,0,0,0,0,1,0,0,0,0,0,0,0,0,0,0
Myrrha octodecimguttata,0,Not Found,Unknown,Unknown,Animalia,Arthropoda,Insecta,Coleoptera,Coccinellidae,Myrrha,0,0,0,0,0,0,0,0,0,0,0,0,0,0,0,0,0,1,0,0
Geranium rotundifolium,0,Not Found,Unknown,Unknown,Plantae,Tracheophyta,Magnoliopsida,Geraniales,Geraniaceae,Geranium,0,0,0,1,0,0,0,0,0,0,0,0,0,0,0,0,0,0,0,0
Calvia decemguttata,0,Not Found,Unknown,Unknown,Animalia,Arthropoda,Insecta,Coleoptera,Coccinellidae,Calvia,0,0,0,0,0,0,0,0,0,0,0,0,0,0,0,0,0,1,0,0
Sambucus nigra,0,88328586,Least Concern,Stable,Plantae,Tracheophyta,Magnoliopsida,Dipsacales,Viburnaceae,Sambucus,1,0,0,3,3,3,0,0,2,0,0,0,0,2,0,0,1,0,0,0
Chelidonium majus,0,2758225,Least Concern,Stable,Plantae,Tracheophyta,Magnoliopsida,Ranunculales,Papaveraceae,Chelidonium,0,0,0,2,2,0,0,0,0,0,0,0,0,0,1,1,0,1,0,0
Pilosella officinarum,0,Not Found,Unknown,Unknown,Plantae,Tracheophyta,Magnoliopsida,Asterales,Asteraceae,Pilosella,0,0,0,0,0,1,0,0,0,0,0,0,0,0,0,0,0,0,0,0
Myosotis scorpioides,0,5992378,Least Concern,Stable,Plantae,Tracheophyta,Magnoliopsida,Boraginales,Boraginaceae,Myosotis,0,0,1,0,0,0,0,0,0,0,0,0,0,0,0,0,0,0,0,0
Phelipanche purpurea,0,Not Found,Unknown,Unknown,Plantae,Tracheophyta,Magnoliopsida,Lamiales,Orobanchaceae,Phelipanche,0,0,0,0,0,0,0,0,0,0,0,0,0,1,0,0,0,0,0,0
Phoenicurus ochruros,0,166353782,Least Concern,Stable,Animalia,Chordata,Aves,Passeriformes,Muscicapidae,Phoenicurus,0,0,0,0,0,0,0,0,0,0,0,0,0,0,0,0,2,0,0,0
Cremnops desertor,0,Not Found,Unknown,Unknown,Animalia,Arthropoda,Insecta,Hymenoptera,Braconidae,Cremnops,0,6,0,0,0,0,0,0,0,0,0,0,0,0,0,0,0,0,0,0
Lactuca serriola,0,6833259,Least Concern,Stable,Plantae,Tracheophyta,Magnoliopsida,Asterales,Asteraceae,Lactuca,0,0,0,0,3,1,0,0,0,0,0,0,0,0,0,0,0,0,0,0
Capsella bursa-pastoris,0,2758177,Least Concern,Stable,Plantae,Tracheophyta,Magnoliopsida,Brassicales,Brassicaceae,Capsella,0,0,0,2,2,0,0,0,0,0,0,0,0,0,0,0,0,0,0,0
Alnus incana,0,80568337,Least Concern,Stable,Plantae,Tracheophyta,Magnoliopsida,Fagales,Betulaceae,Alnus,0,0,0,0,0,0,0,0,0,0,0,0,0,0,0,0,0,1,0,0
Sinapis arvensis,0,7269292,Least Concern,Stable,Plantae,Tracheophyta,Magnoliopsida,Brassicales,Brassicaceae,Sinapis,0,0,0,0,2,1,0,0,0,0,0,0,0,0,0,0,0,0,0,0
Erinaceus europaeus,1,213411773,Near Threatened,Decreasing,Animalia,Chordata,Mammalia,Erinaceomorpha,Erinaceidae,Erinaceus,1,0,0,0,0,0,0,0,0,0,0,0,0,0,0,0,0,0,0,0
Streptopelia turtur,0,166232970,Vulnerable,Decreasing,Animalia,Chordata,Aves,Columbiformes,Columbidae,Streptopelia,0,0,0,0,0,0,0,0,0,0,0,0,0,0,1,0,0,0,0,0
Gallinula chloropus,0,166459135,Least Concern,Decreasing,Animalia,Chordata,Aves,Gruiformes,Rallidae,Gallinula,0,0,0,0,0,0,0,0,0,1,0,0,0,0,0,0,0,0,1,0
Lasioglossum malachurum,0,43364295,Least Concern,Stable,Animalia,Arthropoda,Insecta,Hymenoptera,Halictidae,Lasioglossum,0,1,0,0,0,0,0,0,0,0,0,0,0,0,0,0,0,0,0,0
Taraxacum officinale,1,2758459,Least Concern,Stable,Plantae,Tracheophyta,Magnoliopsida,Asterales,Asteraceae,Taraxacum,0,0,0,0,0,0,0,0,2,0,0,0,0,0,0,0,0,0,0,0
Ficaria verna,0,55735247,Least Concern,Stable,Plantae,Tracheophyta,Magnoliopsida,Ranunculales,Ranunculaceae,Ficaria,0,0,0,11,0,0,0,0,1,0,0,0,1,0,0,0,0,0,0,0
Certhia brachydactyla,0,264570778,Least Concern,Increasing,Animalia,Chordata,Aves,Passeriformes,Certhiidae,Certhia,0,0,0,0,0,0,0,0,2,0,0,0,0,1,0,0,0,2,0,0
Asplenium quadrivalens,0,Not Found,Unknown,Unknown,Plantae,Tracheophyta,Polypodiopsida,Polypodiales,Aspleniaceae,Asplenium,0,0,0,0,0,1,0,0,0,0,0,0,0,0,0,0,0,0,0,0
Myosotis arvensis,0,Not Found,Unknown,Unknown,Plantae,Tracheophyta,Magnoliopsida,Boraginales,Boraginaceae,Myosotis,0,0,0,2,1,2,0,0,0,0,0,0,0,0,0,0,0,0,0,0
Circus cyaneus,0,210509233,Vulnerable,Decreasing,Animalia,Chordata,Aves,Accipitriformes,Accipitridae,Circus,0,0,0,0,0,0,0,0,0,0,0,0,0,0,1,1,2,0,0,0
Saponaria officinalis,0,2758345,Least Concern,Stable,Plantae,Tracheophyta,Magnoliopsida,Caryophyllales,Caryophyllaceae,Saponaria,0,0,0,0,0,0,0,0,0,0,0,0,0,0,0,0,0,3,0,0
Melica uniflora,0,Not Found,Unknown,Unknown,Plantae,Tracheophyta,Liliopsida,Poales,Poaceae,Melica,0,0,0,0,0,1,0,0,0,0,0,0,1,0,0,0,0,0,0,0
Digitalis purpurea,0,2764797,Least Concern,Stable,Plantae,Tracheophyta,Magnoliopsida,Lamiales,Plantaginaceae,Digitalis,0,0,0,0,0,2,0,0,0,0,1,0,0,0,0,1,0,0,0,0
Pieris rapae,0,211416733,Least Concern,Decreasing,Animalia,Arthropoda,Insecta,Lepidoptera,Pieridae,Pieris,0,0,0,0,0,0,0,0,0,0,0,0,0,0,1,0,0,0,0,0
Artemisia vulgaris,0,2758117,Least Concern,Stable,Plantae,Tracheophyta,Magnoliopsida,Asterales,Asteraceae,Artemisia,0,0,0,1,2,1,0,0,0,0,0,0,0,1,0,0,0,0,0,0
Issoria lathonia,0,211422502,Least Concern,Increasing,Animalia,Arthropoda,Insecta,Lepidoptera,Nymphalidae,Issoria,0,0,0,0,0,0,0,0,0,0,0,0,0,0,0,1,0,0,0,0
Potamogeton trichoides,0,84297799,Least Concern,Stable,Plantae,Tracheophyta,Liliopsida,Alismatales,Potamogetonaceae,Potamogeton,0,0,0,0,0,1,0,0,0,0,0,0,0,0,0,0,0,0,0,0
Euphorbia exigua,0,Not Found,Unknown,Unknown,Plantae,Tracheophyta,Magnoliopsida,Malpighiales,Euphorbiaceae,Euphorbia,0,0,0,0,1,0,0,0,0,0,0,0,0,0,0,0,0,0,0,0
Corvus frugilegus,0,166339000,Vulnerable,Decreasing,Animalia,Chordata,Aves,Passeriformes,Corvidae,Corvus,0,0,0,0,0,0,0,0,1,0,0,0,0,0,0,0,0,0,0,0
Bombus lucorum,0,57351523,Least Concern,Stable,Animalia,Arthropoda,Insecta,Hymenoptera,Apidae,Bombus,0,0,0,0,0,0,0,0,0,0,0,0,0,0,0,0,0,0,1,0
Picris hieracioides,0,Not Found,Unknown,Unknown,Plantae,Tracheophyta,Magnoliopsida,Asterales,Asteraceae,Picris,0,0,0,0,1,0,0,0,0,0,0,0,0,1,0,0,0,0,0,0
Rosa canina,0,2765713,Least Concern,Stable,Plantae,Tracheophyta,Magnoliopsida,Rosales,Rosaceae,Rosa,0,0,0,0,0,1,0,0,0,0,0,0,0,0,0,0,0,0,0,0
Cerastium fontanum,1,Not Found,Unknown,Unknown,Plantae,Tracheophyta,Magnoliopsida,Caryophyllales,Caryophyllaceae,Cerastium,0,0,0,2,1,1,0,0,0,0,0,0,0,0,0,0,0,0,0,0
Solanum dulcamara,0,2766163,Least Concern,Stable,Plantae,Tracheophyta,Magnoliopsida,Solanales,Solanaceae,Solanum,0,0,0,0,0,1,0,0,0,0,0,0,0,0,0,0,1,0,1,0
Bidens tripartita,0,42337582,Least Concern,Stable,Plantae,Tracheophyta,Magnoliopsida,Asterales,Asteraceae,Bidens,0,0,2,0,1,2,0,0,0,0,0,0,0,0,0,0,0,0,0,0
Cirsium acaulon,0,Not Found,Unknown,Unknown,Plantae,Tracheophyta,Magnoliopsida,Asterales,Asteraceae,Cirsium,0,0,0,0,1,0,0,0,0,0,0,0,0,0,0,0,0,0,0,0
Mahonia aquifolium,0,Not Found,Unknown,Unknown,Plantae,Tracheophyta,Magnoliopsida,Ranunculales,Berberidaceae,Mahonia,0,0,0,0,1,0,0,0,0,0,0,0,0,0,0,0,0,0,0,0
Acer platanoides,1,2286184,Least Concern,Unknown,Plantae,Tracheophyta,Magnoliopsida,Sapindales,Sapindaceae,Acer,0,0,0,1,0,0,0,0,0,0,0,0,0,0,0,0,0,0,0,0
Helianthus annuus,0,47600755,Least Concern,Stable,Plantae,Tracheophyta,Magnoliopsida,Asterales,Asteraceae,Helianthus,0,0,0,0,0,0,0,0,0,0,0,0,0,0,0,1,1,0,0,0
Larus fuscus,0,166275319,Least Concern,Increasing,Animalia,Chordata,Aves,Charadriiformes,Laridae,Larus,0,0,0,0,0,0,0,0,2,0,11,5,15,43,7,8,164,187,213,0
Triturus cristatus,0,200183152,Least Concern,Decreasing,Animalia,Chordata,Amphibia,Caudata,Salamandridae,Triturus,0,0,0,0,0,0,0,0,0,0,1,0,0,0,0,0,0,0,0,0
Plantago media,0,Not Found,Unknown,Unknown,Plantae,Tracheophyta,Magnoliopsida,Lamiales,Plantaginaceae,Plantago,0,0,0,0,0,1,0,0,0,0,0,0,0,0,0,0,0,0,0,0
Bellis perennis,1,Not Found,Unknown,Unknown,Plantae,Tracheophyta,Magnoliopsida,Asterales,Asteraceae,Bellis,0,0,0,4,2,1,0,0,0,0,0,0,1,0,0,0,0,0,0,0
Alisma plantago-aquatica,0,84275593,Least Concern,Stable,Plantae,Tracheophyta,Liliopsida,Alismatales,Alismataceae,Alisma,0,0,1,1,1,1,0,0,0,0,0,0,0,0,0,0,0,0,0,0
Sturnus vulgaris,1,166360937,Least Concern,Stable,Animalia,Chordata,Aves,Passeriformes,Sturnidae,Sturnus,0,0,0,0,0,0,0,0,2,1,0,0,1,0,1,1,2,2,0,0
Lathyrus latifolius,0,19406412,Least Concern,Stable,Plantae,Tracheophyta,Magnoliopsida,Fabales,Fabaceae,Lathyrus,0,0,0,0,1,1,0,0,0,0,0,0,0,0,0,0,0,0,0,0
Senecio sylvaticus,0,Not Found,Unknown,Unknown,Plantae,Tracheophyta,Magnoliopsida,Asterales,Asteraceae,Senecio,0,0,0,0,0,1,0,0,0,0,0,0,0,0,0,0,0,0,0,0
Oryctolagus cuniculus,1,217911810,Near Threatened,Decreasing,Animalia,Chordata,Mammalia,Lagomorpha,Leporidae,Oryctolagus,0,0,0,0,0,0,0,0,0,0,0,2,0,0,1,0,0,0,0,0
Sagina procumbens,1,Not Found,Unknown,Unknown,Plantae,Tracheophyta,Magnoliopsida,Caryophyllales,Caryophyllaceae,Sagina,0,0,0,0,1,1,0,0,0,0,0,0,0,0,0,0,0,0,0,0
Perdix perdix,0,154496308,Least Concern,Decreasing,Animalia,Chordata,Aves,Galliformes,Phasianidae,Perdix,0,0,0,0,0,0,0,0,0,0,0,0,0,1,2,0,0,0,0,0
Trifolium dubium,1,Not Found,Unknown,Unknown,Plantae,Tracheophyta,Magnoliopsida,Fabales,Fabaceae,Trifolium,0,0,0,1,0,1,0,0,0,0,0,0,0,0,0,0,0,0,0,0
Anthriscus sylvestris,0,Not Found,Unknown,Unknown,Plantae,Tracheophyta,Magnoliopsida,Apiales,Apiaceae,Anthriscus,0,0,0,2,0,2,0,0,0,0,0,0,0,0,0,0,1,0,0,0
Gladiolus italicus,0,44502078,Least Concern,Stable,Plantae,Tracheophyta,Liliopsida,Asparagales,Iridaceae,Gladiolus,0,0,0,0,0,0,0,0,0,0,0,0,0,0,0,1,0,0,0,0
Asplenium trichomanes,0,85425775,Least Concern,Stable,Plantae,Tracheophyta,Polypodiopsida,Polypodiales,Aspleniaceae,Asplenium,0,0,0,1,1,0,0,0,0,0,0,0,0,0,0,0,0,0,0,0
Cercopis vulnerata,0,Not Found,Unknown,Unknown,Animalia,Arthropoda,Insecta,Hemiptera,Cercopidae,Cercopis,0,3,0,0,0,0,0,0,0,0,0,0,0,0,0,0,0,0,0,0
Oxalis acetosella,0,Not Found,Unknown,Unknown,Plantae,Tracheophyta,Magnoliopsida,Oxalidales,Oxalidaceae,Oxalis,0,0,0,2,0,0,0,0,0,0,0,0,1,0,0,0,0,0,0,0
Fallopia convolvulus,0,Not Found,Unknown,Unknown,Plantae,Tracheophyta,Magnoliopsida,Caryophyllales,Polygonaceae,Fallopia,0,0,0,0,2,2,0,0,0,0,0,0,0,0,1,0,0,0,0,0
Olea europaea,1,12601269,Data Deficient,Decreasing,Plantae,Tracheophyta,Magnoliopsida,Lamiales,Oleaceae,Olea,0,0,0,0,0,0,0,0,0,0,0,0,0,0,0,0,1,0,0,0
Polytrichum formosum,0,88382640,Least Concern,Stable,Plantae,Bryophyta,Polytrichopsida,Polytrichales,Polytrichaceae,Polytrichum,1,0,0,0,0,0,1,0,3,0,1,0,0,2,1,1,0,0,0,0
Alauda arvensis,0,200204640,Least Concern,Decreasing,Animalia,Chordata,Aves,Passeriformes,Alaudidae,Alauda,0,0,0,0,0,0,0,0,0,0,0,0,0,0,1,0,0,0,0,0
Diaea dorsata,0,Not Found,Unknown,Unknown,Animalia,Arthropoda,Arachnida,Araneae,Thomisidae,Diaea,0,0,0,0,0,0,0,0,0,0,0,0,0,0,0,0,0,1,0,0
Linaria cannabina,0,166415057,Least Concern,Increasing,Animalia,Chordata,Aves,Passeriformes,Fringillidae,Linaria,0,0,0,0,0,0,0,0,0,0,0,0,0,0,1,0,0,0,0,0
Betula pubescens,0,116337224,Least Concern,Stable,Plantae,Tracheophyta,Magnoliopsida,Fagales,Betulaceae,Betula,0,0,0,0,0,1,0,0,0,0,0,0,0,0,0,0,0,0,0,0
Eliomys quercinus,0,3139783,Vulnerable,Decreasing,Animalia,Chordata,Mammalia,Rodentia,Gliridae,Eliomys,0,0,0,0,0,0,0,0,0,0,0,0,0,0,1,0,0,0,0,0
Astrantia major,0,Not Found,Unknown,Unknown,Plantae,Tracheophyta,Magnoliopsida,Apiales,Apiaceae,Astrantia,0,0,0,0,0,0,0,0,0,0,0,0,0,0,0,1,0,0,0,0
Egretta garzetta,0,166459851,Least Concern,Decreasing,Animalia,Chordata,Aves,Pelecaniformes,Ardeidae,Egretta,0,0,0,0,0,0,0,0,0,0,0,0,0,0,0,1,0,0,0,0
Dolycoris baccarum,0,Not Found,Unknown,Unknown,Animalia,Arthropoda,Insecta,Hemiptera,Pentatomidae,Dolycoris,0,0,1,0,0,0,0,0,0,0,0,0,0,0,0,0,0,0,1,0
Hordeum murinum,0,19409594,Least Concern,Stable,Plantae,Tracheophyta,Liliopsida,Poales,Poaceae,Hordeum,0,0,0,0,1,0,0,0,0,0,0,0,0,0,0,0,0,0,0,0
Sympetrum sanguineum,0,269770755,Least Concern,Stable,Animalia,Arthropoda,Insecta,Odonata,Libellulidae,Sympetrum,0,0,0,0,0,0,0,0,0,0,0,0,0,0,0,0,0,0,1,0
Papaver dubium,0,Not Found,Unknown,Unknown,Plantae,Tracheophyta,Magnoliopsida,Ranunculales,Papaveraceae,Papaver,0,0,0,0,1,1,0,0,0,0,0,0,0,0,0,0,0,0,0,0
Rana temporaria,0,200721782,Least Concern,Stable,Animalia,Chordata,Amphibia,Anura,Ranidae,Rana,0,0,0,0,0,0,0,2,0,0,2,3,0,1,1,0,0,0,0,0
Pseudotsuga menziesii,0,2979531,Least Concern,Stable,Plantae,Tracheophyta,Pinopsida,Pinales,Pinaceae,Pseudotsuga,0,0,0,0,0,0,0,0,1,0,0,0,0,0,0,0,0,0,0,0
Lepus europaeus,1,217911459,Least Concern,Stable,Animalia,Chordata,Mammalia,Lagomorpha,Leporidae,Lepus,0,0,0,0,0,0,0,0,0,0,0,0,0,1,1,0,2,0,0,0
Silene dioica,0,Not Found,Unknown,Unknown,Plantae,Tracheophyta,Magnoliopsida,Caryophyllales,Caryophyllaceae,Silene,0,0,0,1,0,0,0,0,0,0,0,0,0,0,0,0,1,0,0,0
Salamandra salamandra,0,219148292,Vulnerable,Decreasing,Animalia,Chordata,Amphibia,Caudata,Salamandridae,Salamandra,0,0,0,0,0,0,0,2,0,0,0,0,0,0,0,0,1,0,0,0
Hypericum humifusum,0,Not Found,Unknown,Unknown,Plantae,Tracheophyta,Magnoliopsida,Malpighiales,Hypericaceae,Hypericum,0,0,0,0,0,1,0,0,0,0,0,0,0,0,0,0,0,0,0,0
Arctium lappa,0,2758087,Least Concern,Stable,Plantae,Tracheophyta,Magnoliopsida,Asterales,Asteraceae,Arctium,0,0,0,0,0,0,0,0,0,0,0,0,0,0,0,0,0,1,0,0
Podops inunctus,0,Not Found,Unknown,Unknown,Animalia,Arthropoda,Insecta,Hemiptera,Pentatomidae,Podops,0,0,2,0,0,0,0,0,0,0,0,0,0,0,0,0,0,0,0,0
Setaria verticillata,1,Not Found,Unknown,Unknown,Plantae,Tracheophyta,Liliopsida,Poales,Poaceae,Setaria,0,0,0,0,1,0,0,0,0,0,0,0,0,0,0,0,0,0,0,0
Gonepteryx rhamni,0,211428909,Least Concern,Increasing,Animalia,Arthropoda,Insecta,Lepidoptera,Pieridae,Gonepteryx,0,0,0,0,0,0,0,0,0,0,0,0,0,0,0,0,1,0,0,0
Cerastium tomentosum,0,Not Found,Unknown,Unknown,Plantae,Tracheophyta,Magnoliopsida,Caryophyllales,Caryophyllaceae,Cerastium,0,0,0,0,0,0,0,0,0,0,0,0,0,0,0,0,0,1,0,0
Fringilla coelebs,0,166409759,Least Concern,Stable,Animalia,Chordata,Aves,Passeriformes,Fringillidae,Fringilla,0,0,0,0,0,0,0,0,12,10,0,0,0,1,1,0,2,4,0,0
Lasius flavus,0,Not Found,Unknown,Unknown,Animalia,Arthropoda,Insecta,Hymenoptera,Formicidae,Lasius,0,0,0,0,0,0,0,0,0,0,0,0,0,0,0,0,0,0,1,0
Pentatoma rufipes,0,Not Found,Unknown,Unknown,Animalia,Arthropoda,Insecta,Hemiptera,Pentatomidae,Pentatoma,0,0,0,0,0,0,0,0,0,0,0,0,0,0,0,1,0,1,1,1
Sonchus oleraceus,1,Not Found,Unknown,Unknown,Plantae,Tracheophyta,Magnoliopsida,Asterales,Asteraceae,Sonchus,0,0,0,0,2,2,0,0,0,0,0,0,0,0,1,0,0,0,0,0
Malva sylvestris,0,2764355,Least Concern,Stable,Plantae,Tracheophyta,Magnoliopsida,Malvales,Malvaceae,Malva,0,0,0,0,2,0,0,0,0,0,0,0,0,0,0,0,0,0,0,0
Poa trivialis,0,Not Found,Unknown,Unknown,Plantae,Tracheophyta,Liliopsida,Poales,Poaceae,Poa,0,0,0,2,2,2,0,0,0,0,0,0,0,0,0,0,0,0,0,0
Pseudofumaria lutea,0,Not Found,Unknown,Unknown,Plantae,Tracheophyta,Magnoliopsida,Ranunculales,Papaveraceae,Pseudofumaria,0,0,0,0,0,1,0,0,0,0,0,0,0,0,0,0,0,0,0,0
Anax imperator,0,208815239,Least Concern,Increasing,Animalia,Arthropoda,Insecta,Odonata,Aeshnidae,Anax,0,0,0,0,0,0,0,0,0,0,0,0,0,1,1,0,0,0,1,0
Phacelia tanacetifolia,0,Not Found,Unknown,Unknown,Plantae,Tracheophyta,Magnoliopsida,Boraginales,Hydrophyllaceae,Phacelia,0,0,0,0,0,0,0,0,0,0,0,0,0,1,0,2,0,1,0,0
Pteridium aquilinum,0,85427115,Least Concern,Increasing,Plantae,Tracheophyta,Polypodiopsida,Polypodiales,Dennstaedtiaceae,Pteridium,1,0,0,0,0,2,1,0,1,0,1,0,0,2,1,1,1,0,0,0
Garrulus glandarius,0,196469765,Least Concern,Stable,Animalia,Chordata,Aves,Passeriformes,Corvidae,Garrulus,0,0,0,0,0,0,0,0,3,0,0,0,0,1,0,0,0,0,0,0
Avenella flexuosa,0,Not Found,Unknown,Unknown,Plantae,Tracheophyta,Liliopsida,Poales,Poaceae,Avenella,0,0,1,0,1,1,0,0,0,0,0,0,0,0,0,0,1,0,0,0
Potentilla erecta,0,2765459,Least Concern,Stable,Plantae,Tracheophyta,Magnoliopsida,Rosales,Rosaceae,Potentilla,0,0,1,0,0,0,0,0,0,0,0,0,0,0,0,0,0,0,0,0
Cirsium palustre,0,Not Found,Unknown,Unknown,Plantae,Tracheophyta,Magnoliopsida,Asterales,Asteraceae,Cirsium,0,0,0,0,0,1,0,0,0,0,0,0,0,0,0,0,0,0,0,0
Atrichum undulatum,0,87843314,Least Concern,Stable,Plantae,Bryophyta,Polytrichopsida,Polytrichales,Polytrichaceae,Atrichum,0,0,0,0,0,0,0,0,2,0,0,0,0,0,0,0,0,0,0,0
Bromus sterilis,0,Not Found,Unknown,Unknown,Plantae,Tracheophyta,Liliopsida,Poales,Poaceae,Bromus,0,0,0,7,8,1,0,0,0,0,0,0,0,0,0,0,0,0,0,0
Matricaria discoidea,0,Not Found,Unknown,Unknown,Plantae,Tracheophyta,Magnoliopsida,Asterales,Asteraceae,Matricaria,0,0,0,1,1,1,0,0,0,0,0,0,0,0,0,0,0,0,0,0
Pittosporum tobira,0,Not Found,Unknown,Unknown,Plantae,Tracheophyta,Magnoliopsida,Apiales,Pittosporaceae,Pittosporum,0,0,0,0,0,0,0,0,0,0,0,0,0,1,0,0,0,0,0,0
Mercurialis perennis,0,Not Found,Unknown,Unknown,Plantae,Tracheophyta,Magnoliopsida,Malpighiales,Euphorbiaceae,Mercurialis,0,0,0,0,0,0,0,0,0,0,0,0,1,0,0,0,0,0,0,0
Medicago lupulina,0,7248555,Least Concern,Stable,Plantae,Tracheophyta,Magnoliopsida,Fabales,Fabaceae,Medicago,0,0,0,2,1,1,0,0,0,0,0,0,0,0,0,0,0,0,0,0
Arenaria serpyllifolia,0,Not Found,Unknown,Unknown,Plantae,Tracheophyta,Magnoliopsida,Caryophyllales,Caryophyllaceae,Arenaria,0,0,0,0,1,0,0,0,0,0,0,0,0,0,0,0,0,0,0,0
Campanula rapunculus,0,Not Found,Unknown,Unknown,Plantae,Tracheophyta,Magnoliopsida,Asterales,Campanulaceae,Campanula,0,0,0,0,1,0,0,0,0,0,0,0,0,1,0,0,1,0,0,0
Hibiscus syriacus,0,Not Found,Unknown,Unknown,Plantae,Tracheophyta,Magnoliopsida,Malvales,Malvaceae,Hibiscus,0,0,0,0,0,0,0,0,0,0,0,1,0,0,0,0,0,0,0,0
Euphorbia amygdaloides,0,Not Found,Unknown,Unknown,Plantae,Tracheophyta,Magnoliopsida,Malpighiales,Euphorbiaceae,Euphorbia,0,0,0,0,0,0,0,0,0,0,0,0,1,1,0,0,0,0,0,0
Eleocharis palustris,0,1017558,Least Concern,Unknown,Plantae,Tracheophyta,Liliopsida,Poales,Cyperaceae,Eleocharis,0,0,1,0,0,1,0,0,0,0,0,0,0,0,0,0,0,0,0,0
Viola reichenbachiana,0,Not Found,Unknown,Unknown,Plantae,Tracheophyta,Magnoliopsida,Malpighiales,Violaceae,Viola,0,0,0,0,0,0,0,0,0,0,0,0,1,0,0,0,0,0,0,0
Euphorbia dulcis,0,Not Found,Unknown,Unknown,Plantae,Tracheophyta,Magnoliopsida,Malpighiales,Euphorbiaceae,Euphorbia,0,0,0,0,0,0,0,0,0,0,0,0,0,0,0,0,1,0,0,0
Cymbalaria muralis,0,Not Found,Unknown,Unknown,Plantae,Tracheophyta,Magnoliopsida,Lamiales,Plantaginaceae,Cymbalaria,0,0,0,2,1,2,0,0,0,0,0,0,0,0,0,0,0,0,1,0
Lysimachia nemorum,0,Not Found,Unknown,Unknown,Plantae,Tracheophyta,Magnoliopsida,Ericales,Primulaceae,Lysimachia,0,0,0,0,0,0,0,0,0,0,0,0,0,0,0,0,1,0,0,0
Philanthus triangulum,0,Not Found,Unknown,Unknown,Animalia,Arthropoda,Insecta,Hymenoptera,Crabronidae,Philanthus,0,2,0,0,0,0,0,0,0,0,0,0,0,0,0,0,0,0,0,0
Festuca myuros,0,Not Found,Unknown,Unknown,Plantae,Tracheophyta,Liliopsida,Poales,Poaceae,Festuca,0,0,0,0,2,0,0,0,0,0,0,0,0,0,0,0,0,0,0,0
Coreus marginatus,0,Not Found,Unknown,Unknown,Animalia,Arthropoda,Insecta,Hemiptera,Coreidae,Coreus,0,0,0,0,0,0,0,0,0,0,0,0,0,0,0,0,0,0,0,1
Geranium sanguineum,0,2762421,Least Concern,Stable,Plantae,Tracheophyta,Magnoliopsida,Geraniales,Geraniaceae,Geranium,0,0,0,0,0,0,0,0,0,0,0,0,0,0,1,0,0,0,0,0
Polistes dominula,0,Not Found,Unknown,Unknown,Animalia,Arthropoda,Insecta,Hymenoptera,Eumenidae,Polistes,2,0,0,0,0,0,0,0,0,0,0,0,0,0,0,0,0,0,0,0
Vicia hirsuta,0,Not Found,Unknown,Unknown,Plantae,Tracheophyta,Magnoliopsida,Fabales,Fabaceae,Vicia,0,0,0,2,1,0,0,0,0,0,0,0,0,1,0,0,0,0,0,0
Rubus ulmifolius,0,Not Found,Unknown,Unknown,Plantae,Tracheophyta,Magnoliopsida,Rosales,Rosaceae,Rubus,0,0,0,0,0,0,0,0,0,0,0,0,0,0,0,0,1,0,0,0
Thanatophilus sinuatus,0,Not Found,Unknown,Unknown,Animalia,Arthropoda,Insecta,Coleoptera,Staphylinidae,Thanatophilus,0,2,0,0,0,0,0,0,0,0,0,0,0,0,0,0,0,0,0,0
Euphorbia peplus,0,Not Found,Unknown,Unknown,Plantae,Tracheophyta,Magnoliopsida,Malpighiales,Euphorbiaceae,Euphorbia,0,0,0,1,2,0,0,0,0,0,0,0,0,0,0,0,0,0,0,0
Arum maculatum,0,Not Found,Unknown,Unknown,Plantae,Tracheophyta,Liliopsida,Alismatales,Araceae,Arum,0,0,0,5,0,0,0,0,1,0,0,0,1,0,0,0,0,0,0,0
Turdus philomelos,0,166346863,Least Concern,Stable,Animalia,Chordata,Aves,Passeriformes,Turdidae,Turdus,0,0,0,0,0,0,0,0,2,0,0,0,0,1,1,0,2,1,0,1
Salix caprea,0,19621176,Least Concern,Stable,Plantae,Tracheophyta,Magnoliopsida,Malpighiales,Salicaceae,Salix,0,0,1,1,2,1,0,0,1,0,0,0,0,0,0,0,0,0,0,0
Nyctalus noctula,0,216725924,Least Concern,Unknown,Animalia,Chordata,Mammalia,Chiroptera,Vespertilionidae,Nyctalus,0,0,0,0,0,0,0,0,0,0,0,0,0,0,0,0,0,1,0,0
Carabus auronitens,0,Not Found,Unknown,Unknown,Animalia,Arthropoda,Insecta,Coleoptera,Carabidae,Carabus,0,0,0,0,0,0,0,0,0,0,0,0,0,0,0,0,0,0,4,0
Chaerophyllum temulum,0,Not Found,Unknown,Unknown,Plantae,Tracheophyta,Magnoliopsida,Apiales,Apiaceae,Chaerophyllum,0,0,0,0,1,0,0,0,0,0,0,0,0,0,0,0,0,0,0,0
Epilobium parviflorum,0,1051649,Least Concern,Unknown,Plantae,Tracheophyta,Magnoliopsida,Myrtales,Onagraceae,Epilobium,0,0,2,0,1,1,0,0,0,0,0,0,0,0,0,0,0,0,0,0
Athyrium filix-femina,0,85426269,Least Concern,Increasing,Plantae,Tracheophyta,Polypodiopsida,Polypodiales,Athyriaceae,Athyrium,0,0,0,0,0,2,0,0,2,0,0,0,0,0,0,0,0,0,0,0
Pelophylax lessonae,0,207983513,Least Concern,Unknown,Animalia,Chordata,Amphibia,Anura,Ranidae,Pelophylax,0,0,0,0,0,0,0,1,0,0,0,0,0,0,0,0,0,0,0,0
Sepedon sphegea,0,Not Found,Unknown,Unknown,Animalia,Arthropoda,Insecta,Diptera,Sciomyzidae,Sepedon,0,0,2,0,0,0,0,0,0,0,0,0,0,0,0,0,0,0,0,0
Tripleurospermum inodorum,0,Not Found,Unknown,Unknown,Plantae,Tracheophyta,Magnoliopsida,Asterales,Asteraceae,Tripleurospermum,0,0,0,1,1,1,0,0,0,0,0,0,0,0,0,0,0,0,0,0
Fumaria officinalis,0,2764779,Least Concern,Stable,Plantae,Tracheophyta,Magnoliopsida,Ranunculales,Papaveraceae,Fumaria,0,0,0,1,1,1,0,0,0,0,0,0,0,0,0,0,0,0,0,0
Vespa velutina,0,Not Found,Unknown,Unknown,Animalia,Arthropoda,Insecta,Hymenoptera,Vespidae,Vespa,0,0,0,0,0,0,0,0,0,0,0,0,1,1,0,0,0,2,1,0
Triticum aestivum,0,Not Found,Unknown,Unknown,Plantae,Tracheophyta,Liliopsida,Poales,Poaceae,Triticum,0,0,0,0,0,0,0,0,0,0,0,0,0,0,1,0,1,4,0,0
Asplenium scolopendrium,0,83506952,Least Concern,Stable,Plantae,Tracheophyta,Polypodiopsida,Polypodiales,Aspleniaceae,Asplenium,0,0,0,0,0,0,0,0,0,0,0,0,0,0,0,0,0,0,0,2
Trisetum flavescens,0,Not Found,Unknown,Unknown,Plantae,Tracheophyta,Liliopsida,Poales,Poaceae,Trisetum,0,0,0,0,0,0,0,0,0,0,0,0,0,1,0,0,0,0,0,0
Tanacetum parthenium,0,2758453,Least Concern,Stable,Plantae,Tracheophyta,Magnoliopsida,Asterales,Asteraceae,Tanacetum,0,0,0,0,0,1,0,0,0,0,0,0,0,0,0,0,0,1,1,1
Quercus petraea,0,3116237,Least Concern,Unknown,Plantae,Tracheophyta,Magnoliopsida,Fagales,Fagaceae,Quercus,1,0,0,0,0,0,0,0,2,0,2,0,0,1,0,0,1,0,0,0
Hypericum dubium,0,Not Found,Unknown,Unknown,Plantae,Tracheophyta,Magnoliopsida,Malpighiales,Hypericaceae,Hypericum,0,0,0,0,0,2,0,0,0,0,0,0,0,0,0,0,0,0,0,0
Natrix helvetica,0,165594282,Least Concern,Stable,Animalia,Chordata,Squamata,Unknown,Colubridae,Natrix,0,0,0,0,0,0,0,0,0,0,0,0,0,0,0,0,1,0,0,0
Epilobium hirsutum,0,1044291,Least Concern,Unknown,Plantae,Tracheophyta,Magnoliopsida,Myrtales,Onagraceae,Epilobium,0,0,1,4,1,1,0,0,0,0,0,0,0,0,0,0,0,1,1,0
Eupatorium cannabinum,1,Not Found,Unknown,Unknown,Plantae,Tracheophyta,Magnoliopsida,Asterales,Asteraceae,Eupatorium,0,0,1,0,0,0,0,0,1,0,0,0,0,0,0,0,0,0,1,0
Populus alba,1,68106850,Least Concern,Decreasing,Plantae,Tracheophyta,Magnoliopsida,Malpighiales,Salicaceae,Populus,0,0,0,0,1,0,0,0,0,0,0,0,0,0,0,0,0,0,0,0
Beta vulgaris,0,6690027,Least Concern,Unknown,Plantae,Tracheophyta,Magnoliopsida,Caryophyllales,Amaranthaceae,Beta,0,0,0,0,0,0,0,0,0,0,0,0,0,0,0,0,1,0,0,0
Lycaena phlaeas,0,211390839,Least Concern,Increasing,Animalia,Arthropoda,Insecta,Lepidoptera,Lycaenidae,Lycaena,0,0,0,0,0,0,0,0,0,0,0,0,0,0,1,0,0,0,0,0
Viola arvensis,0,2766307,Least Concern,Stable,Plantae,Tracheophyta,Magnoliopsida,Malpighiales,Violaceae,Viola,0,0,0,1,1,1,0,0,0,0,0,0,0,0,0,0,0,0,0,0
Meconema thalassinum,0,74540428,Least Concern,Decreasing,Animalia,Arthropoda,Insecta,Orthoptera,Tettigoniidae,Meconema,0,0,0,0,0,0,0,0,0,0,0,0,0,0,0,0,0,1,0,0
Lolium giganteum,0,Not Found,Unknown,Unknown,Plantae,Tracheophyta,Liliopsida,Poales,Poaceae,Lolium,0,0,0,2,1,0,0,0,0,0,0,0,0,0,0,0,0,0,0,0
Anoplotrupes stercorosus,0,Not Found,Unknown,Unknown,Animalia,Arthropoda,Insecta,Coleoptera,Geotrupidae,Anoplotrupes,0,0,0,0,0,0,0,0,0,0,0,0,0,0,0,1,0,0,1,0
Rana dalmatina,0,200718410,Least Concern,Decreasing,Animalia,Chordata,Amphibia,Anura,Ranidae,Rana,0,0,0,0,0,0,0,1,0,0,1,4,0,0,0,0,1,0,0,0
Circaea lutetiana,0,Not Found,Unknown,Unknown,Plantae,Tracheophyta,Magnoliopsida,Myrtales,Onagraceae,Circaea,0,0,0,0,0,0,0,0,0,0,0,0,0,1,0,0,0,0,0,0
Clematis vitalba,1,Not Found,Unknown,Unknown,Plantae,Tracheophyta,Magnoliopsida,Ranunculales,Ranunculaceae,Clematis,0,0,0,2,1,1,0,0,0,0,0,0,0,0,0,0,1,0,0,0
Cytisus scoparius,1,Not Found,Unknown,Unknown,Plantae,Tracheophyta,Magnoliopsida,Fabales,Fabaceae,Cytisus,0,0,0,0,0,1,0,0,0,0,2,0,0,0,0,1,1,0,0,0
Trifolium pratense,0,20156449,Least Concern,Stable,Plantae,Tracheophyta,Magnoliopsida,Fabales,Fabaceae,Trifolium,0,0,0,2,3,2,0,0,0,0,0,0,0,0,0,3,0,0,0,0
Neottia ovata,0,7159373,Least Concern,Unknown,Plantae,Tracheophyta,Liliopsida,Asparagales,Orchidaceae,Neottia,0,0,0,0,0,0,0,0,0,0,0,0,0,0,0,0,2,0,0,0
Saxifraga tridactylites,0,Not Found,Unknown,Unknown,Plantae,Tracheophyta,Magnoliopsida,Saxifragales,Saxifragaceae,Saxifraga,0,0,0,1,2,0,0,0,0,0,0,0,0,0,0,0,0,0,0,0
Lacanobia oleracea,0,Not Found,Unknown,Unknown,Animalia,Arthropoda,Insecta,Lepidoptera,Noctuidae,Lacanobia,0,0,0,0,0,0,0,0,0,0,0,0,0,0,0,0,0,0,1,0
Barbarea vulgaris,0,42338497,Least Concern,Stable,Plantae,Tracheophyta,Magnoliopsida,Brassicales,Brassicaceae,Barbarea,0,0,0,0,0,2,0,0,0,0,0,0,0,0,0,0,0,0,0,0
Scutigera coleoptrata,0,Not Found,Unknown,Unknown,Animalia,Arthropoda,Chilopoda,Scutigeromorpha,Scutigeridae,Scutigera,0,1,1,0,0,0,0,0,0,0,0,0,0,0,0,0,0,0,0,0
Emberiza citrinella,0,264581123,Least Concern,Decreasing,Animalia,Chordata,Aves,Passeriformes,Emberizidae,Emberiza,0,0,0,0,0,0,0,0,0,1,0,0,0,0,3,0,0,0,0,0
Harpalus rufipes,0,Not Found,Unknown,Unknown,Animalia,Arthropoda,Insecta,Coleoptera,Carabidae,Harpalus,0,0,0,0,0,0,0,0,0,0,0,0,0,0,0,0,0,0,1,0
Araschnia levana,0,211384260,Least Concern,Increasing,Animalia,Arthropoda,Insecta,Lepidoptera,Nymphalidae,Araschnia,0,0,0,0,0,0,0,0,0,0,0,0,0,0,1,1,0,0,0,0
Betula pendula,0,3115662,Least Concern,Stable,Plantae,Tracheophyta,Magnoliopsida,Fagales,Betulaceae,Betula,1,0,0,1,0,1,0,0,4,0,1,0,0,1,0,0,0,0,0,0
Ulmus minor,0,69047375,Data Deficient,Unknown,Plantae,Tracheophyta,Magnoliopsida,Rosales,Ulmaceae,Ulmus,0,0,0,0,2,3,0,0,0,0,0,0,0,0,0,0,0,0,0,0
Prunus padus,0,61616618,Least Concern,Stable,Plantae,Tracheophyta,Magnoliopsida,Rosales,Rosaceae,Prunus,0,0,0,0,0,0,0,0,0,0,0,0,0,1,1,0,0,0,0,0
Nemobius sylvestris,0,74520145,Least Concern,Unknown,Animalia,Arthropoda,Insecta,Orthoptera,Trigonidiidae,Nemobius,0,0,0,0,0,0,0,0,0,0,0,0,0,0,0,0,0,1,0,0
Segestria florentina,0,Not Found,Unknown,Unknown,Animalia,Arthropoda,Arachnida,Araneae,Segestriidae,Segestria,1,0,0,0,0,0,0,0,0,0,0,0,0,0,0,0,0,0,0,0
Pieris brassicae,0,211399745,Least Concern,Decreasing,Animalia,Arthropoda,Insecta,Lepidoptera,Pieridae,Pieris,0,0,0,0,0,4,0,0,0,0,0,0,0,1,2,0,0,0,0,0
Meles meles,0,215859004,Least Concern,Stable,Animalia,Chordata,Mammalia,Carnivora,Mustelidae,Meles,0,1,0,0,0,0,0,0,0,0,0,1,0,0,0,0,0,0,0,0
Sitta europaea,0,199569378,Least Concern,Stable,Animalia,Chordata,Aves,Passeriformes,Sittidae,Sitta,0,0,0,0,0,0,0,0,2,0,0,0,0,1,0,0,0,0,0,0
Primula vulgaris,0,Not Found,Unknown,Unknown,Plantae,Tracheophyta,Magnoliopsida,Ericales,Primulaceae,Primula,0,0,0,1,0,0,0,0,0,0,0,0,0,0,0,0,0,0,0,0
Poa nemoralis,0,Not Found,Unknown,Unknown,Plantae,Tracheophyta,Liliopsida,Poales,Poaceae,Poa,0,0,0,0,0,2,0,0,1,0,0,0,0,0,0,0,0,0,0,0
Prunus laurocerasus,0,64116707,Least Concern,Stable,Plantae,Tracheophyta,Magnoliopsida,Rosales,Rosaceae,Prunus,0,0,0,0,0,0,0,0,0,0,0,0,0,0,2,1,2,1,0,0
Lolium perenne,0,7262174,Least Concern,Stable,Plantae,Tracheophyta,Liliopsida,Poales,Poaceae,Lolium,0,0,0,0,2,1,0,0,0,0,0,0,0,0,1,0,0,0,0,0
Carex spicata,0,Not Found,Unknown,Unknown,Plantae,Tracheophyta,Liliopsida,Poales,Cyperaceae,Carex,0,0,0,1,0,0,0,0,0,0,0,0,0,0,0,0,0,0,0,0
Adoxa moschatellina,0,Not Found,Unknown,Unknown,Plantae,Tracheophyta,Magnoliopsida,Dipsacales,Viburnaceae,Adoxa,0,0,0,3,0,0,0,0,0,0,0,0,1,0,0,0,0,0,0,0
Chilocorus bipustulatus,0,Not Found,Unknown,Unknown,Animalia,Arthropoda,Insecta,Coleoptera,Coccinellidae,Chilocorus,0,0,0,0,0,0,0,0,0,0,0,0,0,0,0,0,0,1,0,0
Arum italicum,0,Not Found,Unknown,Unknown,Plantae,Tracheophyta,Liliopsida,Alismatales,Araceae,Arum,0,0,0,1,0,0,0,0,0,0,0,0,0,0,0,1,0,1,0,0
Lamium maculatum,0,Not Found,Unknown,Unknown,Plantae,Tracheophyta,Magnoliopsida,Lamiales,Lamiaceae,Lamium,0,0,0,0,0,0,0,0,0,0,0,0,0,0,0,1,0,0,0,0
Bryonia dioica,0,Not Found,Unknown,Unknown,Plantae,Tracheophyta,Magnoliopsida,Cucurbitales,Cucurbitaceae,Bryonia,0,0,0,1,0,0,0,0,0,0,0,0,0,0,0,0,0,0,0,0
Epilobium lamyi,0,Not Found,Unknown,Unknown,Plantae,Tracheophyta,Magnoliopsida,Myrtales,Onagraceae,Epilobium,0,0,0,0,0,1,0,0,0,0,0,0,0,0,0,0,0,0,0,0
Verbascum blattaria,0,Not Found,Unknown,Unknown,Plantae,Tracheophyta,Magnoliopsida,Lamiales,Scrophulariaceae,Verbascum,0,0,0,0,0,0,0,0,0,0,0,0,0,0,0,2,0,0,0,0
Motacilla cinerea,0,221313612,Least Concern,Stable,Animalia,Chordata,Aves,Passeriformes,Motacillidae,Motacilla,0,0,0,0,0,0,0,0,0,0,0,0,0,1,0,0,0,0,0,0
Poa pratensis,1,78457132,Least Concern,Unknown,Plantae,Tracheophyta,Liliopsida,Poales,Poaceae,Poa,0,0,0,3,0,0,0,0,0,0,0,0,0,0,0,0,0,0,0,0
Himantoglossum hircinum,0,7163558,Least Concern,Decreasing,Plantae,Tracheophyta,Liliopsida,Asparagales,Orchidaceae,Himantoglossum,0,0,0,0,0,0,0,0,0,0,0,0,0,0,0,0,1,0,0,0
Bombus rupestris,0,57370108,Least Concern,Unknown,Animalia,Arthropoda,Insecta,Hymenoptera,Apidae,Bombus,0,0,0,0,0,0,0,0,0,0,0,0,0,0,0,0,0,0,1,0
Valerianella carinata,0,Not Found,Unknown,Unknown,Plantae,Tracheophyta,Magnoliopsida,Dipsacales,Caprifoliaceae,Valerianella,0,0,0,6,0,0,0,0,0,0,0,0,0,0,0,0,0,0,0,0
Corylus avellana,0,80567135,Least Concern,Stable,Plantae,Tracheophyta,Magnoliopsida,Fagales,Betulaceae,Corylus,0,0,0,1,3,3,0,0,0,0,0,0,0,2,1,2,0,0,0,0
Atriplex prostrata,0,Not Found,Unknown,Unknown,Plantae,Tracheophyta,Magnoliopsida,Caryophyllales,Amaranthaceae,Atriplex,0,0,0,0,0,0,0,0,0,0,0,0,0,0,0,0,0,0,1,0
Cardamine hirsuta,0,Not Found,Unknown,Unknown,Plantae,Tracheophyta,Magnoliopsida,Brassicales,Brassicaceae,Cardamine,0,0,0,2,2,1,0,0,0,0,0,0,0,0,0,0,0,0,0,0
Polygonatum multiflorum,0,Not Found,Unknown,Unknown,Plantae,Tracheophyta,Liliopsida,Asparagales,Asparagaceae,Polygonatum,0,0,0,0,0,0,0,0,2,0,0,0,1,0,0,0,0,0,0,0
Streptopelia decaocto,1,166435449,Least Concern,Stable,Animalia,Chordata,Aves,Columbiformes,Columbidae,Streptopelia,0,0,0,0,0,0,0,0,5,2,1,0,0,0,0,2,0,4,0,0
Ochlodes venata,0,Not Found,Unknown,Unknown,Animalia,Arthropoda,Insecta,Lepidoptera,Hesperiidae,Ochlodes,0,0,0,0,0,0,0,0,0,0,0,0,0,1,0,0,0,0,0,0
Trifolium repens,1,7089783,Least Concern,Stable,Plantae,Tracheophyta,Magnoliopsida,Fabales,Fabaceae,Trifolium,0,0,0,2,2,1,0,0,0,0,0,0,0,0,0,0,0,0,0,0
Parthenocissus inserta,0,Not Found,Unknown,Unknown,Plantae,Tracheophyta,Magnoliopsida,Vitales,Vitaceae,Parthenocissus,0,0,0,0,0,1,0,0,0,0,0,0,0,0,0,0,0,0,0,0
Pyrausta aurata,0,Not Found,Unknown,Unknown,Animalia,Arthropoda,Insecta,Lepidoptera,Crambidae,Pyrausta,0,1,0,0,0,0,0,0,0,0,0,0,0,0,0,0,0,0,0,0
Dicranella heteromalla,0,87768760,Least Concern,Stable,Plantae,Bryophyta,Bryopsida,Dicranales,Dicranellaceae,Dicranella,0,0,0,0,0,0,0,0,2,0,0,0,0,0,0,0,0,0,0,0
Lysimachia nummularia,0,42403938,Least Concern,Stable,Plantae,Tracheophyta,Magnoliopsida,Ericales,Primulaceae,Lysimachia,0,0,0,0,0,0,0,0,0,0,0,0,0,0,0,0,0,0,0,1
Rhingia campestris,0,149169226,Least Concern,Stable,Animalia,Arthropoda,Insecta,Diptera,Syrphidae,Rhingia,0,0,0,0,0,0,0,0,0,0,0,0,0,0,0,0,0,0,1,0
Rhaphigaster nebulosa,0,Not Found,Unknown,Unknown,Animalia,Arthropoda,Insecta,Hemiptera,Pentatomidae,Rhaphigaster,0,1,0,0,0,0,0,0,0,0,0,0,0,0,0,0,0,0,0,0
Dendrocopos major,0,166214479,Least Concern,Decreasing,Animalia,Chordata,Aves,Piciformes,Picidae,Dendrocopos,0,0,0,0,0,1,0,0,6,2,0,0,0,1,0,0,0,1,0,0
Parietaria officinalis,0,Not Found,Unknown,Unknown,Plantae,Tracheophyta,Magnoliopsida,Rosales,Urticaceae,Parietaria,0,0,0,0,0,0,0,0,0,0,0,0,0,0,0,0,1,0,0,0
Eristalis arbustorum,0,152281682,Least Concern,Stable,Animalia,Arthropoda,Insecta,Diptera,Syrphidae,Eristalis,0,0,0,0,0,0,0,0,0,0,0,0,0,0,0,0,0,0,2,0
Chamaenerion angustifolium,0,Not Found,Unknown,Unknown,Plantae,Tracheophyta,Magnoliopsida,Myrtales,Onagraceae,Chamaenerion,0,0,0,1,1,2,0,0,0,0,0,0,0,0,0,0,0,0,0,0
Robinia pseudoacacia,1,20138922,Least Concern,Increasing,Plantae,Tracheophyta,Magnoliopsida,Fabales,Fabaceae,Robinia,0,0,0,0,1,0,0,0,0,0,0,0,0,0,0,0,0,0,0,0
Rumex obtusifolius,1,Not Found,Unknown,Unknown,Plantae,Tracheophyta,Magnoliopsida,Caryophyllales,Polygonaceae,Rumex,0,0,0,2,2,1,0,0,0,0,0,0,0,0,0,0,0,0,0,0
Trifolium hybridum,0,7234823,Least Concern,Stable,Plantae,Tracheophyta,Magnoliopsida,Fabales,Fabaceae,Trifolium,0,0,0,0,1,0,0,0,0,0,0,0,0,0,0,0,0,0,0,0
Carduus crispus,0,Not Found,Unknown,Unknown,Plantae,Tracheophyta,Magnoliopsida,Asterales,Asteraceae,Carduus,0,0,0,1,0,0,0,0,0,0,0,0,0,0,0,0,0,0,0,0
Ichthyosaura alpestris,0,228183943,Least Concern,Decreasing,Animalia,Chordata,Amphibia,Caudata,Salamandridae,Ichthyosaura,0,0,0,0,0,0,0,5,0,0,1,1,0,0,0,0,1,0,1,0
Centaurea nigra,0,Not Found,Unknown,Unknown,Plantae,Tracheophyta,Magnoliopsida,Asterales,Asteraceae,Centaurea,0,0,0,0,0,0,0,0,0,0,0,0,0,0,0,0,1,0,0,0
Heracleum sphondylium,0,Not Found,Unknown,Unknown,Plantae,Tracheophyta,Magnoliopsida,Apiales,Apiaceae,Heracleum,0,0,0,0,0,2,0,0,0,0,0,0,0,0,0,0,1,0,0,0
Celastrina argiolus,0,211396618,Least Concern,Increasing,Animalia,Arthropoda,Insecta,Lepidoptera,Lycaenidae,Celastrina,0,0,0,0,0,1,0,0,0,0,0,0,0,0,0,0,0,0,1,0
Anacamptis pyramidalis,0,7144790,Least Concern,Decreasing,Plantae,Tracheophyta,Liliopsida,Asparagales,Orchidaceae,Anacamptis,0,0,0,0,0,0,0,0,0,0,0,0,0,0,0,0,0,1,0,0
Pardosa palustris,0,Not Found,Unknown,Unknown,Animalia,Arthropoda,Arachnida,Araneae,Lycosidae,Pardosa,0,0,0,0,0,1,0,0,0,0,0,0,0,0,0,0,0,0,0,0
Anthus pratensis,0,154480081,Least Concern,Decreasing,Animalia,Chordata,Aves,Passeriformes,Motacillidae,Anthus,0,0,0,0,0,0,0,0,0,0,0,0,0,1,1,0,0,0,0,0
Deschampsia cespitosa,0,Not Found,Unknown,Unknown,Plantae,Tracheophyta,Liliopsida,Poales,Poaceae,Deschampsia,0,0,0,0,0,0,0,0,0,0,0,0,0,0,0,1,0,0,0,0
Turdus iliacus,0,166346241,Least Concern,Decreasing,Animalia,Chordata,Aves,Passeriformes,Turdidae,Turdus,0,0,0,0,0,0,0,0,1,0,0,0,0,0,1,0,2,0,0,0
Argynnis paphia,0,211430868,Least Concern,Stable,Animalia,Arthropoda,Insecta,Lepidoptera,Nymphalidae,Argynnis,0,0,0,0,0,0,0,0,0,0,0,0,0,0,1,0,0,0,0,0
Carex remota,0,44506954,Least Concern,Stable,Plantae,Tracheophyta,Liliopsida,Poales,Cyperaceae,Carex,0,0,1,0,0,1,0,0,1,0,1,0,0,0,1,0,0,0,0,0
Acanthosoma haemorrhoidale,0,Not Found,Unknown,Unknown,Animalia,Arthropoda,Insecta,Hemiptera,Acanthosomatidae,Acanthosoma,0,0,0,0,0,0,0,0,0,0,0,0,0,0,0,0,0,1,0,0
Neuroterus numismalis,0,Not Found,Unknown,Unknown,Animalia,Arthropoda,Insecta,Hymenoptera,Cynipidae,Neuroterus,0,0,0,0,0,0,0,0,0,0,0,0,0,0,0,0,0,1,0,0
Echinochloa crus-galli,0,145082692,Least Concern,Increasing,Plantae,Tracheophyta,Liliopsida,Poales,Poaceae,Echinochloa,0,0,0,0,1,2,0,0,0,0,0,0,0,0,0,0,0,0,0,0
Pararge aegeria,0,211393133,Least Concern,Increasing,Animalia,Arthropoda,Insecta,Lepidoptera,Nymphalidae,Pararge,0,0,0,0,0,0,0,0,0,0,0,0,0,0,1,1,0,1,0,0
Gnaphalium uliginosum,0,5791161,Least Concern,Stable,Plantae,Tracheophyta,Magnoliopsida,Asterales,Asteraceae,Gnaphalium,0,0,1,0,0,2,0,0,0,0,0,0,0,0,0,0,0,0,1,0
Solanum nigrum,0,Not Found,Unknown,Unknown,Plantae,Tracheophyta,Magnoliopsida,Solanales,Solanaceae,Solanum,0,0,0,0,2,1,0,0,0,0,0,0,0,0,1,0,0,0,0,0
Geranium pusillum,0,Not Found,Unknown,Unknown,Plantae,Tracheophyta,Magnoliopsida,Geraniales,Geraniaceae,Geranium,0,0,0,0,0,1,0,0,0,0,0,0,0,0,1,0,0,0,0,0
Rubus laciniatus,0,Not Found,Unknown,Unknown,Plantae,Tracheophyta,Magnoliopsida,Rosales,Rosaceae,Rubus,0,0,0,0,1,0,0,0,0,0,0,0,0,0,0,0,0,0,0,0
Salix cinerea,1,86138163,Least Concern,Stable,Plantae,Tracheophyta,Magnoliopsida,Malpighiales,Salicaceae,Salix,0,0,2,1,0,1,0,0,0,0,0,0,0,0,0,0,0,0,0,0
Mentha aquatica,0,63304147,Least Concern,Stable,Plantae,Tracheophyta,Magnoliopsida,Lamiales,Lamiaceae,Mentha,0,0,1,0,0,1,0,0,0,0,0,0,0,0,0,0,0,0,0,0
Erigeron floribundus,0,Not Found,Unknown,Unknown,Plantae,Tracheophyta,Magnoliopsida,Asterales,Asteraceae,Erigeron,0,0,0,0,1,0,0,0,0,0,0,0,0,0,0,0,0,0,0,0
Catapodium rigidum,0,Not Found,Unknown,Unknown,Plantae,Tracheophyta,Liliopsida,Poales,Poaceae,Catapodium,0,0,0,1,0,0,0,0,0,0,0,0,0,0,0,0,0,0,0,0
Cerastium glomeratum,0,Not Found,Unknown,Unknown,Plantae,Tracheophyta,Magnoliopsida,Caryophyllales,Caryophyllaceae,Cerastium,0,0,0,2,1,0,0,0,0,0,0,0,0,1,0,0,0,0,0,0
Oncorhynchus mykiss,1,18229476,Least Concern,Stable,Animalia,Chordata,Unknown,Salmoniformes,Salmonidae,Oncorhynchus,0,0,0,0,0,0,0,0,0,0,0,0,0,0,0,0,0,0,1,0
Volucella inflata,0,152281875,Least Concern,Unknown,Animalia,Arthropoda,Insecta,Diptera,Syrphidae,Volucella,0,0,0,0,0,0,0,0,0,0,0,0,0,0,0,0,0,0,1,0
Lotus pedunculatus,0,8894888,Least Concern,Stable,Plantae,Tracheophyta,Magnoliopsida,Fabales,Fabaceae,Lotus,0,0,1,0,0,2,0,0,0,0,0,0,0,0,0,0,0,0,0,0
Dendrocoptes medius,0,Not Found,Unknown,Unknown,Animalia,Chordata,Aves,Piciformes,Picidae,Dendrocoptes,0,0,0,0,0,0,0,0,0,0,0,0,0,1,0,0,0,0,0,0
Symphytum officinale,0,2758315,Least Concern,Stable,Plantae,Tracheophyta,Magnoliopsida,Boraginales,Boraginaceae,Symphytum,0,0,1,1,2,0,0,0,0,0,0,0,0,1,0,0,0,0,0,0
Pieris napi,0,211406568,Least Concern,Decreasing,Animalia,Arthropoda,Insecta,Lepidoptera,Pieridae,Pieris,0,0,0,0,0,0,0,0,0,0,0,0,0,1,0,0,0,0,0,0
Juncus articulatus,0,5681034,Least Concern,Stable,Plantae,Tracheophyta,Liliopsida,Poales,Juncaceae,Juncus,0,0,1,0,0,0,0,0,0,0,0,0,0,0,0,0,0,0,0,0
Dryopteris cristata,0,85425005,Least Concern,Decreasing,Plantae,Tracheophyta,Polypodiopsida,Polypodiales,Dryopteridaceae,Dryopteris,0,0,0,0,0,0,0,0,0,0,0,0,0,0,0,0,1,0,0,0
Polystichum aculeatum,0,85427195,Least Concern,Stable,Plantae,Tracheophyta,Polypodiopsida,Polypodiales,Dryopteridaceae,Polystichum,0,0,0,0,0,0,0,0,0,0,0,0,0,0,0,1,1,0,0,0
Erigeron canadensis,0,Not Found,Unknown,Unknown,Plantae,Tracheophyta,Magnoliopsida,Asterales,Asteraceae,Erigeron,0,0,0,4,7,0,0,0,0,0,0,0,0,0,0,0,0,0,0,0
Thaumetopoea processionea,0,Not Found,Unknown,Unknown,Animalia,Arthropoda,Insecta,Lepidoptera,Notodontidae,Thaumetopoea,0,0,2,0,0,0,0,0,0,0,0,0,0,0,0,0,0,0,1,0
Vicia sativa,0,1430281,Least Concern,Stable,Plantae,Tracheophyta,Magnoliopsida,Fabales,Fabaceae,Vicia,0,0,0,2,0,0,0,0,0,0,0,0,0,1,0,0,0,0,0,0
Pyrrhula pyrrhula,0,166418813,Least Concern,Increasing,Animalia,Chordata,Aves,Passeriformes,Fringillidae,Pyrrhula,0,0,0,0,0,0,0,0,0,0,0,0,0,1,0,0,0,0,0,0
Chenopodium album,0,Not Found,Unknown,Unknown,Plantae,Tracheophyta,Magnoliopsida,Caryophyllales,Amaranthaceae,Chenopodium,0,0,0,0,0,1,0,0,0,0,0,0,0,0,1,0,0,0,0,0
Sylvia atricapilla,0,166384785,Least Concern,Increasing,Animalia,Chordata,Aves,Passeriformes,Sylviidae,Sylvia,0,0,0,0,0,0,0,0,9,2,0,0,0,0,1,0,2,1,0,0
Lytta vesicatoria,0,Not Found,Unknown,Unknown,Animalia,Arthropoda,Insecta,Coleoptera,Meloidae,Lytta,0,2,0,0,0,0,0,0,0,0,0,0,0,0,0,0,0,0,0,0
Orobanche picridis,0,Not Found,Unknown,Unknown,Plantae,Tracheophyta,Magnoliopsida,Lamiales,Orobanchaceae,Orobanche,0,0,0,0,0,0,0,0,0,0,0,0,0,1,0,0,0,0,0,0
Mentha suaveolens,0,42327709,Least Concern,Stable,Plantae,Tracheophyta,Magnoliopsida,Lamiales,Lamiaceae,Mentha,0,0,0,0,0,0,0,0,0,0,0,0,0,0,1,0,0,0,0,0
Asiraca clavicornis,0,Not Found,Unknown,Unknown,Animalia,Arthropoda,Insecta,Hemiptera,Delphacidae,Asiraca,0,0,1,0,0,0,0,0,0,0,0,0,0,0,0,0,0,0,0,0
Daucus carota,0,19412090,Least Concern,Stable,Plantae,Tracheophyta,Magnoliopsida,Apiales,Apiaceae,Daucus,0,0,0,0,2,2,0,0,0,0,0,0,0,1,0,0,0,0,0,0
Aria edulis,0,Not Found,Unknown,Unknown,Plantae,Tracheophyta,Magnoliopsida,Rosales,Rosaceae,Aria,0,0,0,0,0,0,0,0,0,0,0,0,0,0,0,0,0,1,0,0
Veronica chamaedrys,0,Not Found,Unknown,Unknown,Plantae,Tracheophyta,Magnoliopsida,Lamiales,Plantaginaceae,Veronica,0,0,0,3,1,1,0,0,0,0,0,0,0,0,0,1,0,0,0,0
Pentanema squarrosum,0,Not Found,Unknown,Unknown,Plantae,Tracheophyta,Magnoliopsida,Asterales,Asteraceae,Pentanema,0,0,0,0,0,0,0,0,0,0,0,0,0,1,0,0,0,0,0,0
Angelica sylvestris,0,19621071,Least Concern,Unknown,Plantae,Tracheophyta,Magnoliopsida,Apiales,Apiaceae,Angelica,0,0,0,0,0,1,0,0,0,0,0,0,0,0,0,0,0,0,0,0
