Species Name,Invasive,Kingdom,Phylum,Class,Order,Family,Assessment ID,Red List Category,Population Trend,Observations_2009,Observations_2010,Observations_2011,Observations_2012,Observations_2013,Observations_2014,Observations_2015,Observations_2016,Observations_2017,Observations_2018,Observations_2019,Observations_2020,Observations_2021,Observations_2022,Observations_2023,Observations_2024,Observations_2025
Abies cephalonica,0,Plantae,Tracheophyta,Pinopsida,Pinales,Pinaceae,271966610,Least Concern,Stable,0,0,0,0,0,0,0,0,0,0,0,0,0,1,0,0,0
Accipiter nisus,0,Animalia,Chordata,Aves,Accipitriformes,Accipitridae,210499136,Least Concern,Unknown,0,0,0,0,0,0,0,0,1,0,0,0,0,0,0,0,0
Acinos alpinus,0,Plantae,Tracheophyta,Magnoliopsida,Lamiales,Lamiaceae,Not Found,Unknown,Unknown,0,3,0,0,0,0,0,0,0,0,0,0,0,0,0,0,0
Acinos graveolens,0,Plantae,Tracheophyta,Magnoliopsida,Lamiales,Lamiaceae,Not Found,Unknown,Unknown,0,1,0,0,0,0,0,0,0,0,0,0,0,0,0,0,0
Acontia lucida,0,Animalia,Arthropoda,Insecta,Lepidoptera,Noctuidae,Not Found,Unknown,Unknown,0,0,0,0,0,0,3,0,1,0,0,0,0,0,0,0,0
Aegaeobuthus gibbosus,0,Animalia,Arthropoda,Arachnida,Scorpiones,Buthidae,Not Found,Unknown,Unknown,0,0,1,0,0,0,0,0,0,0,0,0,0,0,0,0,0
Aegilops biuncialis,0,Plantae,Tracheophyta,Liliopsida,Poales,Poaceae,61526786,Least Concern,Stable,0,1,0,0,0,0,0,0,0,0,0,0,0,0,0,0,0
Aegilops comosa,0,Plantae,Tracheophyta,Liliopsida,Poales,Poaceae,116570215,Least Concern,Stable,0,1,0,0,0,0,0,0,0,0,0,0,0,0,0,0,0
Aegilops neglecta,0,Plantae,Tracheophyta,Liliopsida,Poales,Poaceae,19389466,Least Concern,Stable,0,1,0,0,0,0,0,0,0,0,0,0,0,0,0,0,0
Aegilops triuncialis,1,Plantae,Tracheophyta,Liliopsida,Poales,Poaceae,19390231,Least Concern,Increasing,0,1,0,0,0,0,0,0,0,0,0,0,0,0,0,0,0
Aegithalos caudatus,0,Animalia,Chordata,Aves,Passeriformes,Aegithalidae,264587236,Least Concern,Stable,0,0,0,0,0,0,0,0,0,0,0,0,0,0,2,0,0
Aethionema saxatile,0,Plantae,Tracheophyta,Magnoliopsida,Brassicales,Brassicaceae,Not Found,Unknown,Unknown,0,2,0,0,0,0,0,0,0,0,0,0,0,0,0,0,0
Agapanthia kirbyi,0,Animalia,Arthropoda,Insecta,Coleoptera,Cerambycidae,Not Found,Unknown,Unknown,0,0,0,0,1,0,0,0,0,0,0,0,0,0,0,0,0
Ailanthus altissima,1,Plantae,Tracheophyta,Magnoliopsida,Sapindales,Simaroubaceae,67810745,Least Concern,Unknown,0,0,0,0,0,0,0,0,0,0,0,0,0,1,0,0,0
Ajuga chamaepitys,0,Plantae,Tracheophyta,Magnoliopsida,Lamiales,Lamiaceae,Not Found,Unknown,Unknown,0,1,0,0,0,0,0,0,0,0,0,0,0,0,0,0,0
Alkanna methanaea,0,Plantae,Tracheophyta,Magnoliopsida,Boraginales,Boraginaceae,Not Found,Unknown,Unknown,0,1,0,0,0,0,0,0,0,0,0,0,0,0,0,0,0
Allium paniculatum,0,Plantae,Tracheophyta,Liliopsida,Asparagales,Amaryllidaceae,6819208,Least Concern,Unknown,0,2,0,0,0,0,0,0,0,0,0,0,0,0,0,0,0
Amaranthus albus,0,Plantae,Tracheophyta,Magnoliopsida,Caryophyllales,Amaranthaceae,Not Found,Unknown,Unknown,0,0,0,0,0,0,0,0,0,0,0,0,0,1,0,0,0
Amaranthus viridis,0,Plantae,Tracheophyta,Magnoliopsida,Caryophyllales,Amaranthaceae,Not Found,Unknown,Unknown,0,1,0,0,0,0,0,0,0,0,0,0,0,0,0,0,0
Amegilla garrula,0,Animalia,Arthropoda,Insecta,Hymenoptera,Apidae,21765828,Least Concern,Unknown,0,0,0,0,0,0,0,0,0,0,0,0,0,0,3,0,0
Anagallis arvensis,0,Plantae,Tracheophyta,Magnoliopsida,Ericales,Primulaceae,Not Found,Unknown,Unknown,0,2,0,0,0,0,0,0,0,0,0,0,0,0,0,0,0
Anchusa L.,0,Plantae,Tracheophyta,Magnoliopsida,Boraginales,Boraginaceae,Not Found,Unknown,Unknown,0,1,0,0,0,0,0,0,0,0,0,0,0,0,0,0,0
Anchusa undulata,0,Plantae,Tracheophyta,Magnoliopsida,Boraginales,Boraginaceae,Not Found,Unknown,Unknown,0,1,0,0,0,0,0,0,0,0,0,0,0,0,0,0,0
Anchusella cretica,0,Plantae,Tracheophyta,Magnoliopsida,Boraginales,Boraginaceae,Not Found,Unknown,Unknown,0,1,0,0,0,0,0,0,0,0,0,0,0,0,0,0,0
Anemone pavonina,0,Plantae,Tracheophyta,Magnoliopsida,Ranunculales,Ranunculaceae,Not Found,Unknown,Unknown,0,0,0,1,0,0,0,0,0,0,0,0,0,0,0,0,0
Anguis cephallonica,0,Animalia,Chordata,Squamata,,Anguidae,137846721,Least Concern,Unknown,0,0,0,0,0,0,0,0,0,0,0,0,0,0,1,1,0
Anthemis altissima,0,Plantae,Tracheophyta,Magnoliopsida,Asterales,Asteraceae,Not Found,Unknown,Unknown,0,1,0,0,0,0,0,0,0,0,0,0,0,0,0,0,0
Anthemis arvensis,0,Plantae,Tracheophyta,Magnoliopsida,Asterales,Asteraceae,Not Found,Unknown,Unknown,0,1,0,0,0,0,0,0,0,0,0,0,0,0,0,0,0
Anthoxanthum odoratum,0,Plantae,Tracheophyta,Liliopsida,Poales,Poaceae,Not Found,Unknown,Unknown,0,1,0,0,0,0,0,0,0,0,0,0,0,0,0,0,0
Anthus trivialis,0,Animalia,Chordata,Aves,Passeriformes,Motacillidae,166404675,Least Concern,Decreasing,0,0,0,0,0,0,0,1,0,0,0,0,0,0,0,0,0
Anthyllis vulneraria,0,Plantae,Tracheophyta,Magnoliopsida,Fabales,Fabaceae,Not Found,Unknown,Unknown,0,2,0,0,0,0,0,0,0,0,0,0,0,0,0,0,0
Apopestes spectrum,0,Animalia,Arthropoda,Insecta,Lepidoptera,Erebidae,Not Found,Unknown,Unknown,0,0,0,0,0,0,0,0,2,0,0,0,0,0,0,0,0
Aporia crataegi,0,Animalia,Arthropoda,Insecta,Lepidoptera,Pieridae,211381664,Least Concern,Stable,1,0,0,0,0,0,0,0,0,0,0,0,0,0,0,0,0
Arenaria leptoclados,0,Plantae,Tracheophyta,Magnoliopsida,Caryophyllales,Caryophyllaceae,Not Found,Unknown,Unknown,0,1,0,0,0,0,0,0,0,0,0,0,0,0,0,0,0
Arenaria serpyllifolia,0,Plantae,Tracheophyta,Magnoliopsida,Caryophyllales,Caryophyllaceae,Not Found,Unknown,Unknown,0,1,0,0,0,0,0,0,0,0,0,0,0,0,0,0,0
Astragalus hamosus,0,Plantae,Tracheophyta,Magnoliopsida,Fabales,Fabaceae,Not Found,Unknown,Unknown,0,2,0,0,0,0,0,0,0,0,0,0,0,0,0,0,0
Aurinia saxatilis,0,Plantae,Tracheophyta,Magnoliopsida,Brassicales,Brassicaceae,Not Found,Unknown,Unknown,0,1,0,0,0,0,0,0,0,0,0,0,0,0,0,0,0
Autophila anaphanes,0,Animalia,Arthropoda,Insecta,Lepidoptera,Erebidae,Not Found,Unknown,Unknown,0,0,0,0,0,0,0,0,1,0,0,0,0,0,0,0,0
Avena barbata,0,Plantae,Tracheophyta,Liliopsida,Poales,Poaceae,6827601,Least Concern,Stable,0,1,0,0,0,0,0,0,0,0,0,0,0,0,0,0,0
BOLD:AAA2224,0,Animalia,Arthropoda,Insecta,Lepidoptera,Pieridae,Not Found,Unknown,Unknown,0,0,0,0,0,1,0,0,0,0,0,0,0,0,0,0,0
BOLD:AAA6761,0,Animalia,Arthropoda,Insecta,Lepidoptera,Hesperiidae,Not Found,Unknown,Unknown,0,0,0,0,0,1,0,0,0,0,0,0,0,0,0,0,0
BOLD:AAA7351,0,Animalia,Arthropoda,Insecta,Lepidoptera,Nymphalidae,Not Found,Unknown,Unknown,0,0,0,0,0,1,0,0,0,0,0,0,0,0,0,0,0
BOLD:AAB0403,0,Animalia,Arthropoda,Insecta,Lepidoptera,Hesperiidae,Not Found,Unknown,Unknown,0,0,0,0,0,2,0,0,0,0,0,0,0,0,0,0,0
BOLD:AAB3935,0,Animalia,Arthropoda,Insecta,Lepidoptera,Nymphalidae,Not Found,Unknown,Unknown,0,0,0,0,0,1,0,0,0,0,0,0,0,0,0,0,0
BOLD:AAB5533,0,Animalia,Arthropoda,Insecta,Lepidoptera,Lycaenidae,Not Found,Unknown,Unknown,0,0,0,0,0,1,0,0,0,0,0,0,0,0,0,0,0
BOLD:AAB8019,0,Animalia,Arthropoda,Insecta,Lepidoptera,Lycaenidae,Not Found,Unknown,Unknown,0,0,0,0,0,1,0,0,0,0,0,0,0,0,0,0,0
BOLD:AAC0485,0,Animalia,Arthropoda,Insecta,Lepidoptera,Nymphalidae,Not Found,Unknown,Unknown,0,0,0,0,0,2,0,0,0,0,0,0,0,0,0,0,0
BOLD:AAC0731,0,Animalia,Arthropoda,Insecta,Lepidoptera,Nymphalidae,Not Found,Unknown,Unknown,0,0,0,0,0,4,0,0,0,0,0,0,0,0,0,0,0
BOLD:AAC3322,0,Animalia,Arthropoda,Insecta,Lepidoptera,Hesperiidae,Not Found,Unknown,Unknown,0,0,0,0,0,1,0,0,0,0,0,0,0,0,0,0,0
BOLD:ABX5450,0,Animalia,Arthropoda,Insecta,Lepidoptera,Hesperiidae,Not Found,Unknown,Unknown,0,0,0,0,0,3,0,0,0,0,0,0,0,0,0,0,0
BOLD:ABX6579,0,Animalia,Arthropoda,Insecta,Lepidoptera,Lycaenidae,Not Found,Unknown,Unknown,0,0,0,0,0,1,0,0,0,0,0,0,0,0,0,0,0
BOLD:ABZ4318,0,Animalia,Arthropoda,Insecta,Lepidoptera,Lycaenidae,Not Found,Unknown,Unknown,0,0,0,0,0,1,0,0,0,0,0,0,0,0,0,0,0
BOLD:ACM5121,0,Animalia,Arthropoda,Insecta,Lepidoptera,Lycaenidae,Not Found,Unknown,Unknown,0,0,0,0,0,3,0,0,0,0,0,0,0,0,0,0,0
Ballota acetabulosa,0,Plantae,Tracheophyta,Magnoliopsida,Lamiales,Lamiaceae,Not Found,Unknown,Unknown,0,2,0,0,0,0,0,0,0,0,0,0,0,0,0,0,0
Ballota nigra,0,Plantae,Tracheophyta,Magnoliopsida,Lamiales,Lamiaceae,2758141,Least Concern,Stable,0,1,0,0,0,0,0,0,0,1,0,0,0,0,0,0,0
Bituminaria bituminosa,0,Plantae,Tracheophyta,Magnoliopsida,Fabales,Fabaceae,Not Found,Unknown,Unknown,0,1,0,0,0,0,0,0,0,0,0,0,0,0,0,0,0
Brachypodium sylvaticum,0,Plantae,Tracheophyta,Liliopsida,Poales,Poaceae,Not Found,Unknown,Unknown,0,1,0,0,0,0,0,0,0,0,0,0,0,0,0,0,0
Brintesia circe,0,Animalia,Arthropoda,Insecta,Lepidoptera,Lycaenidae,211425509,Least Concern,Stable,0,0,0,0,0,1,0,0,0,1,0,0,0,0,0,0,0
Briza humilis,0,Plantae,Tracheophyta,Liliopsida,Poales,Poaceae,Not Found,Unknown,Unknown,0,1,0,0,0,0,0,0,0,0,0,0,0,0,0,0,0
Bromus hordeaceus,0,Plantae,Tracheophyta,Liliopsida,Poales,Poaceae,Not Found,Unknown,Unknown,0,1,0,0,0,0,0,0,0,0,0,0,0,0,0,0,0
Bromus intermedius,0,Plantae,Tracheophyta,Liliopsida,Poales,Poaceae,Not Found,Unknown,Unknown,0,1,0,0,0,0,0,0,0,0,0,0,0,0,0,0,0
Bromus sterilis,0,Plantae,Tracheophyta,Liliopsida,Poales,Poaceae,Not Found,Unknown,Unknown,0,1,0,0,0,0,0,0,0,0,0,0,0,0,0,0,0
Bufotes viridis,0,Animalia,Chordata,Amphibia,Anura,Bufonidae,200192160,Least Concern,Decreasing,0,0,0,0,0,0,0,0,0,0,0,0,0,0,1,0,0
Bunias erucago,0,Plantae,Tracheophyta,Magnoliopsida,Brassicales,Brassicaceae,Not Found,Unknown,Unknown,0,1,0,0,0,0,0,0,0,0,0,0,0,0,0,0,0
Bupleurum glumaceum,0,Plantae,Tracheophyta,Magnoliopsida,Apiales,Apiaceae,Not Found,Unknown,Unknown,0,11,0,0,0,0,0,0,0,0,0,0,0,0,0,0,0
Buteo buteo,0,Animalia,Chordata,Aves,Accipitriformes,Accipitridae,210507000,Least Concern,Stable,0,0,0,0,0,0,0,1,0,2,2,1,1,0,0,1,0
Calendula arvensis,0,Plantae,Tracheophyta,Magnoliopsida,Asterales,Asteraceae,Not Found,Unknown,Unknown,0,3,0,0,0,0,0,0,0,0,0,0,0,0,0,0,0
Calopteryx virgo,0,Animalia,Arthropoda,Insecta,Odonata,Calopterygidae,208845263,Least Concern,Stable,0,0,0,0,1,0,0,0,0,0,0,0,0,0,0,0,0
Campanula phrygia,0,Plantae,Tracheophyta,Magnoliopsida,Asterales,Campanulaceae,Not Found,Unknown,Unknown,0,1,0,0,0,0,0,0,0,0,0,0,0,0,0,0,0
Campanula ramosissima,0,Plantae,Tracheophyta,Magnoliopsida,Asterales,Campanulaceae,Not Found,Unknown,Unknown,0,1,0,0,0,0,0,0,0,0,0,0,0,0,0,0,0
Campanula spatulata,0,Plantae,Tracheophyta,Magnoliopsida,Asterales,Campanulaceae,Not Found,Unknown,Unknown,0,0,0,0,0,0,0,0,0,1,0,0,0,0,0,0,0
Camptogramma bilineata,0,Animalia,Arthropoda,Insecta,Lepidoptera,Geometridae,Not Found,Unknown,Unknown,0,0,0,0,0,0,1,0,0,0,0,0,0,0,0,0,0
Carcharodus alceae,0,Animalia,Arthropoda,Insecta,Lepidoptera,Hesperiidae,211408589,Least Concern,Increasing,0,0,0,1,1,0,0,0,0,0,0,0,0,0,0,0,0
Carduelis carduelis,0,Animalia,Chordata,Aves,Passeriformes,Fringillidae,199579742,Least Concern,Increasing,0,0,0,0,0,0,0,3,2,0,0,0,0,0,0,0,0
Carthamus lanatus,0,Plantae,Tracheophyta,Magnoliopsida,Asterales,Asteraceae,Not Found,Unknown,Unknown,0,3,0,0,0,0,0,0,0,0,0,0,0,0,0,0,0
Catocala coniuncta,0,Animalia,Arthropoda,Insecta,Lepidoptera,Erebidae,Not Found,Unknown,Unknown,0,0,0,0,0,0,0,0,1,0,0,0,0,0,0,0,0
Catocala conversa,0,Animalia,Arthropoda,Insecta,Lepidoptera,Erebidae,Not Found,Unknown,Unknown,0,0,0,0,1,0,0,0,0,0,0,0,0,0,0,0,0
Catocala nymphaea,0,Animalia,Arthropoda,Insecta,Lepidoptera,Erebidae,Not Found,Unknown,Unknown,0,0,0,0,0,0,0,0,2,0,0,0,0,0,0,0,0
Cecropis daurica,0,Animalia,Chordata,Aves,Passeriformes,Hirundinidae,264559502,Least Concern,Increasing,0,0,0,0,0,0,0,0,2,0,0,0,0,0,6,0,0
Centaurea affinis,0,Plantae,Tracheophyta,Magnoliopsida,Asterales,Asteraceae,Not Found,Unknown,Unknown,0,1,0,0,0,0,0,0,0,0,0,0,0,0,0,0,0
Centaurea calcitrapa,0,Plantae,Tracheophyta,Magnoliopsida,Asterales,Asteraceae,Not Found,Unknown,Unknown,0,1,0,0,0,0,0,0,0,0,0,0,0,0,0,0,0
Centaurea raphanina,0,Plantae,Tracheophyta,Magnoliopsida,Asterales,Asteraceae,225919606,Least Concern,Stable,0,1,0,0,0,0,0,0,0,0,0,0,0,0,0,0,0
Cerambyx miles,0,Animalia,Arthropoda,Insecta,Coleoptera,Cerambycidae,43966267,Least Concern,Unknown,0,0,0,0,1,0,0,0,0,0,0,0,0,0,0,0,0
"Cercyonis Scudder,",0,Animalia,Arthropoda,Insecta,Lepidoptera,Nymphalidae,Not Found,Unknown,Unknown,0,0,0,0,0,4,0,0,0,0,0,0,0,0,0,0,0
"Cetonia Fabricius,",0,Animalia,Arthropoda,Insecta,Coleoptera,Scarabaeidae,Not Found,Unknown,Unknown,0,0,0,0,0,0,0,0,0,0,0,0,0,1,0,0,0
Cettia cetti,0,Animalia,Chordata,Aves,Passeriformes,Cettiidae,264547885,Least Concern,Stable,0,0,0,0,0,0,0,0,0,0,0,0,0,0,2,0,0
Chamaesphecia masariformis,0,Animalia,Arthropoda,Insecta,Lepidoptera,Sesiidae,Not Found,Unknown,Unknown,0,0,0,0,0,0,0,0,0,0,0,0,0,1,0,0,0
Chloris chloris,0,Animalia,Chordata,Aves,Passeriformes,Fringillidae,166412593,Least Concern,Decreasing,0,0,0,0,0,0,0,1,0,0,1,0,0,0,0,0,0
Chrysanthemum coronarium,0,Plantae,Tracheophyta,Magnoliopsida,Asterales,Asteraceae,Not Found,Unknown,Unknown,0,1,0,0,0,0,0,0,0,0,0,0,0,0,0,0,0
Cichorium intybus,0,Plantae,Tracheophyta,Magnoliopsida,Asterales,Asteraceae,6527012,Least Concern,Stable,0,1,0,0,0,0,0,0,0,0,0,0,0,0,0,0,0
Circaetus gallicus,0,Animalia,Chordata,Aves,Accipitriformes,Accipitridae,210508101,Least Concern,Unknown,0,0,0,0,0,0,0,5,1,0,0,1,0,0,0,1,0
Clematis flammula,0,Plantae,Tracheophyta,Magnoliopsida,Ranunculales,Ranunculaceae,Not Found,Unknown,Unknown,0,2,0,0,0,0,0,0,0,0,0,0,0,0,0,0,0
Clinopodium alpinum,0,Plantae,Tracheophyta,Magnoliopsida,Lamiales,Lamiaceae,14961753,Least Concern,Unknown,0,0,0,0,0,0,0,0,0,0,0,0,2,0,0,0,0
Coenonympha pamphilus,0,Animalia,Arthropoda,Insecta,Lepidoptera,Nymphalidae,211434061,Least Concern,Increasing,0,0,0,1,0,1,0,0,0,0,0,0,0,0,0,0,0
Colias croceus,0,Animalia,Arthropoda,Insecta,Lepidoptera,Pieridae,Not Found,Unknown,Unknown,0,0,0,0,0,0,0,0,0,0,0,0,0,0,2,0,0
Convolvulus althaeoides,0,Plantae,Tracheophyta,Magnoliopsida,Solanales,Convolvulaceae,Not Found,Unknown,Unknown,0,1,0,0,0,0,0,0,0,0,0,0,0,0,0,0,0
Convolvulus arvensis,0,Plantae,Tracheophyta,Magnoliopsida,Solanales,Convolvulaceae,Not Found,Unknown,Unknown,0,3,0,0,0,0,0,0,0,0,0,0,0,0,0,0,0
Convolvulus cantabrica,0,Plantae,Tracheophyta,Magnoliopsida,Solanales,Convolvulaceae,Not Found,Unknown,Unknown,0,5,0,0,0,0,0,0,0,0,0,0,0,0,0,0,0
Coronilla scorpioides,0,Plantae,Tracheophyta,Magnoliopsida,Fabales,Fabaceae,Not Found,Unknown,Unknown,0,1,0,0,0,0,0,0,0,0,0,0,0,0,0,0,0
Corvus corax,0,Animalia,Chordata,Aves,Passeriformes,Corvidae,166340260,Least Concern,Increasing,0,0,0,0,0,0,0,0,1,0,1,0,0,0,0,0,0
Corvus cornix,0,Animalia,Chordata,Aves,Passeriformes,Corvidae,Not Found,Unknown,Unknown,0,0,0,0,0,0,2,6,0,0,0,0,0,0,0,2,0
Corvus monedula,0,Animalia,Chordata,Aves,Passeriformes,Corvidae,166338407,Least Concern,Increasing,0,0,0,0,0,0,0,0,0,0,0,0,0,0,1,0,0
Crepis dioscoridis,0,Plantae,Tracheophyta,Magnoliopsida,Asterales,Asteraceae,Not Found,Unknown,Unknown,0,5,0,0,0,0,0,0,0,0,0,0,0,0,0,0,0
Crepis rubra,0,Plantae,Tracheophyta,Magnoliopsida,Asterales,Asteraceae,Not Found,Unknown,Unknown,0,2,0,0,0,0,0,0,0,0,0,0,0,0,0,1,0
Crepis setosa,0,Plantae,Tracheophyta,Magnoliopsida,Asterales,Asteraceae,Not Found,Unknown,Unknown,0,2,0,0,0,0,0,0,0,0,0,0,0,0,0,0,0
Crucianella latifolia,0,Plantae,Tracheophyta,Magnoliopsida,Gentianales,Rubiaceae,Not Found,Unknown,Unknown,0,1,0,0,0,0,0,0,0,0,0,0,0,0,0,0,0
Crupina crupinastrum,0,Plantae,Tracheophyta,Magnoliopsida,Asterales,Asteraceae,Not Found,Unknown,Unknown,0,3,0,0,0,0,0,0,0,0,0,0,0,0,0,0,0
Cuculus canorus,0,Animalia,Chordata,Aves,Cuculiformes,Cuculidae,264553575,Least Concern,Stable,0,0,0,0,0,0,0,0,0,0,0,0,0,0,1,0,0
Curruca cantillans,0,Animalia,Chordata,Aves,Passeriformes,Sylviidae,200219271,Least Concern,Increasing,0,0,0,0,0,0,0,3,2,0,0,0,0,0,1,0,0
Curruca melanocephala,0,Animalia,Chordata,Aves,Passeriformes,Sylviidae,166388810,Least Concern,Stable,0,0,0,0,0,0,0,1,1,0,0,0,0,0,0,0,0
Cyaniris semiargus,0,Animalia,Arthropoda,Insecta,Lepidoptera,Lycaenidae,211433438,Least Concern,Stable,0,0,0,1,0,0,0,0,0,0,0,0,0,0,0,0,0
Cyanistes caeruleus,0,Animalia,Chordata,Aves,Passeriformes,Paridae,264532201,Least Concern,Stable,0,0,0,0,0,0,0,3,4,0,0,0,0,0,0,0,0
Cynoglossum creticum,0,Plantae,Tracheophyta,Magnoliopsida,Boraginales,Boraginaceae,Not Found,Unknown,Unknown,0,1,0,0,0,0,0,0,0,0,0,0,0,0,0,0,0
Cynosurus echinatus,0,Plantae,Tracheophyta,Liliopsida,Poales,Poaceae,Not Found,Unknown,Unknown,0,3,0,0,0,0,0,0,0,0,0,0,0,0,0,0,0
Dactylis glomerata,0,Plantae,Tracheophyta,Liliopsida,Poales,Poaceae,Not Found,Unknown,Unknown,0,3,0,0,0,0,0,0,0,0,0,0,0,0,0,0,0
Daphniola longipenia,0,Animalia,Mollusca,Gastropoda,Littorinimorpha,Hydrobiidae,222462203,Endangered,Unknown,0,0,0,0,0,0,0,0,0,1,0,0,0,0,0,0,0
Dasypyrum villosum,0,Plantae,Tracheophyta,Liliopsida,Poales,Poaceae,Not Found,Unknown,Unknown,0,6,0,0,0,0,0,0,0,0,0,0,0,0,0,0,0
Daucus carota,0,Plantae,Tracheophyta,Magnoliopsida,Apiales,Apiaceae,19412090,Least Concern,Stable,0,1,0,0,0,0,0,0,0,0,0,0,0,0,0,0,0
Daucus involucratus,0,Plantae,Tracheophyta,Magnoliopsida,Apiales,Apiaceae,119885735,Least Concern,Stable,0,1,0,0,0,0,0,0,0,0,0,0,0,0,0,0,0
Delichon urbicum,0,Animalia,Chordata,Aves,Passeriformes,Hirundinidae,264561964,Least Concern,Stable,0,0,0,0,0,0,0,2,0,0,0,0,0,0,1,0,0
Dianthus illyricus,0,Plantae,Tracheophyta,Magnoliopsida,Caryophyllales,Caryophyllaceae,Not Found,Unknown,Unknown,0,0,0,0,0,0,0,0,0,1,0,0,0,0,0,0,0
Diloba caeruleocephala,0,Animalia,Arthropoda,Insecta,Lepidoptera,Noctuidae,Not Found,Unknown,Unknown,1,0,0,0,0,0,0,0,0,0,0,0,0,0,0,0,0
Dolichopoda dalensi,0,Animalia,Arthropoda,Insecta,Orthoptera,Rhaphidophoridae,70593507,Vulnerable,Unknown,0,0,0,0,0,0,0,0,0,0,0,0,0,0,1,0,0
Dorycnium pentaphyllum,0,Plantae,Tracheophyta,Magnoliopsida,Fabales,Fabaceae,Not Found,Unknown,Unknown,0,1,0,0,0,0,0,0,0,0,0,0,0,0,0,0,0
Drymadusa dorsalis,0,Animalia,Arthropoda,Insecta,Orthoptera,Tettigoniidae,70624069,Least Concern,Unknown,0,0,0,0,0,0,0,0,0,0,0,0,0,0,0,0,1
Echinops sphaerocephalus,0,Plantae,Tracheophyta,Magnoliopsida,Asterales,Asteraceae,Not Found,Unknown,Unknown,0,1,0,0,0,0,0,0,0,0,0,0,0,0,0,0,0
Echium italicum,0,Plantae,Tracheophyta,Magnoliopsida,Boraginales,Boraginaceae,Not Found,Unknown,Unknown,0,1,0,0,0,0,0,0,0,0,0,0,0,0,0,0,0
Elaphe quatuorlineata,0,Animalia,Chordata,Squamata,,Colubridae,204978521,Least Concern,Unknown,0,0,0,0,0,0,0,0,1,0,0,0,0,0,0,0,0
Emberiza cia,0,Animalia,Chordata,Aves,Passeriformes,Emberizidae,264574795,Least Concern,Stable,0,0,0,0,0,0,0,0,2,0,0,0,0,0,0,0,0
Emberiza cirlus,0,Animalia,Chordata,Aves,Passeriformes,Emberizidae,166421322,Least Concern,Decreasing,0,0,0,0,0,0,0,3,1,0,0,2,0,0,0,0,0
Empusa fasciata,0,Animalia,Arthropoda,Insecta,Mantodea,Empusidae,44798452,Data Deficient,Unknown,0,0,1,0,0,0,0,0,0,0,0,0,0,0,0,0,0
Endotricha flammealis,0,Animalia,Arthropoda,Insecta,Lepidoptera,Pyralidae,Not Found,Unknown,Unknown,0,0,0,0,0,0,1,0,0,0,0,0,0,0,0,0,0
Epilobium hirsutum,0,Plantae,Tracheophyta,Magnoliopsida,Myrtales,Onagraceae,1044291,Least Concern,Unknown,0,0,0,0,0,0,0,0,0,0,0,0,0,1,0,0,0
Erithacus rubecula,0,Animalia,Chordata,Aves,Passeriformes,Muscicapidae,166350059,Least Concern,Stable,0,0,0,0,0,0,0,0,0,0,0,0,0,0,4,0,0
Erodium cicutarium,1,Plantae,Tracheophyta,Magnoliopsida,Geraniales,Geraniaceae,Not Found,Unknown,Unknown,0,3,0,0,0,0,0,0,0,0,0,0,0,0,0,0,0
Erodium malacoides,0,Plantae,Tracheophyta,Magnoliopsida,Geraniales,Geraniaceae,Not Found,Unknown,Unknown,0,1,0,0,0,0,0,0,0,0,0,0,0,0,0,0,0
Erysimum asperulum,0,Plantae,Tracheophyta,Magnoliopsida,Brassicales,Brassicaceae,Not Found,Unknown,Unknown,0,2,0,0,0,0,0,0,0,0,0,0,0,0,0,0,0
Erysimum graecum,0,Plantae,Tracheophyta,Magnoliopsida,Brassicales,Brassicaceae,Not Found,Unknown,Unknown,0,4,0,0,0,0,0,0,0,0,0,0,0,0,0,0,0
Euphorbia chamaesyce,0,Plantae,Tracheophyta,Magnoliopsida,Malpighiales,Euphorbiaceae,Not Found,Unknown,Unknown,0,3,0,0,0,0,0,0,0,0,0,0,0,0,0,0,0
Euphorbia herniariifolia,0,Plantae,Tracheophyta,Magnoliopsida,Malpighiales,Euphorbiaceae,Not Found,Unknown,Unknown,0,2,0,0,0,0,0,0,0,0,0,0,0,0,0,0,0
Falco eleonorae,0,Animalia,Chordata,Aves,Falconiformes,Falconidae,210512489,Least Concern,Increasing,0,0,0,0,0,0,0,0,0,0,0,0,0,0,1,0,0
Falco naumanni,0,Animalia,Chordata,Aves,Falconiformes,Falconidae,210512944,Least Concern,Increasing,0,0,0,0,0,0,0,1,0,0,0,0,0,0,0,0,0
Favonius quercus,0,Animalia,Arthropoda,Insecta,Lepidoptera,Lycaenidae,211417691,Least Concern,Stable,0,0,0,0,1,0,0,0,0,0,0,0,0,0,0,0,0
Festuca Tourn.,0,Plantae,Tracheophyta,Liliopsida,Poales,Poaceae,Not Found,Unknown,Unknown,0,3,0,0,0,0,0,0,0,0,0,0,0,0,0,0,0
Fringilla coelebs,0,Animalia,Chordata,Aves,Passeriformes,Fringillidae,166409759,Least Concern,Stable,0,0,0,0,0,0,0,6,4,0,0,0,0,0,1,0,0
Fumana thymifolia,0,Plantae,Tracheophyta,Magnoliopsida,Malvales,Cistaceae,Not Found,Unknown,Unknown,0,1,0,0,0,0,0,0,0,0,0,0,0,0,0,0,0
Galerida cristata,0,Animalia,Chordata,Aves,Passeriformes,Alaudidae,264572635,Least Concern,Decreasing,0,0,0,0,0,0,0,0,0,0,0,0,0,0,1,0,0
Galium L.,0,Plantae,Tracheophyta,Magnoliopsida,Gentianales,Rubiaceae,Not Found,Unknown,Unknown,0,1,0,0,0,0,0,0,0,0,0,0,0,0,0,0,0
Galium verum,0,Plantae,Tracheophyta,Magnoliopsida,Gentianales,Rubiaceae,2765936,Least Concern,Decreasing,0,2,0,0,0,0,0,0,0,0,0,0,0,0,0,0,0
Garrulus glandarius,0,Animalia,Chordata,Aves,Passeriformes,Corvidae,196469765,Least Concern,Stable,0,0,0,0,0,0,0,2,6,0,1,0,0,0,8,1,0
Geranium columbinum,0,Plantae,Tracheophyta,Magnoliopsida,Geraniales,Geraniaceae,Not Found,Unknown,Unknown,0,1,0,0,0,0,0,0,0,0,0,0,0,0,0,0,0
Geranium molle,0,Plantae,Tracheophyta,Magnoliopsida,Geraniales,Geraniaceae,Not Found,Unknown,Unknown,0,1,0,0,0,0,0,0,0,0,0,0,0,0,0,0,0
Geranium purpureum,0,Plantae,Tracheophyta,Magnoliopsida,Geraniales,Geraniaceae,Not Found,Unknown,Unknown,0,1,0,0,0,0,0,0,0,0,0,0,0,0,0,0,0
Geranium rotundifolium,0,Plantae,Tracheophyta,Magnoliopsida,Geraniales,Geraniaceae,Not Found,Unknown,Unknown,0,1,0,0,0,0,0,0,0,0,0,0,0,0,0,0,0
Goniodiscus rotundatus,0,Animalia,Mollusca,Gastropoda,Stylommatophora,Discidae,Not Found,Unknown,Unknown,0,0,0,0,0,0,0,0,0,0,0,0,0,0,1,0,0
Gymnoscelis rufifasciata,0,Animalia,Arthropoda,Insecta,Lepidoptera,Geometridae,Not Found,Unknown,Unknown,0,0,0,0,0,0,2,0,0,0,0,0,0,0,0,0,0
Hauffenia edlaueri,0,Animalia,Mollusca,Gastropoda,Littorinimorpha,Hydrobiidae,4788040,Data Deficient,Unknown,0,0,0,0,0,0,0,0,0,1,0,0,0,0,0,0,0
Hedera helix,1,Plantae,Tracheophyta,Magnoliopsida,Apiales,Araliaceae,2758285,Least Concern,Stable,0,0,0,0,0,0,0,1,0,0,0,0,0,0,0,0,0
Helianthemum nummularium,0,Plantae,Tracheophyta,Magnoliopsida,Malvales,Cistaceae,Not Found,Unknown,Unknown,0,1,0,0,0,0,0,0,0,0,0,0,0,0,0,0,0
Hexaphylla arcadiensis,0,Plantae,Tracheophyta,Magnoliopsida,Gentianales,Rubiaceae,230588263,Least Concern,Stable,0,0,0,0,0,0,0,0,0,1,0,0,0,0,0,0,0
Hibiscus trionum,0,Plantae,Tracheophyta,Magnoliopsida,Malvales,Malvaceae,Not Found,Unknown,Unknown,0,0,0,0,0,0,0,0,0,0,0,0,0,1,0,0,0
Hieracium greuteri,0,Plantae,Tracheophyta,Magnoliopsida,Asterales,Asteraceae,Not Found,Unknown,Unknown,0,1,0,0,0,0,0,0,0,0,0,0,0,0,0,0,0
Hipparchia fagi,0,Animalia,Arthropoda,Insecta,Lepidoptera,Nymphalidae,245852748,Least Concern,Stable,0,0,0,0,0,2,0,0,0,0,0,0,0,0,0,0,0
Hirschfeldia incana,0,Plantae,Tracheophyta,Magnoliopsida,Brassicales,Brassicaceae,Not Found,Unknown,Unknown,0,2,0,0,0,0,0,0,0,0,0,0,0,0,0,0,0
Hirundo rustica,0,Animalia,Chordata,Aves,Passeriformes,Hirundinidae,166369730,Least Concern,Decreasing,0,0,0,0,0,0,0,2,6,0,0,0,0,0,3,0,0
Hordeum glaucum,0,Plantae,Tracheophyta,Liliopsida,Poales,Poaceae,Not Found,Unknown,Unknown,0,1,0,0,0,0,0,0,0,0,0,0,0,0,0,0,0
"Hypaurotis Scudder,",0,Animalia,Arthropoda,Insecta,Lepidoptera,Lycaenidae,Not Found,Unknown,Unknown,0,0,0,0,0,1,0,0,0,0,0,0,0,0,0,0,0
Hypericum empetrifolium,0,Plantae,Tracheophyta,Magnoliopsida,Malpighiales,Hypericaceae,Not Found,Unknown,Unknown,0,1,0,0,0,0,0,0,0,0,0,0,0,0,0,0,0
Hypericum perforatum,1,Plantae,Tracheophyta,Magnoliopsida,Malpighiales,Hypericaceae,2762472,Least Concern,Stable,0,2,0,0,0,0,0,0,0,0,0,0,0,0,0,0,0
Hypochaeris cretensis,0,Plantae,Tracheophyta,Magnoliopsida,Asterales,Asteraceae,Not Found,Unknown,Unknown,0,5,0,0,0,0,0,0,0,0,0,0,0,0,0,0,0
Idaea rusticata,0,Animalia,Arthropoda,Insecta,Lepidoptera,Geometridae,Not Found,Unknown,Unknown,0,0,0,0,0,0,1,0,0,0,0,0,0,0,0,0,0
Iphiclides podalirius,0,Animalia,Arthropoda,Insecta,Lepidoptera,Papilionidae,211130131,Least Concern,Stable,0,0,0,0,1,0,0,0,0,0,0,0,0,0,0,0,0
Jynx torquilla,0,Animalia,Chordata,Aves,Piciformes,Picidae,166212849,Least Concern,Stable,0,0,0,0,0,0,0,0,1,0,0,0,0,0,0,0,0
Kirinia roxelana,0,Animalia,Arthropoda,Insecta,Lepidoptera,Nymphalidae,211394650,Least Concern,Unknown,0,0,0,0,1,0,0,0,0,0,0,0,0,0,0,0,0
Knautia integrifolia,0,Plantae,Tracheophyta,Magnoliopsida,Dipsacales,Caprifoliaceae,Not Found,Unknown,Unknown,0,1,0,0,0,0,0,0,0,0,0,0,0,0,0,0,0
Lactuca viminea,0,Plantae,Tracheophyta,Magnoliopsida,Asterales,Asteraceae,6858103,Least Concern,Unknown,0,0,0,0,0,0,0,0,0,1,0,0,0,0,0,0,0
Lampyridae,0,Animalia,Arthropoda,Insecta,Coleoptera,Lampyridae,Not Found,Unknown,Unknown,0,0,0,0,0,0,0,0,0,0,0,0,0,0,0,1,0
Lasiommata megera,0,Animalia,Arthropoda,Insecta,Lepidoptera,Nymphalidae,211398778,Least Concern,Stable,0,0,0,1,0,0,0,0,0,0,0,0,0,1,1,0,0
Lathyrus hirsutus,0,Plantae,Tracheophyta,Magnoliopsida,Fabales,Fabaceae,120108293,Least Concern,Stable,0,1,0,0,0,0,0,0,0,0,0,0,0,0,0,0,0
Legousia speculum-veneris,0,Plantae,Tracheophyta,Magnoliopsida,Asterales,Campanulaceae,Not Found,Unknown,Unknown,0,0,0,1,0,0,0,0,0,3,0,0,0,0,0,0,0
Libelloides lacteus,0,Animalia,Arthropoda,Insecta,Neuroptera,Ascalaphidae,Not Found,Unknown,Unknown,0,0,0,0,0,0,0,0,0,0,0,0,1,0,0,0,0
Linaria Mill.,0,Plantae,Tracheophyta,Magnoliopsida,Lamiales,Plantaginaceae,Not Found,Unknown,Unknown,0,1,0,0,0,0,0,0,0,0,0,0,0,0,0,0,0
Linaria cannabina,0,Animalia,Chordata,Aves,Passeriformes,Fringillidae,166415057,Least Concern,Increasing,0,0,0,0,0,0,0,1,1,0,0,0,0,0,6,0,0
Lindholmiola lens,0,Animalia,Mollusca,Gastropoda,Stylommatophora,Helicodontidae,5012376,Least Concern,Unknown,0,1,0,0,0,0,0,0,0,0,0,0,0,0,0,0,0
Linum bienne,0,Plantae,Tracheophyta,Magnoliopsida,Malpighiales,Linaceae,Not Found,Unknown,Unknown,0,1,0,0,0,0,0,0,0,0,0,0,0,0,0,0,0
Linum strictum,0,Plantae,Tracheophyta,Magnoliopsida,Malpighiales,Linaceae,Not Found,Unknown,Unknown,0,1,0,0,0,0,0,0,0,0,0,0,0,0,0,0,0
Lolium perenne,0,Plantae,Tracheophyta,Liliopsida,Poales,Poaceae,7262174,Least Concern,Stable,0,4,0,0,0,0,0,0,0,0,0,0,0,0,0,0,0
Lotus creticus,0,Plantae,Tracheophyta,Magnoliopsida,Fabales,Fabaceae,Not Found,Unknown,Unknown,0,2,0,0,0,0,0,0,0,0,0,0,0,0,0,0,0
Luscinia megarhynchos,0,Animalia,Chordata,Aves,Passeriformes,Muscicapidae,264563469,Least Concern,Stable,0,0,0,0,0,0,0,1,0,0,0,0,0,0,2,0,0
Lycaena ottomana,0,Animalia,Arthropoda,Insecta,Lepidoptera,Lycaenidae,211381013,Least Concern,Unknown,0,0,0,0,1,3,0,0,0,0,0,0,0,0,1,0,0
Lycaena phlaeas,0,Animalia,Arthropoda,Insecta,Lepidoptera,Lycaenidae,211390839,Least Concern,Increasing,1,0,0,0,0,0,0,0,0,0,0,0,0,0,0,0,0
Lycaena thersamon,0,Animalia,Arthropoda,Insecta,Lepidoptera,Lycaenidae,211419343,Least Concern,Unknown,0,0,0,1,0,0,0,0,0,0,0,0,0,0,0,0,0
Lycaenidae,0,Animalia,Arthropoda,Insecta,Lepidoptera,Lycaenidae,Not Found,Unknown,Unknown,0,0,0,0,0,0,0,0,0,1,0,0,0,0,0,0,0
Lymantria dispar,1,Animalia,Arthropoda,Insecta,Lepidoptera,Erebidae,Not Found,Unknown,Unknown,0,0,0,0,0,0,3,0,0,0,0,0,0,0,0,0,0
Lyristes plebejus,0,Animalia,Arthropoda,Insecta,Hemiptera,Cicadidae,Not Found,Unknown,Unknown,0,0,0,0,1,0,0,0,0,0,0,0,0,0,0,0,0
Lysimachia atropurpurea,0,Plantae,Tracheophyta,Magnoliopsida,Ericales,Primulaceae,Not Found,Unknown,Unknown,0,1,0,0,0,0,0,0,0,0,0,0,0,0,0,0,0
Malacosoma neustria,0,Animalia,Arthropoda,Insecta,Lepidoptera,Lasiocampidae,Not Found,Unknown,Unknown,0,0,0,0,0,0,4,0,0,0,0,0,0,0,0,0,0
Malcolmia graeca,0,Plantae,Tracheophyta,Magnoliopsida,Brassicales,Brassicaceae,Not Found,Unknown,Unknown,0,1,0,0,0,0,0,0,0,0,0,0,0,0,0,0,0
Malva neglecta,0,Plantae,Tracheophyta,Magnoliopsida,Malvales,Malvaceae,2764349,Least Concern,Stable,0,1,0,0,0,0,0,0,0,0,0,0,0,0,0,0,0
Malva sylvestris,0,Plantae,Tracheophyta,Magnoliopsida,Malvales,Malvaceae,2764355,Least Concern,Stable,0,1,0,0,0,0,0,0,0,0,0,0,0,0,0,0,0
Maniola tithonus,0,Animalia,Arthropoda,Insecta,Lepidoptera,Nymphalidae,Not Found,Unknown,Unknown,0,0,0,0,0,1,0,0,0,0,0,0,0,0,0,0,0
"Mantispa Illiger,",0,Animalia,Arthropoda,Insecta,Neuroptera,Mantispidae,Not Found,Unknown,Unknown,0,0,0,0,0,0,1,0,0,0,0,0,0,0,0,0,0
Matricaria recutita,0,Plantae,Tracheophyta,Magnoliopsida,Asterales,Asteraceae,Not Found,Unknown,Unknown,0,2,0,0,0,0,0,0,0,0,0,0,0,0,0,0,0
Medicago coronata,0,Plantae,Tracheophyta,Magnoliopsida,Fabales,Fabaceae,7236934,Least Concern,Stable,0,3,0,0,0,0,0,0,0,0,0,0,0,0,0,0,0
Medicago falcata,0,Plantae,Tracheophyta,Magnoliopsida,Fabales,Fabaceae,Not Found,Unknown,Unknown,0,3,0,0,0,0,0,0,0,0,0,0,0,0,0,0,0
Medicago lupulina,0,Plantae,Tracheophyta,Magnoliopsida,Fabales,Fabaceae,7248555,Least Concern,Stable,0,1,0,0,0,0,0,0,0,0,0,0,0,0,0,0,0
Medicago minima,0,Plantae,Tracheophyta,Magnoliopsida,Fabales,Fabaceae,7228433,Least Concern,Stable,0,3,0,0,0,0,0,0,0,0,0,0,0,0,0,0,0
Medicago monspeliaca,0,Plantae,Tracheophyta,Magnoliopsida,Fabales,Fabaceae,7266817,Least Concern,Stable,0,1,0,0,0,0,0,0,0,0,0,0,0,0,0,0,0
Medicago orbicularis,0,Plantae,Tracheophyta,Magnoliopsida,Fabales,Fabaceae,7249550,Least Concern,Stable,0,1,0,0,0,0,0,0,0,0,0,0,0,0,0,0,0
Medicago sativa,0,Plantae,Tracheophyta,Magnoliopsida,Fabales,Fabaceae,19402449,Least Concern,Stable,0,1,0,0,0,0,0,0,0,0,0,0,0,0,0,0,0
Melanargia larissa,0,Animalia,Arthropoda,Insecta,Lepidoptera,Nymphalidae,211415196,Least Concern,Unknown,0,0,0,0,1,0,0,0,0,0,0,0,0,0,0,0,0
Melica ciliata,0,Plantae,Tracheophyta,Liliopsida,Poales,Poaceae,Not Found,Unknown,Unknown,0,2,0,0,0,0,0,0,0,0,0,0,0,0,0,0,0
Melilotus indicus,0,Plantae,Tracheophyta,Magnoliopsida,Fabales,Fabaceae,Not Found,Unknown,Unknown,0,1,0,0,0,0,0,0,0,0,0,0,0,0,0,0,0
Melilotus spicatus,0,Plantae,Tracheophyta,Magnoliopsida,Fabales,Fabaceae,Not Found,Unknown,Unknown,0,4,0,0,0,0,0,0,0,0,0,0,0,0,0,0,0
Mentha microphylla,0,Plantae,Tracheophyta,Magnoliopsida,Lamiales,Lamiaceae,Not Found,Unknown,Unknown,0,3,0,0,0,0,0,0,0,0,0,0,0,0,0,0,0
Merops apiaster,0,Animalia,Chordata,Aves,Coraciiformes,Meropidae,264578444,Least Concern,Stable,0,0,0,0,0,0,0,10,0,0,0,0,0,0,0,0,0
Micromeria juliana,0,Plantae,Tracheophyta,Magnoliopsida,Lamiales,Lamiaceae,Not Found,Unknown,Unknown,0,1,0,0,0,0,0,0,0,0,0,0,0,0,0,0,0
Minuartia globulosa,0,Plantae,Tracheophyta,Magnoliopsida,Caryophyllales,Caryophyllaceae,Not Found,Unknown,Unknown,0,1,0,0,0,0,0,0,0,0,0,0,0,0,0,0,0
Morus nigra,0,Plantae,Tracheophyta,Magnoliopsida,Rosales,Moraceae,61890080,Data Deficient,Unknown,0,1,0,0,0,0,0,0,0,0,0,0,0,0,0,0,0
"Muschampia Tutt,",0,Animalia,Arthropoda,Insecta,Lepidoptera,Hesperiidae,Not Found,Unknown,Unknown,0,0,0,0,0,1,0,0,0,0,0,0,0,0,0,0,0
Nepeta argolica,0,Plantae,Tracheophyta,Magnoliopsida,Lamiales,Lamiaceae,Not Found,Unknown,Unknown,0,1,0,0,0,0,0,0,0,0,0,0,0,0,0,0,0
Odontites linkii,0,Plantae,Tracheophyta,Magnoliopsida,Lamiales,Orobanchaceae,230588373,Least Concern,Stable,0,0,0,0,0,0,0,0,0,1,0,0,0,0,0,0,0
Olea europaea,1,Plantae,Tracheophyta,Magnoliopsida,Lamiales,Oleaceae,12601269,Data Deficient,Decreasing,0,0,0,0,0,0,0,0,0,0,0,0,0,1,0,0,0
Ononis pusilla,0,Plantae,Tracheophyta,Magnoliopsida,Fabales,Fabaceae,Not Found,Unknown,Unknown,0,2,0,0,0,0,0,0,0,0,0,0,0,0,0,0,0
Onopordum laconicum,0,Plantae,Tracheophyta,Magnoliopsida,Asterales,Asteraceae,228168924,Near Threatened,Unknown,0,1,0,0,0,0,0,0,0,0,0,0,0,0,0,0,0
Oryctes nasicornis,0,Animalia,Arthropoda,Insecta,Coleoptera,Scarabaeidae,Not Found,Unknown,Unknown,0,0,0,0,1,0,0,0,0,0,0,0,0,0,0,0,0
Oryzopsis miliacea,0,Plantae,Tracheophyta,Liliopsida,Poales,Poaceae,Not Found,Unknown,Unknown,0,1,0,0,0,0,0,0,0,0,0,0,0,0,0,0,0
Oxylia duponchelii,0,Animalia,Arthropoda,Insecta,Coleoptera,Cerambycidae,Not Found,Unknown,Unknown,0,0,0,0,1,0,0,0,0,0,0,0,0,0,0,0,0
Pallenis spinosa,0,Plantae,Tracheophyta,Magnoliopsida,Asterales,Asteraceae,Not Found,Unknown,Unknown,0,1,0,0,0,0,0,0,0,0,0,0,0,0,0,0,0
Palpares libelluloides,0,Animalia,Arthropoda,Insecta,Neuroptera,Myrmeleontidae,Not Found,Unknown,Unknown,0,0,0,0,0,0,0,0,0,0,0,0,0,1,0,0,0
Papaver rhoeas,0,Plantae,Tracheophyta,Magnoliopsida,Ranunculales,Papaveraceae,2764767,Least Concern,Stable,0,1,0,0,0,0,0,0,0,0,0,0,0,0,0,0,0
Papilio alexanor,0,Animalia,Arthropoda,Insecta,Lepidoptera,Papilionidae,211394351,Near Threatened,Decreasing,0,0,0,1,0,0,0,0,0,0,0,0,0,0,0,0,0
Parus major,0,Animalia,Chordata,Aves,Passeriformes,Paridae,264577711,Least Concern,Stable,0,0,0,0,0,0,0,4,3,0,0,0,0,0,0,0,0
Passer domesticus,1,Animalia,Chordata,Aves,Passeriformes,Passeridae,199147773,Least Concern,Decreasing,0,0,0,0,0,0,0,30,10,0,0,0,0,3,0,0,0
Passer montanus,0,Animalia,Chordata,Aves,Passeriformes,Passeridae,166399056,Least Concern,Decreasing,0,0,0,0,0,0,0,0,6,0,0,0,0,0,0,0,0
Pernis apivorus,0,Animalia,Chordata,Aves,Accipitriformes,Accipitridae,210525956,Least Concern,Stable,0,0,0,0,0,0,0,0,0,0,1,0,0,0,0,0,0
Petrorhagia illyrica,0,Plantae,Tracheophyta,Magnoliopsida,Caryophyllales,Caryophyllaceae,Not Found,Unknown,Unknown,0,5,0,0,0,0,0,0,0,0,0,0,0,0,0,0,0
Petrorhagia prolifera,0,Plantae,Tracheophyta,Magnoliopsida,Caryophyllales,Caryophyllaceae,Not Found,Unknown,Unknown,0,3,0,0,0,0,0,0,0,0,0,0,0,0,0,0,0
Philaeus chrysops,0,Animalia,Arthropoda,Arachnida,Araneae,Salticidae,Not Found,Unknown,Unknown,0,0,0,0,0,0,0,0,0,0,0,0,0,0,0,0,1
Phleum subulatum,0,Plantae,Tracheophyta,Liliopsida,Poales,Poaceae,Not Found,Unknown,Unknown,0,1,0,0,0,0,0,0,0,0,0,0,0,0,0,0,0
Pica pica,0,Animalia,Chordata,Aves,Passeriformes,Corvidae,264575751,Least Concern,Stable,0,0,0,0,0,0,0,4,8,0,0,0,0,0,3,0,0
Picris echioides,0,Plantae,Tracheophyta,Magnoliopsida,Asterales,Asteraceae,Not Found,Unknown,Unknown,0,1,0,0,0,0,0,0,0,0,0,0,0,0,0,0,0
Picris pauciflora,0,Plantae,Tracheophyta,Magnoliopsida,Asterales,Asteraceae,Not Found,Unknown,Unknown,0,1,0,0,0,0,0,0,0,0,0,0,0,0,0,0,0
Pieris rapae,0,Animalia,Arthropoda,Insecta,Lepidoptera,Pieridae,211416733,Least Concern,Decreasing,0,0,0,0,0,1,0,0,0,0,0,0,0,0,0,0,0
Plantago afra,0,Plantae,Tracheophyta,Magnoliopsida,Lamiales,Plantaginaceae,2764815,Least Concern,Unknown,0,1,0,0,0,0,0,0,0,0,0,0,0,0,0,0,0
Plantago coronopus,0,Plantae,Tracheophyta,Magnoliopsida,Lamiales,Plantaginaceae,Not Found,Unknown,Unknown,0,1,0,0,0,0,0,0,0,0,0,0,0,0,0,0,0
Plantago lagopus,0,Plantae,Tracheophyta,Magnoliopsida,Lamiales,Plantaginaceae,Not Found,Unknown,Unknown,0,4,0,0,0,0,0,0,0,0,0,0,0,0,0,0,0
Plantago lanceolata,0,Plantae,Tracheophyta,Magnoliopsida,Lamiales,Plantaginaceae,2764827,Least Concern,Stable,0,2,0,0,0,0,0,0,0,0,0,0,0,0,0,0,0
Plantago major,0,Plantae,Tracheophyta,Magnoliopsida,Lamiales,Plantaginaceae,1257878,Least Concern,Unknown,0,1,0,0,0,0,0,0,0,0,0,0,0,0,0,0,0
Plumbago europaea,0,Plantae,Tracheophyta,Magnoliopsida,Caryophyllales,Plumbaginaceae,Not Found,Unknown,Unknown,0,0,0,0,0,0,0,0,0,0,0,0,1,0,0,0,0
"Podarcis Wagler,",0,Animalia,Chordata,Squamata,,Lacertidae,Not Found,Unknown,Unknown,0,0,0,0,0,0,0,0,0,0,0,0,0,0,1,0,0
Podarcis ionicus,0,Animalia,Chordata,Squamata,,Lacertidae,204832746,Least Concern,Unknown,0,0,0,0,0,0,0,0,0,0,0,0,0,0,1,0,0
Poecile lugubris,0,Animalia,Chordata,Aves,Passeriformes,Paridae,264553279,Least Concern,Unknown,0,0,0,0,0,0,0,3,1,0,0,0,0,0,0,0,0
"Poecilimon Fischer,",0,Animalia,Arthropoda,Insecta,Orthoptera,Tettigoniidae,Not Found,Unknown,Unknown,0,0,0,0,0,0,0,0,0,0,0,0,0,0,1,0,0
Poecilimon artedentatus,0,Animalia,Arthropoda,Insecta,Orthoptera,Tettigoniidae,226341219,Least Concern,Unknown,0,0,0,0,0,0,0,0,0,1,0,0,0,0,0,0,0
Polygonia egea,0,Animalia,Arthropoda,Insecta,Lepidoptera,Nymphalidae,211427070,Least Concern,Unknown,0,0,0,0,1,0,0,0,0,0,0,0,0,0,0,0,0
Polyommatus admetus,0,Animalia,Arthropoda,Insecta,Lepidoptera,Lycaenidae,211396494,Least Concern,Unknown,0,0,0,0,0,1,0,0,0,0,0,0,0,0,0,0,0
Polyommatus daphnis,0,Animalia,Arthropoda,Insecta,Lepidoptera,Lycaenidae,211418264,Least Concern,Unknown,0,0,0,0,0,1,0,0,0,0,0,0,0,0,0,0,0
Polypogon viridis,0,Plantae,Tracheophyta,Liliopsida,Poales,Poaceae,13556201,Least Concern,Stable,0,1,0,0,0,0,0,0,0,0,0,0,0,0,0,0,0
Populus nigra,0,Plantae,Tracheophyta,Magnoliopsida,Malpighiales,Salicaceae,68106816,Data Deficient,Unknown,0,1,0,0,0,0,0,0,0,0,0,0,0,0,0,0,0
Potentilla recta,0,Plantae,Tracheophyta,Magnoliopsida,Rosales,Rosaceae,Not Found,Unknown,Unknown,0,1,0,0,0,0,0,0,0,0,0,0,0,0,0,0,0
Prunus persica,0,Plantae,Tracheophyta,Magnoliopsida,Rosales,Rosaceae,Not Found,Unknown,Unknown,0,0,0,0,0,0,0,0,0,0,0,0,0,1,0,0,0
Pterocephalus papposus,0,Plantae,Tracheophyta,Magnoliopsida,Dipsacales,Caprifoliaceae,Not Found,Unknown,Unknown,0,4,0,0,0,0,0,0,0,0,0,0,0,0,0,0,0
Ptyonoprogne rupestris,0,Animalia,Chordata,Aves,Passeriformes,Hirundinidae,264590667,Least Concern,Stable,0,0,0,0,0,0,0,0,0,1,0,0,0,0,0,0,0
Purpuricenus budensis,0,Animalia,Arthropoda,Insecta,Coleoptera,Cerambycidae,45811774,Least Concern,Stable,0,0,0,0,0,0,0,0,1,0,0,0,0,0,0,0,0
Pyrgus armoricanus,0,Animalia,Arthropoda,Insecta,Lepidoptera,Hesperiidae,211423825,Least Concern,Stable,0,0,0,0,0,3,0,0,0,0,0,0,0,0,0,0,0
Pyronia tithonus,0,Animalia,Arthropoda,Insecta,Lepidoptera,Nymphalidae,211402885,Least Concern,Decreasing,0,0,0,0,0,0,0,0,2,0,0,0,0,0,0,0,0
Rapistrum rugosum,0,Plantae,Tracheophyta,Magnoliopsida,Brassicales,Brassicaceae,Not Found,Unknown,Unknown,0,1,0,0,0,0,0,0,0,0,0,0,0,0,0,0,0
Regulus ignicapilla,0,Animalia,Chordata,Aves,Passeriformes,Regulidae,166445678,Least Concern,Increasing,0,0,0,0,0,0,0,0,0,0,0,0,0,0,1,0,0
Remiz pendulinus,0,Animalia,Chordata,Aves,Passeriformes,Remizidae,199571653,Least Concern,Increasing,0,0,0,0,0,0,0,0,2,0,0,0,0,0,0,0,0
Reseda lutea,0,Plantae,Tracheophyta,Magnoliopsida,Brassicales,Resedaceae,Not Found,Unknown,Unknown,0,3,0,0,0,0,0,0,0,0,0,0,0,0,0,0,0
Rhus coriaria,0,Plantae,Tracheophyta,Magnoliopsida,Sapindales,Anacardiaceae,112727303,Least Concern,Unknown,0,1,0,0,0,0,0,0,0,0,0,0,0,0,0,0,0
Rostraria cristata,0,Plantae,Tracheophyta,Liliopsida,Poales,Poaceae,Not Found,Unknown,Unknown,0,3,0,0,0,0,0,0,0,0,0,0,0,0,0,0,0
Rubia peregrina,0,Plantae,Tracheophyta,Magnoliopsida,Gentianales,Rubiaceae,Not Found,Unknown,Unknown,0,1,0,0,0,0,0,0,0,0,0,0,0,0,0,0,0
Rubus sanctus,0,Plantae,Tracheophyta,Magnoliopsida,Rosales,Rosaceae,Not Found,Unknown,Unknown,0,1,0,0,0,0,0,0,0,0,0,0,0,0,0,0,0
Rumex conglomeratus,0,Plantae,Tracheophyta,Magnoliopsida,Caryophyllales,Polygonaceae,5805797,Least Concern,Stable,0,1,0,0,0,0,0,0,0,0,0,0,0,0,0,0,0
Rumex pulcher,0,Plantae,Tracheophyta,Magnoliopsida,Caryophyllales,Polygonaceae,5775036,Least Concern,Stable,0,1,0,0,0,0,0,0,0,0,0,0,0,0,0,0,0
Salvia verbenaca,0,Plantae,Tracheophyta,Magnoliopsida,Lamiales,Lamiaceae,Not Found,Unknown,Unknown,0,1,0,0,0,0,0,0,0,0,0,0,0,0,0,0,0
Salvia virgata,0,Plantae,Tracheophyta,Magnoliopsida,Lamiales,Lamiaceae,Not Found,Unknown,Unknown,0,7,0,0,0,0,0,0,0,0,0,0,0,0,0,0,0
Salvia viridis,0,Plantae,Tracheophyta,Magnoliopsida,Lamiales,Lamiaceae,Not Found,Unknown,Unknown,0,1,0,0,0,0,0,0,0,0,0,0,0,0,0,0,0
Sambucus ebulus,0,Plantae,Tracheophyta,Magnoliopsida,Dipsacales,Viburnaceae,2758237,Least Concern,Stable,0,0,0,0,0,0,0,0,0,0,0,0,1,0,0,0,0
Sanguisorba minor,0,Plantae,Tracheophyta,Magnoliopsida,Rosales,Rosaceae,Not Found,Unknown,Unknown,0,3,0,0,0,0,0,0,0,0,0,0,0,0,0,0,0
Saponaria calabrica,0,Plantae,Tracheophyta,Magnoliopsida,Caryophyllales,Caryophyllaceae,Not Found,Unknown,Unknown,0,1,0,0,0,0,0,0,0,0,0,0,0,0,0,0,0
Saponaria glutinosa,0,Plantae,Tracheophyta,Magnoliopsida,Caryophyllales,Caryophyllaceae,Not Found,Unknown,Unknown,0,0,0,0,0,0,0,0,0,0,0,0,1,0,0,0,0
Satyrium acaciae,0,Animalia,Arthropoda,Insecta,Lepidoptera,Lycaenidae,211424286,Least Concern,Decreasing,0,0,0,0,1,0,0,0,0,0,0,0,0,0,0,0,0
Satyrium ilicis,0,Animalia,Arthropoda,Insecta,Lepidoptera,Lycaenidae,211420323,Least Concern,Stable,0,0,0,0,1,0,0,0,0,0,0,0,0,0,0,0,0
Satyrium spini,0,Animalia,Arthropoda,Insecta,Lepidoptera,Lycaenidae,211423313,Vulnerable,Decreasing,0,0,0,0,1,0,0,0,0,0,0,0,0,0,0,0,0
Satyrus ferula,0,Animalia,Arthropoda,Insecta,Lepidoptera,Nymphalidae,211426906,Least Concern,Unknown,0,0,0,0,2,0,0,0,0,0,0,0,0,0,0,0,0
Saxicola rubicola,0,Animalia,Chordata,Aves,Passeriformes,Muscicapidae,Not Found,Unknown,Unknown,0,0,0,0,0,0,1,1,0,0,0,0,0,0,0,0,0
Scolymus hispanicus,0,Plantae,Tracheophyta,Magnoliopsida,Asterales,Asteraceae,Not Found,Unknown,Unknown,0,1,0,0,0,0,0,0,0,0,0,1,0,0,0,0,0
Scorpiurus muricatus,0,Plantae,Tracheophyta,Magnoliopsida,Fabales,Fabaceae,Not Found,Unknown,Unknown,0,2,0,0,0,0,0,0,0,0,0,0,0,0,0,0,0
Scorzonera cana,0,Plantae,Tracheophyta,Magnoliopsida,Asterales,Asteraceae,Not Found,Unknown,Unknown,0,1,0,0,0,0,0,0,0,0,0,0,0,0,0,0,0
Sedum acre,0,Plantae,Tracheophyta,Magnoliopsida,Saxifragales,Crassulaceae,2758471,Least Concern,Stable,0,1,0,0,0,0,0,0,0,0,0,0,0,0,0,0,0
Sedum amplexicaule,0,Plantae,Tracheophyta,Magnoliopsida,Saxifragales,Crassulaceae,Not Found,Unknown,Unknown,0,2,0,0,0,0,0,0,0,0,0,0,0,0,0,0,0
Sedum hispanicum,0,Plantae,Tracheophyta,Magnoliopsida,Saxifragales,Crassulaceae,Not Found,Unknown,Unknown,0,2,0,0,0,0,0,0,0,0,0,0,0,0,0,0,0
Sedum rubens,0,Plantae,Tracheophyta,Magnoliopsida,Saxifragales,Crassulaceae,Not Found,Unknown,Unknown,0,1,0,0,0,0,0,0,0,0,0,0,0,0,0,0,0
Serinus serinus,0,Animalia,Chordata,Aves,Passeriformes,Fringillidae,166411537,Least Concern,Decreasing,0,0,0,0,0,0,0,2,4,0,0,0,0,0,0,0,0
Sideritis curvidens,0,Plantae,Tracheophyta,Magnoliopsida,Lamiales,Lamiaceae,Not Found,Unknown,Unknown,0,1,0,0,0,0,0,0,0,0,0,0,0,0,0,0,0
Sideritis purpurea,0,Plantae,Tracheophyta,Magnoliopsida,Lamiales,Lamiaceae,Not Found,Unknown,Unknown,0,2,0,0,0,0,0,0,0,0,0,0,0,0,0,0,0
Silene nocturna,0,Plantae,Tracheophyta,Magnoliopsida,Caryophyllales,Caryophyllaceae,Not Found,Unknown,Unknown,0,1,0,0,0,0,0,0,0,0,0,0,0,0,0,0,0
Silene vulgaris,0,Plantae,Tracheophyta,Magnoliopsida,Caryophyllales,Caryophyllaceae,53798707,Least Concern,Stable,0,1,0,0,0,0,0,0,0,0,0,0,0,0,0,0,0
Silybum marianum,0,Plantae,Tracheophyta,Magnoliopsida,Asterales,Asteraceae,88329022,Least Concern,Stable,0,1,0,0,0,0,0,0,0,0,0,0,0,0,0,0,0
Sisymbrium officinale,0,Plantae,Tracheophyta,Magnoliopsida,Brassicales,Brassicaceae,2758495,Least Concern,Stable,0,1,0,0,0,0,0,0,0,0,0,0,0,0,0,0,0
Sitta europaea,0,Animalia,Chordata,Aves,Passeriformes,Sittidae,199569378,Least Concern,Stable,0,0,0,0,0,0,0,0,0,0,0,0,0,0,1,0,0
Sixalix atropurpurea,0,Plantae,Tracheophyta,Magnoliopsida,Dipsacales,Caprifoliaceae,Not Found,Unknown,Unknown,0,2,0,0,0,0,0,0,0,0,0,0,0,0,0,0,0
Smyrnium perfoliatum,0,Plantae,Tracheophyta,Magnoliopsida,Apiales,Apiaceae,Not Found,Unknown,Unknown,0,0,0,0,0,0,0,0,0,0,0,0,0,0,0,1,0
Sonchus asper,1,Plantae,Tracheophyta,Magnoliopsida,Asterales,Asteraceae,Not Found,Unknown,Unknown,0,2,0,0,0,0,0,0,0,0,0,0,0,0,0,0,0
Sonchus tenerrimus,0,Plantae,Tracheophyta,Magnoliopsida,Asterales,Asteraceae,Not Found,Unknown,Unknown,0,1,0,0,0,0,0,0,0,0,0,0,0,0,0,0,0
Sorghum halepense,1,Plantae,Tracheophyta,Liliopsida,Poales,Poaceae,Not Found,Unknown,Unknown,0,1,0,0,0,0,0,0,0,0,0,0,0,0,0,0,0
Spialia orbifer,0,Animalia,Arthropoda,Insecta,Lepidoptera,Hesperiidae,211398162,Near Threatened,Decreasing,0,0,1,0,0,0,0,0,0,0,0,0,0,0,0,0,0
Spilostethus saxatilis,0,Animalia,Arthropoda,Insecta,Hemiptera,Lygaeidae,Not Found,Unknown,Unknown,0,0,0,0,0,0,0,0,0,0,0,0,0,0,0,2,0
Stachys acutifolia,0,Plantae,Tracheophyta,Magnoliopsida,Lamiales,Lamiaceae,Not Found,Unknown,Unknown,0,1,0,0,0,0,0,0,0,0,0,0,0,0,0,0,0
Stachys cretica,0,Plantae,Tracheophyta,Magnoliopsida,Lamiales,Lamiaceae,Not Found,Unknown,Unknown,0,0,0,0,0,0,0,0,0,0,0,0,1,0,0,0,0
Stachys recta,0,Plantae,Tracheophyta,Magnoliopsida,Lamiales,Lamiaceae,Not Found,Unknown,Unknown,0,1,0,0,0,0,0,0,0,0,0,0,0,0,0,0,0
Stictoleptura cordigera,0,Animalia,Arthropoda,Insecta,Coleoptera,Cerambycidae,87311675,Least Concern,Stable,0,0,0,0,2,0,0,0,0,0,0,0,0,0,0,0,0
Stipa holosericea,0,Plantae,Tracheophyta,Liliopsida,Poales,Poaceae,Not Found,Unknown,Unknown,0,1,0,0,0,0,0,0,0,0,0,0,0,0,0,0,0
Streptopelia decaocto,1,Animalia,Chordata,Aves,Columbiformes,Columbidae,166435449,Least Concern,Stable,0,0,0,0,0,0,0,4,0,0,0,0,0,0,0,0,0
Sylvia atricapilla,0,Animalia,Chordata,Aves,Passeriformes,Sylviidae,166384785,Least Concern,Increasing,0,0,0,0,0,0,0,0,0,0,0,0,0,0,1,0,0
Testudo marginata,0,Animalia,Chordata,Testudines,,Testudinidae,2777760,Least Concern,Stable,0,0,0,1,0,0,0,0,0,0,0,0,0,0,0,0,0
Teucrium chamaedrys,0,Plantae,Tracheophyta,Magnoliopsida,Lamiales,Lamiaceae,2762744,Least Concern,Stable,0,2,0,0,0,0,0,0,0,0,0,0,0,0,0,0,0
Teucrium flavum,0,Plantae,Tracheophyta,Magnoliopsida,Lamiales,Lamiaceae,Not Found,Unknown,Unknown,0,1,0,0,0,0,0,0,0,0,0,0,0,0,0,0,0
Teucrium polium,0,Plantae,Tracheophyta,Magnoliopsida,Lamiales,Lamiaceae,Not Found,Unknown,Unknown,0,1,0,0,0,0,0,0,0,0,0,0,0,0,0,0,0
Thesium bergeri,0,Plantae,Tracheophyta,Magnoliopsida,Santalales,Thesiaceae,Not Found,Unknown,Unknown,0,1,0,0,0,0,0,0,0,0,0,0,0,0,0,0,0
Thymelicus sylvestris,0,Animalia,Arthropoda,Insecta,Lepidoptera,Hesperiidae,211422958,Vulnerable,Decreasing,0,0,0,0,0,1,0,0,0,0,0,0,0,0,0,0,0
Tordylium apulum,0,Plantae,Tracheophyta,Magnoliopsida,Apiales,Apiaceae,Not Found,Unknown,Unknown,0,0,0,0,0,0,0,0,0,0,0,0,0,1,0,0,0
Tordylium officinale,0,Plantae,Tracheophyta,Magnoliopsida,Apiales,Apiaceae,Not Found,Unknown,Unknown,0,3,0,0,0,0,0,0,0,0,0,0,0,0,0,0,0
Torilis arvensis,0,Plantae,Tracheophyta,Magnoliopsida,Apiales,Apiaceae,Not Found,Unknown,Unknown,0,3,0,0,0,0,0,0,0,0,0,0,0,0,0,0,0
Tremastelma palaestinum,0,Plantae,Tracheophyta,Magnoliopsida,Dipsacales,Caprifoliaceae,Not Found,Unknown,Unknown,0,4,0,0,0,0,0,0,0,0,0,0,0,0,0,0,0
Tribulus terrestris,0,Plantae,Tracheophyta,Magnoliopsida,Zygophyllales,Zygophyllaceae,84011807,Least Concern,Stable,0,2,0,0,0,0,0,0,0,0,0,0,0,0,0,0,0
Trifolium angustifolium,0,Plantae,Tracheophyta,Magnoliopsida,Fabales,Fabaceae,20120853,Least Concern,Stable,0,1,0,0,0,0,0,0,0,0,0,0,0,0,0,0,0
Trifolium campestre,0,Plantae,Tracheophyta,Magnoliopsida,Fabales,Fabaceae,Not Found,Unknown,Unknown,0,1,0,0,0,0,0,0,0,0,0,0,0,0,0,0,0
Trifolium lappaceum,0,Plantae,Tracheophyta,Magnoliopsida,Fabales,Fabaceae,Not Found,Unknown,Unknown,0,0,0,0,0,0,0,0,0,0,0,0,0,1,0,0,0
Trifolium nigrescens,0,Plantae,Tracheophyta,Magnoliopsida,Fabales,Fabaceae,7091959,Least Concern,Stable,0,2,0,0,0,0,0,0,0,0,0,0,0,0,0,0,0
Trifolium pallidum,0,Plantae,Tracheophyta,Magnoliopsida,Fabales,Fabaceae,7087914,Least Concern,Stable,0,1,0,0,0,0,0,0,0,0,0,0,0,0,0,0,0
Trifolium pratense,0,Plantae,Tracheophyta,Magnoliopsida,Fabales,Fabaceae,20156449,Least Concern,Stable,0,1,0,0,0,0,0,0,0,1,0,0,0,0,0,0,0
Trifolium repens,1,Plantae,Tracheophyta,Magnoliopsida,Fabales,Fabaceae,7089783,Least Concern,Stable,0,1,0,0,0,0,0,0,0,0,0,0,0,0,0,0,0
Trifolium scabrum,0,Plantae,Tracheophyta,Magnoliopsida,Fabales,Fabaceae,20157638,Least Concern,Stable,0,4,0,0,0,0,0,0,0,0,0,0,0,0,0,0,0
Trigonella esculenta,0,Plantae,Tracheophyta,Magnoliopsida,Fabales,Fabaceae,Not Found,Unknown,Unknown,0,1,0,0,0,0,0,0,0,0,0,0,0,0,0,0,0
Triodia adriaticus,0,Animalia,Arthropoda,Insecta,Lepidoptera,Hepialidae,Not Found,Unknown,Unknown,0,0,0,0,0,0,0,0,0,0,0,0,0,0,1,0,0
Turdus merula,0,Animalia,Chordata,Aves,Passeriformes,Turdidae,264548442,Least Concern,Increasing,0,0,0,0,0,0,0,1,2,0,0,0,0,0,0,0,0
Upupa epops,0,Animalia,Chordata,Aves,Bucerotiformes,Upupidae,166215872,Least Concern,Stable,0,0,0,0,0,0,0,0,1,0,0,0,0,0,3,2,0
Urospermum picroides,0,Plantae,Tracheophyta,Magnoliopsida,Asterales,Asteraceae,Not Found,Unknown,Unknown,0,2,0,0,0,0,0,0,0,0,0,0,0,0,0,0,0
Urtica dioica,0,Plantae,Tracheophyta,Magnoliopsida,Rosales,Urticaceae,78457212,Least Concern,Unknown,0,1,0,0,0,0,0,0,0,0,0,0,0,0,0,0,0
Vanessa cardui,0,Animalia,Arthropoda,Insecta,Lepidoptera,Nymphalidae,211421212,Least Concern,Decreasing,0,0,0,0,0,0,0,0,0,0,0,0,0,0,0,1,0
Velezia rigida,0,Plantae,Tracheophyta,Magnoliopsida,Caryophyllales,Caryophyllaceae,Not Found,Unknown,Unknown,0,1,0,0,0,0,0,0,0,0,0,0,0,0,0,0,0
Verbascum samniticum,0,Plantae,Tracheophyta,Magnoliopsida,Lamiales,Scrophulariaceae,Not Found,Unknown,Unknown,0,1,0,0,0,0,0,0,0,0,0,0,0,0,0,0,0
Verbena officinalis,0,Plantae,Tracheophyta,Magnoliopsida,Lamiales,Verbenaceae,1040163,Least Concern,Stable,0,2,0,0,0,0,0,0,0,0,0,0,0,0,0,0,0
Veronica anagallis-aquatica,0,Plantae,Tracheophyta,Magnoliopsida,Lamiales,Plantaginaceae,1019922,Least Concern,Unknown,0,1,0,0,0,0,0,0,0,0,0,0,0,0,0,0,0
Veronica persica,0,Plantae,Tracheophyta,Magnoliopsida,Lamiales,Plantaginaceae,Not Found,Unknown,Unknown,0,1,0,0,0,0,0,0,0,0,0,0,0,0,0,0,0
Xerolenta obvia,0,Animalia,Mollusca,Gastropoda,Stylommatophora,Geomitridae,5001875,Least Concern,Stable,0,1,0,0,0,0,0,0,0,0,0,0,0,0,0,0,0
