Species Name,Invasive,Kingdom,Phylum,Class,Order,Family,Assessment ID,Red List Category,Population Trend,Observations_2005,Observations_2007,Observations_2008,Observations_2010,Observations_2011,Observations_2012,Observations_2014,Observations_2015,Observations_2016,Observations_2017,Observations_2018,Observations_2019,Observations_2020,Observations_2021,Observations_2022,Observations_2023,Observations_2024,Observations_2025
Acer monspessulanum,0,Plantae,Tracheophyta,Magnoliopsida,Sapindales,Sapindaceae,124731677,Least Concern,Stable,0,0,0,0,0,0,0,0,0,0,0,0,0,0,0,1,0,0
Acer negundo,0,Plantae,Tracheophyta,Magnoliopsida,Sapindales,Sapindaceae,3117065,Least Concern,Stable,0,0,0,1,0,0,0,0,0,0,0,0,0,0,0,0,0,0
Achillea ligustica,0,Plantae,Tracheophyta,Magnoliopsida,Asterales,Asteraceae,Not Found,Unknown,Unknown,0,0,0,2,0,0,0,0,0,0,0,0,0,0,0,0,0,0
Achillea setacea,0,Plantae,Tracheophyta,Magnoliopsida,Asterales,Asteraceae,Not Found,Unknown,Unknown,0,0,0,1,0,0,0,0,0,0,0,0,0,0,0,0,0,0
Acinos alpinus,0,Plantae,Tracheophyta,Magnoliopsida,Lamiales,Lamiaceae,Not Found,Unknown,Unknown,0,0,0,6,0,0,0,0,0,0,0,0,0,0,0,0,0,0
Acrometopa macropoda,0,Animalia,Arthropoda,Insecta,Orthoptera,Tettigoniidae,Not Found,Unknown,Unknown,0,0,0,0,0,0,0,0,0,0,0,0,0,0,1,0,0,0
Adalia decempunctata,0,Animalia,Arthropoda,Insecta,Coleoptera,Coccinellidae,Not Found,Unknown,Unknown,0,0,0,0,0,0,0,0,0,0,0,0,0,0,0,0,0,1
Aegilops biuncialis,0,Plantae,Tracheophyta,Liliopsida,Poales,Poaceae,61526786,Least Concern,Stable,0,0,0,2,0,0,0,0,0,0,0,0,0,0,0,0,0,0
Aegilops comosa,0,Plantae,Tracheophyta,Liliopsida,Poales,Poaceae,116570215,Least Concern,Stable,0,0,0,1,0,0,0,0,0,0,0,0,0,0,0,0,0,0
Aegilops dichasians,0,Plantae,Tracheophyta,Liliopsida,Poales,Poaceae,Not Found,Unknown,Unknown,0,0,0,1,0,0,0,0,0,0,0,0,0,0,0,0,0,0
Aegilops neglecta,0,Plantae,Tracheophyta,Liliopsida,Poales,Poaceae,19389466,Least Concern,Stable,0,0,0,6,0,0,0,0,0,0,0,0,0,0,0,0,0,0
Aegilops triuncialis,1,Plantae,Tracheophyta,Liliopsida,Poales,Poaceae,19390231,Least Concern,Increasing,0,0,0,6,0,0,0,0,0,0,0,0,0,0,0,0,0,0
Aegithalos caudatus,0,Animalia,Chordata,Aves,Passeriformes,Aegithalidae,264587236,Least Concern,Stable,0,0,0,0,0,0,0,0,12,0,4,0,0,10,12,8,0,0
Aethionema saxatile,0,Plantae,Tracheophyta,Magnoliopsida,Brassicales,Brassicaceae,Not Found,Unknown,Unknown,0,0,0,3,0,0,0,0,0,0,0,0,0,0,0,0,0,0
Agrimonia eupatoria,0,Plantae,Tracheophyta,Magnoliopsida,Rosales,Rosaceae,2757991,Least Concern,Decreasing,0,0,0,2,0,0,0,0,0,0,0,0,0,0,0,0,0,0
Agrostemma githago,0,Plantae,Tracheophyta,Magnoliopsida,Caryophyllales,Caryophyllaceae,Not Found,Unknown,Unknown,0,0,0,1,0,0,0,0,0,0,0,0,0,0,0,0,0,0
Ajuga chamaepitys,0,Plantae,Tracheophyta,Magnoliopsida,Lamiales,Lamiaceae,Not Found,Unknown,Unknown,0,0,0,3,0,0,0,0,0,0,0,0,0,0,0,0,0,0
Alcea pallida,0,Plantae,Tracheophyta,Magnoliopsida,Malvales,Malvaceae,Not Found,Unknown,Unknown,0,0,0,1,0,0,0,0,0,0,0,0,0,0,0,0,0,0
Algyroides moreoticus,0,Animalia,Chordata,Squamata,,Lacertidae,137846475,Least Concern,Unknown,0,0,0,0,3,0,0,0,0,0,0,0,0,0,0,0,0,0
Alkanna tinctoria,0,Plantae,Tracheophyta,Magnoliopsida,Boraginales,Boraginaceae,2758021,Least Concern,Unknown,0,0,0,1,0,0,0,0,0,0,0,0,0,0,0,0,0,0
Alliaria petiolata,1,Plantae,Tracheophyta,Magnoliopsida,Brassicales,Brassicaceae,Not Found,Unknown,Unknown,0,0,0,2,0,0,0,0,0,0,0,0,0,0,0,0,0,0
Allium amethystinum,0,Plantae,Tracheophyta,Liliopsida,Asparagales,Amaryllidaceae,68202954,Least Concern,Unknown,0,0,0,2,0,0,0,0,0,0,0,0,1,0,0,0,0,0
Allium ampeloprasum,0,Plantae,Tracheophyta,Liliopsida,Asparagales,Amaryllidaceae,19391082,Least Concern,Unknown,0,0,0,1,0,0,0,0,0,0,0,0,0,0,0,0,0,0
Allium guttatum,0,Plantae,Tracheophyta,Liliopsida,Asparagales,Amaryllidaceae,6856351,Least Concern,Stable,0,0,0,1,0,0,0,0,0,0,0,0,0,0,0,0,0,0
Alopecurus rendlei,0,Plantae,Tracheophyta,Liliopsida,Poales,Poaceae,Not Found,Unknown,Unknown,0,0,0,2,0,0,0,0,0,0,0,0,0,0,0,0,0,0
Alyssum montanum,0,Plantae,Tracheophyta,Magnoliopsida,Brassicales,Brassicaceae,Not Found,Unknown,Unknown,0,0,0,2,0,0,0,0,0,0,0,0,0,0,0,0,0,0
Alyssum murale,0,Plantae,Tracheophyta,Magnoliopsida,Brassicales,Brassicaceae,Not Found,Unknown,Unknown,0,0,0,6,0,0,0,0,0,0,0,0,0,0,0,0,0,0
Amaranthus powellii,0,Plantae,Tracheophyta,Magnoliopsida,Caryophyllales,Amaranthaceae,Not Found,Unknown,Unknown,0,0,0,1,0,0,0,0,0,0,0,0,0,0,0,0,0,0
Anacamptis pyramidalis,0,Plantae,Tracheophyta,Liliopsida,Asparagales,Orchidaceae,7144790,Least Concern,Decreasing,0,0,0,1,0,0,0,0,0,0,0,0,0,0,0,1,0,5
Anacridium aegyptium,0,Animalia,Arthropoda,Insecta,Orthoptera,Acrididae,72594185,Least Concern,Stable,0,0,0,0,0,0,0,0,0,0,0,0,0,0,0,0,0,1
Anagallis arvensis,0,Plantae,Tracheophyta,Magnoliopsida,Ericales,Primulaceae,Not Found,Unknown,Unknown,0,0,0,2,0,0,0,0,0,0,0,0,0,0,0,0,0,0
Anchusa L.,0,Plantae,Tracheophyta,Magnoliopsida,Boraginales,Boraginaceae,Not Found,Unknown,Unknown,0,0,0,0,0,0,0,1,0,0,0,0,0,0,0,0,0,0
Anchusa azurea,0,Plantae,Tracheophyta,Magnoliopsida,Boraginales,Boraginaceae,Not Found,Unknown,Unknown,0,0,0,1,0,0,0,0,0,0,0,0,0,0,0,0,0,0
Anchusa undulata,0,Plantae,Tracheophyta,Magnoliopsida,Boraginales,Boraginaceae,Not Found,Unknown,Unknown,0,0,0,5,0,0,0,0,0,0,0,0,0,0,0,0,0,0
Anemone blanda,0,Plantae,Tracheophyta,Magnoliopsida,Ranunculales,Ranunculaceae,Not Found,Unknown,Unknown,0,0,0,0,0,0,0,1,0,0,0,0,0,0,0,0,0,0
Anemone coronaria,0,Plantae,Tracheophyta,Magnoliopsida,Ranunculales,Ranunculaceae,Not Found,Unknown,Unknown,0,0,0,0,0,0,0,0,0,0,0,0,0,0,1,0,0,0
Anemonoides blanda,0,Plantae,Tracheophyta,Magnoliopsida,Ranunculales,Ranunculaceae,Not Found,Unknown,Unknown,0,0,0,0,0,0,0,0,0,0,0,1,0,0,0,1,0,0
Anguis cephallonica,0,Animalia,Chordata,Squamata,,Anguidae,137846721,Least Concern,Unknown,0,0,0,0,1,0,0,0,0,0,0,0,0,0,0,0,0,0
Anthaxia istriana,0,Animalia,Arthropoda,Insecta,Coleoptera,Buprestidae,Not Found,Unknown,Unknown,0,0,0,0,0,0,0,0,0,0,0,0,0,0,0,0,0,1
Anthemis arvensis,0,Plantae,Tracheophyta,Magnoliopsida,Asterales,Asteraceae,Not Found,Unknown,Unknown,0,0,0,8,0,0,0,0,0,0,0,0,0,0,0,0,0,0
Anthemis brachmanni,0,Plantae,Tracheophyta,Magnoliopsida,Asterales,Asteraceae,Not Found,Unknown,Unknown,0,0,0,4,0,0,0,0,0,0,0,0,0,0,0,0,0,0
Anthemis ruthenica,0,Plantae,Tracheophyta,Magnoliopsida,Asterales,Asteraceae,Not Found,Unknown,Unknown,0,0,0,1,0,0,0,0,0,0,0,0,0,0,0,0,0,0
Anthemis tinctoria,0,Plantae,Tracheophyta,Magnoliopsida,Asterales,Asteraceae,Not Found,Unknown,Unknown,0,0,0,4,0,0,0,0,0,0,0,0,0,0,0,0,0,0
Anthoxanthum odoratum,0,Plantae,Tracheophyta,Liliopsida,Poales,Poaceae,Not Found,Unknown,Unknown,0,0,0,2,0,0,0,0,0,0,0,0,0,0,0,0,0,0
Anthrenus mroczkowskii,0,Animalia,Arthropoda,Insecta,Coleoptera,Dermestidae,Not Found,Unknown,Unknown,0,0,0,0,0,0,0,0,0,0,0,0,0,0,0,0,0,2
Anthyllis vulneraria,0,Plantae,Tracheophyta,Magnoliopsida,Fabales,Fabaceae,Not Found,Unknown,Unknown,0,0,0,6,0,0,0,0,0,0,0,0,0,0,0,0,0,0
Antirrhinum majus,0,Plantae,Tracheophyta,Magnoliopsida,Lamiales,Plantaginaceae,Not Found,Unknown,Unknown,0,0,0,0,0,0,0,0,0,0,0,0,0,0,1,1,0,0
Antirrhinum tortuosum,0,Plantae,Tracheophyta,Magnoliopsida,Lamiales,Plantaginaceae,Not Found,Unknown,Unknown,0,0,0,0,0,0,0,0,0,0,0,0,0,0,0,1,0,0
Apium graveolens,0,Plantae,Tracheophyta,Magnoliopsida,Apiales,Apiaceae,13575099,Least Concern,Increasing,0,0,0,2,0,0,0,0,0,0,0,0,0,0,0,0,0,0
Apium nodiflorum,0,Plantae,Tracheophyta,Magnoliopsida,Apiales,Apiaceae,Not Found,Unknown,Unknown,0,0,0,1,0,0,0,0,0,0,0,0,0,0,0,0,0,0
Apus apus,0,Animalia,Chordata,Aves,Apodiformes,Apodidae,166220766,Near Threatened,Decreasing,0,0,0,0,0,0,0,0,0,0,9,0,0,0,8,0,0,0
Aquila chrysaetos,0,Animalia,Chordata,Aves,Accipitriformes,Accipitridae,210501592,Least Concern,Unknown,0,0,0,0,0,0,0,0,0,0,0,6,0,0,0,0,0,0
Arabis alpina,0,Plantae,Tracheophyta,Magnoliopsida,Brassicales,Brassicaceae,Not Found,Unknown,Unknown,0,0,0,0,0,0,0,1,0,0,0,0,0,0,0,0,0,0
Arabis sagittata,0,Plantae,Tracheophyta,Magnoliopsida,Brassicales,Brassicaceae,Not Found,Unknown,Unknown,0,0,0,2,0,0,0,0,0,0,0,0,0,0,0,0,0,0
Arabis verna,0,Plantae,Tracheophyta,Magnoliopsida,Brassicales,Brassicaceae,Not Found,Unknown,Unknown,0,0,0,1,0,0,0,0,0,0,0,0,0,0,0,0,0,0
Aremonia agrimonoides,0,Plantae,Tracheophyta,Magnoliopsida,Rosales,Rosaceae,Not Found,Unknown,Unknown,0,0,0,1,0,0,0,0,0,0,0,0,0,0,0,0,0,0
Arenaria leptoclados,0,Plantae,Tracheophyta,Magnoliopsida,Caryophyllales,Caryophyllaceae,Not Found,Unknown,Unknown,0,0,0,4,0,0,0,0,0,0,0,0,0,0,0,0,0,0
Arenaria serpyllifolia,0,Plantae,Tracheophyta,Magnoliopsida,Caryophyllales,Caryophyllaceae,Not Found,Unknown,Unknown,0,0,0,1,0,0,0,0,0,0,0,0,0,0,0,0,0,0
Argynnis aglaja,0,Animalia,Arthropoda,Insecta,Lepidoptera,Nymphalidae,Not Found,Unknown,Unknown,0,0,0,0,0,0,0,0,0,0,0,0,0,0,0,1,0,0
Argynnis paphia,0,Animalia,Arthropoda,Insecta,Lepidoptera,Nymphalidae,211430868,Least Concern,Stable,0,0,0,0,0,0,0,1,0,0,0,0,0,1,0,1,1,0
Aricia agestis,0,Animalia,Arthropoda,Insecta,Lepidoptera,Lycaenidae,211402055,Least Concern,Increasing,0,0,0,0,0,0,0,0,0,0,0,0,0,0,0,0,6,0
Armeria canescens,0,Plantae,Tracheophyta,Magnoliopsida,Caryophyllales,Plumbaginaceae,Not Found,Unknown,Unknown,0,0,0,3,0,0,0,0,1,0,0,0,0,0,0,0,0,0
Armillaria mellea,0,Fungi,Basidiomycota,Agaricomycetes,Agaricales,Physalacriaceae,Not Found,Unknown,Unknown,0,0,0,0,0,0,0,0,0,0,2,0,0,0,0,0,0,0
Arrhenatherum elatius,0,Plantae,Tracheophyta,Liliopsida,Poales,Poaceae,7240670,Least Concern,Stable,0,0,0,3,0,0,0,0,0,0,0,0,0,0,0,0,0,0
Arum italicum,0,Plantae,Tracheophyta,Liliopsida,Alismatales,Araceae,Not Found,Unknown,Unknown,0,0,0,0,0,0,0,0,0,0,0,0,0,0,0,0,1,0
Asplenium ceterach,0,Plantae,Tracheophyta,Polypodiopsida,Polypodiales,Aspleniaceae,83470575,Least Concern,Stable,1,0,0,0,0,0,0,0,0,0,0,0,0,0,0,2,0,0
Astragalus depressus,0,Plantae,Tracheophyta,Magnoliopsida,Fabales,Fabaceae,Not Found,Unknown,Unknown,0,0,0,1,0,0,0,0,0,0,0,0,0,0,0,0,0,0
Astragalus glycyphylloides,0,Plantae,Tracheophyta,Magnoliopsida,Fabales,Fabaceae,Not Found,Unknown,Unknown,0,0,0,1,0,0,0,0,0,0,0,0,0,0,0,0,0,0
Astragalus hamosus,0,Plantae,Tracheophyta,Magnoliopsida,Fabales,Fabaceae,Not Found,Unknown,Unknown,0,0,0,3,0,0,0,0,0,0,0,0,0,0,0,0,0,0
Asyneuma limonifolium,0,Plantae,Tracheophyta,Magnoliopsida,Asterales,Campanulaceae,Not Found,Unknown,Unknown,0,0,0,1,0,0,0,0,0,0,0,0,0,0,0,0,0,0
Attalus dalmatinus,0,Animalia,Arthropoda,Insecta,Coleoptera,Malachiidae,Not Found,Unknown,Unknown,0,0,0,0,0,0,0,0,0,0,0,0,0,0,0,0,0,1
Aurinia saxatilis,0,Plantae,Tracheophyta,Magnoliopsida,Brassicales,Brassicaceae,Not Found,Unknown,Unknown,0,0,0,4,0,0,0,0,0,0,0,0,0,0,0,0,0,0
Avena barbata,0,Plantae,Tracheophyta,Liliopsida,Poales,Poaceae,6827601,Least Concern,Stable,0,0,0,3,0,0,0,0,0,0,0,0,0,0,0,0,0,0
Avena sterilis,0,Plantae,Tracheophyta,Liliopsida,Poales,Poaceae,19395364,Least Concern,Stable,0,0,0,1,0,0,0,0,0,0,0,0,0,0,0,0,0,0
BOLD:ABY2606,0,Animalia,Arthropoda,Insecta,Diptera,,Not Found,Unknown,Unknown,0,0,0,0,0,2,0,0,0,0,0,0,0,0,0,0,0,0
BOLD:ACO5080,0,Animalia,Arthropoda,Insecta,Diptera,,Not Found,Unknown,Unknown,0,0,0,0,0,1,0,0,0,0,0,0,0,0,0,0,0,0
Ballota nigra,0,Plantae,Tracheophyta,Magnoliopsida,Lamiales,Lamiaceae,2758141,Least Concern,Stable,0,0,0,2,0,0,0,0,0,0,0,0,0,0,0,0,0,0
Bellevalia dubia,0,Plantae,Tracheophyta,Liliopsida,Asparagales,Asparagaceae,136268557,Least Concern,Unknown,0,0,0,0,0,0,0,0,0,0,0,0,0,0,0,1,0,0
Bellis perennis,1,Plantae,Tracheophyta,Magnoliopsida,Asterales,Asteraceae,Not Found,Unknown,Unknown,0,0,0,2,0,0,0,0,0,0,0,0,0,0,0,0,0,0
Berteroa obliqua,0,Plantae,Tracheophyta,Magnoliopsida,Brassicales,Brassicaceae,Not Found,Unknown,Unknown,0,0,0,1,0,0,0,0,0,0,0,0,0,0,0,0,0,0
Bituminaria bituminosa,0,Plantae,Tracheophyta,Magnoliopsida,Fabales,Fabaceae,Not Found,Unknown,Unknown,0,0,0,2,0,0,0,0,0,0,0,0,0,0,0,3,0,1
Blackstonia perfoliata,0,Plantae,Tracheophyta,Magnoliopsida,Gentianales,Gentianaceae,Not Found,Unknown,Unknown,0,0,0,2,0,0,0,0,0,0,0,0,0,0,0,0,0,0
Bombus terrestris,0,Animalia,Arthropoda,Insecta,Hymenoptera,Apidae,57372577,Least Concern,Increasing,0,0,0,0,0,0,0,0,0,0,0,0,0,0,0,1,0,0
Brachypodium distachyon,0,Plantae,Tracheophyta,Liliopsida,Poales,Poaceae,Not Found,Unknown,Unknown,0,0,0,1,0,0,0,0,0,0,0,0,0,0,0,0,0,0
Brachypodium pinnatum,0,Plantae,Tracheophyta,Liliopsida,Poales,Poaceae,Not Found,Unknown,Unknown,0,0,0,1,0,0,0,0,0,0,0,0,0,0,0,0,0,0
Brachypodium sylvaticum,0,Plantae,Tracheophyta,Liliopsida,Poales,Poaceae,Not Found,Unknown,Unknown,0,0,0,6,0,0,0,0,0,0,0,0,0,0,0,0,0,0
Bradybatus fallax,0,Animalia,Arthropoda,Insecta,Coleoptera,Curculionidae,Not Found,Unknown,Unknown,0,0,0,0,0,0,0,0,0,0,0,0,0,0,0,0,0,1
Brintesia circe,0,Animalia,Arthropoda,Insecta,Lepidoptera,Lycaenidae,211425509,Least Concern,Stable,0,0,0,0,0,0,0,2,0,0,0,0,0,0,0,1,1,0
Briza humilis,0,Plantae,Tracheophyta,Liliopsida,Poales,Poaceae,Not Found,Unknown,Unknown,0,0,0,2,0,0,0,0,0,0,0,0,0,0,0,0,0,0
Briza maxima,0,Plantae,Tracheophyta,Liliopsida,Poales,Poaceae,Not Found,Unknown,Unknown,0,0,0,0,0,0,0,0,0,0,0,0,1,0,0,1,0,0
Bromus diandrus,0,Plantae,Tracheophyta,Liliopsida,Poales,Poaceae,Not Found,Unknown,Unknown,0,0,0,1,0,0,0,0,0,0,0,0,0,0,0,0,0,0
Bromus hordeaceus,0,Plantae,Tracheophyta,Liliopsida,Poales,Poaceae,Not Found,Unknown,Unknown,0,0,0,10,0,0,0,0,0,0,0,0,0,0,0,0,0,0
Bromus intermedius,0,Plantae,Tracheophyta,Liliopsida,Poales,Poaceae,Not Found,Unknown,Unknown,0,0,0,7,0,0,0,0,0,0,0,0,0,0,0,0,0,0
Bromus madritensis,0,Plantae,Tracheophyta,Liliopsida,Poales,Poaceae,Not Found,Unknown,Unknown,0,0,0,3,0,0,0,0,0,0,0,0,0,0,0,0,0,0
Bromus sterilis,0,Plantae,Tracheophyta,Liliopsida,Poales,Poaceae,Not Found,Unknown,Unknown,0,0,0,5,0,0,0,0,0,0,0,0,0,0,0,0,0,0
Bromus tectorum,1,Plantae,Tracheophyta,Liliopsida,Poales,Poaceae,Not Found,Unknown,Unknown,0,0,0,1,0,0,0,0,0,0,0,0,0,0,0,0,0,0
Buellia De,0,Fungi,Ascomycota,Lecanoromycetes,Caliciales,Caliciaceae,Not Found,Unknown,Unknown,0,0,0,0,0,0,0,0,0,1,0,0,0,0,0,0,0,0
Buellia aethalea,0,Fungi,Ascomycota,Lecanoromycetes,Caliciales,Caliciaceae,Not Found,Unknown,Unknown,0,0,0,0,0,0,0,0,0,1,0,0,0,0,0,0,0,0
Bunium ferulaceum,0,Plantae,Tracheophyta,Magnoliopsida,Apiales,Apiaceae,Not Found,Unknown,Unknown,0,0,0,1,0,0,0,0,0,0,0,0,0,0,0,0,0,0
Bupleurum glumaceum,0,Plantae,Tracheophyta,Magnoliopsida,Apiales,Apiaceae,Not Found,Unknown,Unknown,0,0,0,13,0,0,0,0,0,0,0,0,0,0,0,0,0,0
Buteo buteo,0,Animalia,Chordata,Aves,Accipitriformes,Accipitridae,210507000,Least Concern,Stable,0,0,0,0,0,0,0,0,1,0,11,0,0,0,3,0,0,1
Calepina irregularis,0,Plantae,Tracheophyta,Magnoliopsida,Brassicales,Brassicaceae,Not Found,Unknown,Unknown,0,0,0,1,0,0,0,0,0,0,0,0,0,0,0,0,0,0
Callicera aenea,0,Animalia,Arthropoda,Insecta,Diptera,Syrphidae,149170919,Vulnerable,Decreasing,2,0,0,0,0,0,0,0,0,0,0,0,0,0,0,0,0,0
Calocera viscosa,0,Fungi,Basidiomycota,Dacrymycetes,Dacrymycetales,Dacrymycetaceae,Not Found,Unknown,Unknown,0,0,0,0,0,0,0,0,0,0,0,0,0,0,1,0,0,0
Campanula phrygia,0,Plantae,Tracheophyta,Magnoliopsida,Asterales,Campanulaceae,Not Found,Unknown,Unknown,0,0,0,0,0,0,0,0,0,0,0,0,0,0,0,0,1,0
Campanula ramosissima,0,Plantae,Tracheophyta,Magnoliopsida,Asterales,Campanulaceae,Not Found,Unknown,Unknown,0,0,0,2,0,0,0,0,0,0,0,0,0,0,0,0,0,0
Campanula spatulata,0,Plantae,Tracheophyta,Magnoliopsida,Asterales,Campanulaceae,Not Found,Unknown,Unknown,0,0,0,2,0,0,0,0,0,0,0,0,0,0,0,0,0,0
Campanula topaliana,0,Plantae,Tracheophyta,Magnoliopsida,Asterales,Campanulaceae,225911726,Least Concern,Unknown,0,0,0,1,0,0,0,0,0,0,0,0,0,0,0,0,0,0
Campanula versicolor,0,Plantae,Tracheophyta,Magnoliopsida,Asterales,Campanulaceae,Not Found,Unknown,Unknown,0,0,1,0,0,0,0,0,0,0,0,0,0,0,0,2,1,0
Camptogramma bilineata,0,Animalia,Arthropoda,Insecta,Lepidoptera,Geometridae,Not Found,Unknown,Unknown,0,0,0,0,0,0,0,0,0,0,0,0,0,0,0,0,1,0
Cantharis pulicaria,0,Animalia,Arthropoda,Insecta,Coleoptera,Cantharidae,Not Found,Unknown,Unknown,0,0,0,0,0,0,0,0,0,0,0,0,0,0,0,0,0,1
Capsella bursa-pastoris,0,Plantae,Tracheophyta,Magnoliopsida,Brassicales,Brassicaceae,2758177,Least Concern,Stable,0,0,0,3,0,0,0,0,0,0,0,0,0,0,0,0,0,0
Carcharodus alceae,0,Animalia,Arthropoda,Insecta,Lepidoptera,Hesperiidae,211408589,Least Concern,Increasing,0,0,0,0,0,0,0,0,0,0,0,0,0,0,0,0,1,0
Carduelis carduelis,0,Animalia,Chordata,Aves,Passeriformes,Fringillidae,199579742,Least Concern,Increasing,0,0,0,0,0,0,0,0,17,0,5,0,0,5,4,6,1,0
Carduus pycnocephalus,0,Plantae,Tracheophyta,Magnoliopsida,Asterales,Asteraceae,Not Found,Unknown,Unknown,0,0,0,7,0,0,0,0,0,0,0,0,0,0,0,0,0,0
Carex flacca,0,Plantae,Tracheophyta,Liliopsida,Poales,Cyperaceae,Not Found,Unknown,Unknown,0,0,0,2,0,0,0,0,0,0,0,0,0,0,0,0,0,0
Carex pendula,0,Plantae,Tracheophyta,Liliopsida,Poales,Cyperaceae,5853572,Least Concern,Stable,0,0,0,1,0,0,0,0,0,0,0,0,0,0,0,0,0,0
Carex polyphylla,0,Plantae,Tracheophyta,Liliopsida,Poales,Cyperaceae,Not Found,Unknown,Unknown,0,0,0,1,0,0,0,0,0,0,0,0,0,0,0,0,0,0
Carex spicata,0,Plantae,Tracheophyta,Liliopsida,Poales,Cyperaceae,Not Found,Unknown,Unknown,0,0,0,2,0,0,0,0,0,0,0,0,0,0,0,0,0,0
Carlina corymbosa,0,Plantae,Tracheophyta,Magnoliopsida,Asterales,Asteraceae,Not Found,Unknown,Unknown,0,0,0,0,0,0,0,0,0,0,0,0,0,0,0,1,0,0
Carlina graeca,0,Plantae,Tracheophyta,Magnoliopsida,Asterales,Asteraceae,Not Found,Unknown,Unknown,0,0,0,0,0,0,0,0,0,0,0,0,0,0,0,1,0,0
Carpinus orientalis,0,Plantae,Tracheophyta,Magnoliopsida,Fagales,Betulaceae,80568921,Least Concern,Stable,0,0,0,1,0,0,0,0,0,0,0,0,0,0,0,0,0,0
Carthamus lanatus,0,Plantae,Tracheophyta,Magnoliopsida,Asterales,Asteraceae,Not Found,Unknown,Unknown,0,0,0,1,0,0,0,0,0,0,0,0,0,0,0,0,0,0
Catapodium rigidum,0,Plantae,Tracheophyta,Liliopsida,Poales,Poaceae,Not Found,Unknown,Unknown,0,0,0,2,0,0,0,0,0,0,0,0,0,0,0,0,0,0
"Cecropis F.Boie,",0,Animalia,Chordata,Aves,Passeriformes,Hirundinidae,Not Found,Unknown,Unknown,0,0,0,0,0,0,0,0,0,0,0,0,0,0,0,1,0,0
Cecropis daurica,0,Animalia,Chordata,Aves,Passeriformes,Hirundinidae,264559502,Least Concern,Increasing,0,0,0,0,0,0,0,0,8,0,18,8,0,0,16,0,0,0
Celastrina argiolus,0,Animalia,Arthropoda,Insecta,Lepidoptera,Lycaenidae,211396618,Least Concern,Increasing,0,0,0,0,0,0,0,0,0,0,0,0,0,0,0,0,1,0
Centaurea achaia,0,Plantae,Tracheophyta,Magnoliopsida,Asterales,Asteraceae,233623797,Least Concern,Unknown,0,0,0,1,0,0,0,0,0,0,0,0,0,0,0,0,0,0
Centaurea affinis,0,Plantae,Tracheophyta,Magnoliopsida,Asterales,Asteraceae,Not Found,Unknown,Unknown,0,0,0,2,0,0,0,0,0,0,0,0,0,0,0,0,0,0
Centaurea calcitrapa,0,Plantae,Tracheophyta,Magnoliopsida,Asterales,Asteraceae,Not Found,Unknown,Unknown,0,0,0,1,0,0,0,0,0,0,0,0,0,0,0,0,0,0
Centaurea raphanina,0,Plantae,Tracheophyta,Magnoliopsida,Asterales,Asteraceae,225919606,Least Concern,Stable,0,0,0,3,0,0,0,0,0,0,0,0,0,0,0,0,0,0
Centaurea solstitialis,1,Plantae,Tracheophyta,Magnoliopsida,Asterales,Asteraceae,Not Found,Unknown,Unknown,0,0,0,3,0,0,0,0,0,0,0,0,0,0,0,0,0,0
Centaurium erythraea,0,Plantae,Tracheophyta,Magnoliopsida,Gentianales,Gentianaceae,2758201,Least Concern,Stable,0,0,0,1,0,0,0,0,0,0,0,0,0,0,0,0,0,0
Centaurium pulchellum,0,Plantae,Tracheophyta,Magnoliopsida,Gentianales,Gentianaceae,16703816,Least Concern,Unknown,0,0,0,1,0,0,0,0,0,0,0,0,0,0,0,0,0,0
Centranthus ruber,0,Plantae,Tracheophyta,Magnoliopsida,Dipsacales,Caprifoliaceae,Not Found,Unknown,Unknown,0,0,0,4,0,0,0,0,0,0,0,0,0,0,0,1,0,2
Cephalanthera longifolia,0,Plantae,Tracheophyta,Liliopsida,Asparagales,Orchidaceae,7167753,Least Concern,Unknown,0,0,0,0,0,0,0,0,0,0,0,0,0,0,1,1,1,0
Cephalanthera rubra,0,Plantae,Tracheophyta,Liliopsida,Asparagales,Orchidaceae,7170277,Least Concern,Decreasing,0,0,0,3,0,0,0,0,0,0,0,0,0,0,0,1,0,0
Cerastium brachypetalum,0,Plantae,Tracheophyta,Magnoliopsida,Caryophyllales,Caryophyllaceae,Not Found,Unknown,Unknown,0,0,0,1,0,0,0,0,0,0,0,0,0,0,0,0,0,0
Cercis siliquastrum,0,Plantae,Tracheophyta,Magnoliopsida,Fabales,Fabaceae,109615355,Least Concern,Unknown,0,0,0,0,0,0,0,0,0,0,0,2,0,0,1,1,0,0
"Cercopis Fabricius,",0,Animalia,Arthropoda,Insecta,Hemiptera,Cercopidae,Not Found,Unknown,Unknown,0,0,0,0,0,0,0,0,0,0,0,0,0,0,0,0,0,1
Certhia brachydactyla,0,Animalia,Chordata,Aves,Passeriformes,Certhiidae,264570778,Least Concern,Increasing,0,0,0,0,0,0,0,0,0,0,0,0,0,2,1,0,1,0
Cetonia aurata,0,Animalia,Arthropoda,Insecta,Coleoptera,Scarabaeidae,Not Found,Unknown,Unknown,0,0,0,0,0,0,0,0,0,0,0,0,0,0,0,0,1,0
Cettia cetti,0,Animalia,Chordata,Aves,Passeriformes,Cettiidae,264547885,Least Concern,Stable,0,0,0,0,0,0,0,0,0,0,8,0,0,0,1,0,0,0
Chaenorhinum minus,0,Plantae,Tracheophyta,Magnoliopsida,Lamiales,Plantaginaceae,Not Found,Unknown,Unknown,0,0,0,1,0,0,0,0,0,0,0,0,0,0,0,0,0,0
Chaerophyllum temulum,0,Plantae,Tracheophyta,Magnoliopsida,Apiales,Apiaceae,Not Found,Unknown,Unknown,0,0,0,7,0,0,0,0,0,0,0,0,0,0,0,0,0,0
Chazara briseis,0,Animalia,Arthropoda,Insecta,Lepidoptera,Nymphalidae,211409102,Least Concern,Unknown,0,0,0,0,0,0,0,0,0,0,0,0,0,0,0,1,0,0
Chenopodium album,0,Plantae,Tracheophyta,Magnoliopsida,Caryophyllales,Amaranthaceae,Not Found,Unknown,Unknown,0,0,0,4,0,0,0,0,0,0,0,0,0,0,0,0,0,0
Chenopodium vulvaria,0,Plantae,Tracheophyta,Magnoliopsida,Caryophyllales,Amaranthaceae,Not Found,Unknown,Unknown,0,0,0,2,0,0,0,0,0,0,0,0,0,0,0,0,0,0
Chloris chloris,0,Animalia,Chordata,Aves,Passeriformes,Fringillidae,166412593,Least Concern,Decreasing,0,0,0,0,0,0,0,0,0,0,4,0,0,0,0,0,0,0
Cichorium intybus,0,Plantae,Tracheophyta,Magnoliopsida,Asterales,Asteraceae,6527012,Least Concern,Stable,0,0,0,1,0,0,0,0,0,0,0,0,0,0,0,1,0,0
Ciconia nigra,0,Animalia,Chordata,Aves,Ciconiiformes,Ciconiidae,166325281,Least Concern,Unknown,0,0,0,0,0,0,0,0,0,0,1,0,0,0,0,0,0,0
Cinclus cinclus,0,Animalia,Chordata,Aves,Passeriformes,Cinclidae,166342358,Least Concern,Decreasing,0,0,0,0,0,0,0,0,0,0,0,0,0,0,0,2,0,0
Circaetus gallicus,0,Animalia,Chordata,Aves,Accipitriformes,Accipitridae,210508101,Least Concern,Unknown,0,0,0,0,0,0,0,0,1,0,1,0,0,0,2,0,2,0
Cistus creticus,0,Plantae,Tracheophyta,Magnoliopsida,Malvales,Cistaceae,Not Found,Unknown,Unknown,0,0,0,0,0,0,0,0,0,0,0,0,0,0,0,1,0,0
Cistus Ã—incanus,0,Plantae,Tracheophyta,Magnoliopsida,Malvales,Cistaceae,Not Found,Unknown,Unknown,0,0,0,1,0,0,0,0,0,0,0,0,0,0,0,0,0,0
Cladonia cariosa,0,Fungi,Ascomycota,Lecanoromycetes,Lecanorales,Cladoniaceae,Not Found,Unknown,Unknown,0,0,0,0,0,0,0,0,0,0,1,0,0,0,0,0,0,0
Cladonia cervicornis,0,Fungi,Ascomycota,Lecanoromycetes,Lecanorales,Cladoniaceae,Not Found,Unknown,Unknown,0,0,0,0,0,0,0,0,0,0,1,0,0,0,0,0,0,0
Cladonia chlorophaea,0,Fungi,Ascomycota,Lecanoromycetes,Lecanorales,Cladoniaceae,Not Found,Unknown,Unknown,0,0,0,0,0,0,0,0,0,1,1,0,0,0,0,0,0,0
Cladonia conista,0,Fungi,Ascomycota,Lecanoromycetes,Lecanorales,Cladoniaceae,Not Found,Unknown,Unknown,0,0,0,0,0,0,0,0,0,0,2,0,0,0,0,0,0,0
Cladonia fimbriata,0,Fungi,Ascomycota,Lecanoromycetes,Lecanorales,Cladoniaceae,Not Found,Unknown,Unknown,0,0,0,0,0,0,0,0,0,0,2,0,0,0,0,0,0,0
Cladonia foliacea,0,Fungi,Ascomycota,Lecanoromycetes,Lecanorales,Cladoniaceae,Not Found,Unknown,Unknown,0,0,0,0,0,0,0,0,0,0,2,0,0,0,0,0,0,0
Cladonia furcata,0,Fungi,Ascomycota,Lecanoromycetes,Lecanorales,Cladoniaceae,Not Found,Unknown,Unknown,0,0,0,0,0,0,0,0,0,0,2,0,0,0,0,0,0,0
Cladonia pulvinella,0,Fungi,Ascomycota,Lecanoromycetes,Lecanorales,Cladoniaceae,Not Found,Unknown,Unknown,0,0,0,0,0,0,0,0,0,0,1,0,0,0,0,0,0,0
Cladonia rangiformis,0,Fungi,Ascomycota,Lecanoromycetes,Lecanorales,Cladoniaceae,Not Found,Unknown,Unknown,0,0,0,0,0,0,0,0,0,0,2,0,0,0,0,0,0,0
Cladonia subturgida,0,Fungi,Ascomycota,Lecanoromycetes,Lecanorales,Cladoniaceae,Not Found,Unknown,Unknown,0,0,0,0,0,0,0,0,0,0,3,0,0,0,0,0,0,0
Cladonia symphycarpa,0,Fungi,Ascomycota,Lecanoromycetes,Lecanorales,Cladoniaceae,Not Found,Unknown,Unknown,0,0,0,0,0,0,0,0,0,0,2,0,0,0,0,0,0,0
Clamator glandarius,0,Animalia,Chordata,Aves,Cuculiformes,Cuculidae,166219246,Vulnerable,Decreasing,0,0,0,0,0,0,0,0,0,0,2,0,0,0,0,0,0,0
Clathrus ruber,0,Fungi,Basidiomycota,Agaricomycetes,Phallales,Phallaceae,Not Found,Unknown,Unknown,0,0,0,0,0,0,0,0,0,0,1,0,0,0,0,0,0,0
Clematis vitalba,1,Plantae,Tracheophyta,Magnoliopsida,Ranunculales,Ranunculaceae,Not Found,Unknown,Unknown,0,0,0,3,0,0,0,0,0,0,0,1,0,0,1,1,2,0
Clinopodium vulgare,0,Plantae,Tracheophyta,Magnoliopsida,Lamiales,Lamiaceae,Not Found,Unknown,Unknown,0,0,0,6,0,0,0,0,0,0,0,0,0,0,0,0,0,0
Cnidium silaifolium,0,Plantae,Tracheophyta,Magnoliopsida,Apiales,Apiaceae,Not Found,Unknown,Unknown,0,0,0,2,0,0,0,0,0,0,0,0,0,0,0,0,0,0
Codringtonia eucineta,0,Animalia,Mollusca,Gastropoda,Stylommatophora,Helicidae,220231765,Vulnerable,Decreasing,0,0,0,0,0,0,0,0,1,0,0,0,0,0,0,0,1,0
Colchicum autumnale,0,Plantae,Tracheophyta,Liliopsida,Liliales,Colchicaceae,2758363,Least Concern,Stable,0,0,0,0,0,0,0,0,0,0,0,0,1,0,0,0,0,0
Colchicum bivonae,0,Plantae,Tracheophyta,Liliopsida,Liliales,Colchicaceae,Not Found,Unknown,Unknown,0,0,0,0,0,0,0,0,0,0,0,0,0,0,0,0,1,0
Colias croceus,0,Animalia,Arthropoda,Insecta,Lepidoptera,Pieridae,Not Found,Unknown,Unknown,0,0,0,0,0,0,0,1,0,0,0,0,0,0,0,0,0,0
Colutea arborescens,0,Plantae,Tracheophyta,Magnoliopsida,Fabales,Fabaceae,Not Found,Unknown,Unknown,0,0,0,1,0,0,0,0,0,0,0,0,0,0,0,0,0,0
Conium divaricatum,0,Plantae,Tracheophyta,Magnoliopsida,Apiales,Apiaceae,Not Found,Unknown,Unknown,0,0,0,2,0,0,0,0,0,0,0,0,0,0,0,0,0,0
Consolida ajacis,0,Plantae,Tracheophyta,Magnoliopsida,Ranunculales,Ranunculaceae,Not Found,Unknown,Unknown,0,0,0,6,0,0,0,0,0,0,0,0,0,0,0,0,0,0
Convolvulus althaeoides,0,Plantae,Tracheophyta,Magnoliopsida,Solanales,Convolvulaceae,Not Found,Unknown,Unknown,0,0,0,5,0,0,0,0,0,0,0,0,1,0,0,0,0,0
Convolvulus arvensis,0,Plantae,Tracheophyta,Magnoliopsida,Solanales,Convolvulaceae,Not Found,Unknown,Unknown,0,0,0,5,0,0,0,0,0,0,0,0,0,0,0,0,0,0
Convolvulus cantabrica,0,Plantae,Tracheophyta,Magnoliopsida,Solanales,Convolvulaceae,Not Found,Unknown,Unknown,0,0,0,3,0,0,0,0,0,0,0,0,0,0,0,0,0,0
Convolvulus elegantissimus,0,Plantae,Tracheophyta,Magnoliopsida,Solanales,Convolvulaceae,Not Found,Unknown,Unknown,0,0,0,0,0,0,0,0,0,0,0,0,0,0,0,1,0,0
Cordulegaster helladica,0,Animalia,Arthropoda,Insecta,Odonata,Cordulegastridae,203274302,Vulnerable,Decreasing,0,0,0,0,0,0,0,0,0,0,0,0,0,0,0,0,1,0
Coreus marginatus,0,Animalia,Arthropoda,Insecta,Hemiptera,Coreidae,Not Found,Unknown,Unknown,0,0,0,0,0,0,0,0,0,0,0,0,0,0,0,0,0,1
Coronella austriaca,0,Animalia,Chordata,Squamata,,Colubridae,204914315,Least Concern,Decreasing,0,0,0,0,0,0,0,0,0,0,0,0,0,0,0,0,1,0
Coronilla scorpioides,0,Plantae,Tracheophyta,Magnoliopsida,Fabales,Fabaceae,Not Found,Unknown,Unknown,0,0,0,1,0,0,0,0,0,0,0,0,0,0,0,0,0,0
Corvus cornix,0,Animalia,Chordata,Aves,Passeriformes,Corvidae,Not Found,Unknown,Unknown,0,0,0,0,0,0,0,0,0,0,8,4,0,69,7,4,2,0
Corvus monedula,0,Animalia,Chordata,Aves,Passeriformes,Corvidae,166338407,Least Concern,Increasing,0,0,0,0,0,0,0,0,0,0,0,0,0,10,5,2,0,0
Cremnorrhinus basalis,0,Animalia,Arthropoda,Insecta,Hemiptera,Miridae,Not Found,Unknown,Unknown,0,0,0,0,0,0,0,0,0,0,0,0,0,0,0,0,0,1
Crepis dioscoridis,0,Plantae,Tracheophyta,Magnoliopsida,Asterales,Asteraceae,Not Found,Unknown,Unknown,0,0,0,11,0,0,0,0,0,0,0,0,0,0,0,0,0,0
Crepis foetida,0,Plantae,Tracheophyta,Magnoliopsida,Asterales,Asteraceae,Not Found,Unknown,Unknown,0,0,0,1,0,0,0,0,0,0,0,0,0,0,0,0,0,0
Crepis fraasii,0,Plantae,Tracheophyta,Magnoliopsida,Asterales,Asteraceae,Not Found,Unknown,Unknown,0,0,0,2,0,0,0,0,0,0,0,0,0,0,0,0,0,0
Crepis hellenica,0,Plantae,Tracheophyta,Magnoliopsida,Asterales,Asteraceae,Not Found,Unknown,Unknown,0,0,0,2,0,0,0,0,0,0,0,0,0,0,0,0,0,0
Crepis rubra,0,Plantae,Tracheophyta,Magnoliopsida,Asterales,Asteraceae,Not Found,Unknown,Unknown,0,0,0,4,0,0,0,0,0,0,0,0,0,0,0,1,0,0
Crepis sancta,0,Plantae,Tracheophyta,Magnoliopsida,Asterales,Asteraceae,Not Found,Unknown,Unknown,0,0,0,1,0,0,0,0,0,0,0,0,0,0,0,0,0,0
Crepis setosa,0,Plantae,Tracheophyta,Magnoliopsida,Asterales,Asteraceae,Not Found,Unknown,Unknown,0,0,0,1,0,0,0,0,0,0,0,0,0,0,0,0,0,0
Crioceris duodecimpunctata,0,Animalia,Arthropoda,Insecta,Coleoptera,Chrysomelidae,Not Found,Unknown,Unknown,0,0,0,0,0,0,0,2,0,0,0,0,0,0,0,0,0,0
Crucianella angustifolia,0,Plantae,Tracheophyta,Magnoliopsida,Gentianales,Rubiaceae,Not Found,Unknown,Unknown,0,0,0,4,0,0,0,0,0,0,0,0,0,0,0,0,0,0
Crucianella latifolia,0,Plantae,Tracheophyta,Magnoliopsida,Gentianales,Rubiaceae,Not Found,Unknown,Unknown,0,0,0,1,0,0,0,0,0,0,0,0,0,0,0,0,0,0
Cruciata laevipes,0,Plantae,Tracheophyta,Magnoliopsida,Gentianales,Rubiaceae,Not Found,Unknown,Unknown,0,0,0,2,0,0,0,0,0,0,0,0,0,0,0,0,0,0
Crupina crupinastrum,0,Plantae,Tracheophyta,Magnoliopsida,Asterales,Asteraceae,Not Found,Unknown,Unknown,0,0,0,7,0,0,0,0,0,0,0,0,0,0,0,0,0,0
Curruca cantillans,0,Animalia,Chordata,Aves,Passeriformes,Sylviidae,200219271,Least Concern,Increasing,0,0,0,0,0,0,0,0,0,0,0,0,0,0,2,0,0,0
Curruca communis,0,Animalia,Chordata,Aves,Passeriformes,Sylviidae,264551677,Least Concern,Increasing,0,0,0,0,0,0,0,0,0,0,0,0,0,0,0,0,1,0
Curruca melanocephala,0,Animalia,Chordata,Aves,Passeriformes,Sylviidae,166388810,Least Concern,Stable,0,0,0,0,0,0,0,0,0,0,2,0,0,0,1,0,1,0
Cyanistes caeruleus,0,Animalia,Chordata,Aves,Passeriformes,Paridae,264532201,Least Concern,Stable,0,0,0,0,0,0,0,0,18,0,1,0,0,15,8,4,2,1
Cyclamen hederifolium,0,Plantae,Tracheophyta,Magnoliopsida,Ericales,Primulaceae,2475736,Least Concern,Unknown,0,0,0,0,0,0,0,0,0,0,0,1,0,2,0,1,2,0
Cymbalaria muralis,0,Plantae,Tracheophyta,Magnoliopsida,Lamiales,Plantaginaceae,Not Found,Unknown,Unknown,0,0,0,0,0,0,0,0,0,0,0,0,1,4,0,2,0,0
Cynosurus cristatus,0,Plantae,Tracheophyta,Liliopsida,Poales,Poaceae,Not Found,Unknown,Unknown,0,0,0,1,0,0,0,0,0,0,0,0,0,0,0,0,0,0
Cynosurus echinatus,0,Plantae,Tracheophyta,Liliopsida,Poales,Poaceae,Not Found,Unknown,Unknown,0,0,0,7,0,0,0,0,0,0,0,0,0,0,0,0,0,0
Cynosurus effusus,0,Plantae,Tracheophyta,Liliopsida,Poales,Poaceae,Not Found,Unknown,Unknown,0,0,0,3,0,0,0,0,0,0,0,0,0,0,0,0,0,0
Dactylis glomerata,0,Plantae,Tracheophyta,Liliopsida,Poales,Poaceae,Not Found,Unknown,Unknown,0,0,0,5,0,0,0,0,0,0,0,0,0,0,0,0,0,0
Dactylorhiza saccifera,0,Plantae,Tracheophyta,Liliopsida,Asparagales,Orchidaceae,7147117,Least Concern,Unknown,0,0,0,1,0,0,0,0,0,0,0,0,0,0,0,0,0,0
Dasypyrum villosum,0,Plantae,Tracheophyta,Liliopsida,Poales,Poaceae,Not Found,Unknown,Unknown,0,0,0,6,0,0,0,0,0,0,0,0,0,0,0,0,0,0
Daucus carota,0,Plantae,Tracheophyta,Magnoliopsida,Apiales,Apiaceae,19412090,Least Concern,Stable,0,0,0,1,0,0,0,0,0,0,0,0,0,0,0,0,0,0
Daucus involucratus,0,Plantae,Tracheophyta,Magnoliopsida,Apiales,Apiaceae,119885735,Least Concern,Stable,0,0,0,1,0,0,0,0,0,0,0,0,0,0,0,0,0,0
Delichon urbicum,0,Animalia,Chordata,Aves,Passeriformes,Hirundinidae,264561964,Least Concern,Stable,0,0,0,0,0,0,0,0,4,0,14,0,0,0,25,0,0,0
Dendrocopos major,0,Animalia,Chordata,Aves,Piciformes,Picidae,166214479,Least Concern,Decreasing,0,0,0,0,0,0,0,0,1,0,0,0,0,0,0,0,0,0
Dendrocoptes medius,0,Animalia,Chordata,Aves,Piciformes,Picidae,Not Found,Unknown,Unknown,0,0,0,0,0,0,0,0,0,0,2,0,0,2,1,3,0,0
Dianthus deltoides,0,Plantae,Tracheophyta,Magnoliopsida,Caryophyllales,Caryophyllaceae,Not Found,Unknown,Unknown,0,0,0,0,0,0,0,0,0,0,1,0,0,0,0,0,0,0
Dianthus diffusus,0,Plantae,Tracheophyta,Magnoliopsida,Caryophyllales,Caryophyllaceae,Not Found,Unknown,Unknown,0,0,0,4,0,0,0,0,0,0,0,0,0,0,0,0,0,0
Digitalis ferruginea,0,Plantae,Tracheophyta,Magnoliopsida,Lamiales,Plantaginaceae,Not Found,Unknown,Unknown,0,0,0,0,0,0,0,0,0,0,0,0,0,0,0,0,1,0
Dionconotus neglectus,0,Animalia,Arthropoda,Insecta,Hemiptera,Miridae,Not Found,Unknown,Unknown,0,0,0,0,0,0,0,0,0,0,0,0,0,0,0,0,0,1
Diplolepis rosae,0,Animalia,Arthropoda,Insecta,Hymenoptera,Cynipidae,Not Found,Unknown,Unknown,0,0,0,0,0,0,0,0,0,0,0,0,0,0,0,0,1,0
Diplotomma epipolium,0,Fungi,Ascomycota,Lecanoromycetes,Caliciales,Caliciaceae,Not Found,Unknown,Unknown,0,0,0,0,0,0,0,0,0,1,0,0,0,0,0,0,0,0
Dittrichia viscosa,0,Plantae,Tracheophyta,Magnoliopsida,Asterales,Asteraceae,Not Found,Unknown,Unknown,0,0,0,0,0,0,0,0,0,0,0,0,0,0,0,1,0,0
Dolocerus reichii,0,Animalia,Arthropoda,Insecta,Coleoptera,Cerambycidae,43961206,Least Concern,Stable,0,0,0,0,0,0,0,0,0,0,0,0,0,0,0,0,0,2
Doronicum orientale,0,Plantae,Tracheophyta,Magnoliopsida,Asterales,Asteraceae,Not Found,Unknown,Unknown,0,0,0,0,0,0,0,1,0,0,0,0,0,0,0,0,0,0
Dorycnium pentaphyllum,0,Plantae,Tracheophyta,Magnoliopsida,Fabales,Fabaceae,Not Found,Unknown,Unknown,0,0,0,6,0,0,0,0,0,0,0,0,0,0,0,0,0,0
Draba verna,0,Plantae,Tracheophyta,Magnoliopsida,Brassicales,Brassicaceae,Not Found,Unknown,Unknown,0,0,0,0,0,0,0,0,0,0,0,0,0,0,1,0,0,0
Drymadusa dorsalis,0,Animalia,Arthropoda,Insecta,Orthoptera,Tettigoniidae,70624069,Least Concern,Unknown,0,0,0,0,0,0,0,0,0,0,0,0,0,0,0,0,1,0
Ecballium elaterium,0,Plantae,Tracheophyta,Magnoliopsida,Cucurbitales,Cucurbitaceae,Not Found,Unknown,Unknown,0,0,0,0,0,0,0,0,0,0,0,0,0,0,0,1,0,0
Elymus panormitanus,0,Plantae,Tracheophyta,Liliopsida,Poales,Poaceae,7257549,Least Concern,Unknown,0,0,0,2,0,0,0,0,0,0,0,0,0,0,0,0,0,0
Elytrigia repens,0,Plantae,Tracheophyta,Liliopsida,Poales,Poaceae,Not Found,Unknown,Unknown,0,0,0,4,0,0,0,0,0,0,0,0,0,0,0,0,0,0
Emberiza cia,0,Animalia,Chordata,Aves,Passeriformes,Emberizidae,264574795,Least Concern,Stable,0,0,0,0,0,0,0,0,0,0,0,0,0,0,0,0,12,0
Emberiza cirlus,0,Animalia,Chordata,Aves,Passeriformes,Emberizidae,166421322,Least Concern,Decreasing,0,0,0,0,0,0,0,0,0,0,3,0,0,2,1,2,3,0
Epilobium lanceolatum,0,Plantae,Tracheophyta,Magnoliopsida,Myrtales,Onagraceae,Not Found,Unknown,Unknown,0,0,0,2,0,0,0,0,0,0,0,0,0,0,0,0,0,0
Epilobium parviflorum,0,Plantae,Tracheophyta,Magnoliopsida,Myrtales,Onagraceae,1051649,Least Concern,Unknown,0,0,0,1,0,0,0,0,0,0,0,0,0,0,0,0,0,0
Epilobium tetragonum,0,Plantae,Tracheophyta,Magnoliopsida,Myrtales,Onagraceae,5836260,Least Concern,Stable,0,0,0,3,0,0,0,0,0,0,0,0,0,0,0,0,0,0
Equisetum arvense,0,Plantae,Tracheophyta,Polypodiopsida,Equisetales,Equisetaceae,85427527,Least Concern,Increasing,0,0,0,4,0,0,0,0,0,0,0,0,0,0,0,0,0,0
Erithacus rubecula,0,Animalia,Chordata,Aves,Passeriformes,Muscicapidae,166350059,Least Concern,Stable,0,0,0,0,0,0,0,0,0,0,4,0,0,18,4,2,0,1
Erodium cicutarium,1,Plantae,Tracheophyta,Magnoliopsida,Geraniales,Geraniaceae,Not Found,Unknown,Unknown,0,0,0,2,0,0,0,0,0,0,0,0,0,0,0,0,0,0
Erodium malacoides,0,Plantae,Tracheophyta,Magnoliopsida,Geraniales,Geraniaceae,Not Found,Unknown,Unknown,0,0,0,1,0,0,0,0,0,0,0,0,0,0,0,0,0,0
Eryngium amethystinum,0,Plantae,Tracheophyta,Magnoliopsida,Apiales,Apiaceae,Not Found,Unknown,Unknown,0,0,0,0,0,0,0,0,0,0,0,0,0,0,0,0,1,0
Erynnis tages,0,Animalia,Arthropoda,Insecta,Lepidoptera,Hesperiidae,211407139,Least Concern,Stable,0,0,0,0,0,0,0,0,0,0,0,0,0,0,0,0,2,0
Erysimum graecum,0,Plantae,Tracheophyta,Magnoliopsida,Brassicales,Brassicaceae,Not Found,Unknown,Unknown,0,0,0,2,0,0,0,0,0,0,0,0,0,0,0,0,0,0
Erysimum pectinatum,0,Plantae,Tracheophyta,Magnoliopsida,Brassicales,Brassicaceae,Not Found,Unknown,Unknown,0,0,0,3,0,0,0,0,0,0,0,0,0,0,0,0,0,0
Eupholidoptera megastyla,0,Animalia,Arthropoda,Insecta,Orthoptera,Tettigoniidae,45462686,Least Concern,Unknown,0,0,0,0,0,0,0,2,0,0,0,0,0,0,0,0,0,0
Euphorbia epithymoides,0,Plantae,Tracheophyta,Magnoliopsida,Malpighiales,Euphorbiaceae,Not Found,Unknown,Unknown,0,0,0,1,0,0,0,0,0,0,0,0,0,0,0,0,0,0
Euphorbia sulcata,0,Plantae,Tracheophyta,Magnoliopsida,Malpighiales,Euphorbiaceae,Not Found,Unknown,Unknown,0,0,0,1,0,0,0,0,0,0,0,0,0,0,0,0,0,0
Euplagia quadripunctaria,0,Animalia,Arthropoda,Insecta,Lepidoptera,Erebidae,Not Found,Unknown,Unknown,0,0,0,0,0,0,0,0,0,0,2,0,0,0,0,1,1,0
Eurythyrea austriaca,0,Animalia,Arthropoda,Insecta,Coleoptera,Buprestidae,Not Found,Unknown,Unknown,0,0,0,0,0,0,0,0,0,0,0,0,0,0,0,0,1,0
Fallopia convolvulus,0,Plantae,Tracheophyta,Magnoliopsida,Caryophyllales,Polygonaceae,Not Found,Unknown,Unknown,0,0,0,2,0,0,0,0,0,0,0,0,0,0,0,0,0,0
Favonius quercus,0,Animalia,Arthropoda,Insecta,Lepidoptera,Lycaenidae,211417691,Least Concern,Stable,0,0,0,0,0,0,0,0,0,0,0,0,0,0,0,0,5,0
Festuca Tourn.,0,Plantae,Tracheophyta,Liliopsida,Poales,Poaceae,Not Found,Unknown,Unknown,0,0,0,14,0,0,0,0,0,0,0,0,0,0,0,0,0,0
Festuca arundinacea,0,Plantae,Tracheophyta,Liliopsida,Poales,Poaceae,Not Found,Unknown,Unknown,0,0,0,6,0,0,0,0,0,0,0,0,0,0,0,0,0,0
Festuca rubra,0,Plantae,Tracheophyta,Liliopsida,Poales,Poaceae,7266236,Least Concern,Stable,0,0,0,1,0,0,0,0,0,0,0,0,0,0,0,0,0,0
Ficedula albicollis,0,Animalia,Chordata,Aves,Passeriformes,Muscicapidae,166349196,Least Concern,Stable,0,0,0,0,0,0,0,0,8,0,0,0,0,0,0,0,0,0
Ficus carica,0,Plantae,Tracheophyta,Magnoliopsida,Rosales,Moraceae,224496277,Least Concern,Increasing,0,0,0,0,0,0,0,0,0,0,0,0,0,0,0,0,1,0
Filago eriocephala,0,Plantae,Tracheophyta,Magnoliopsida,Asterales,Asteraceae,Not Found,Unknown,Unknown,0,0,0,1,0,0,0,0,0,0,0,0,0,0,0,0,0,0
Filago gallica,0,Plantae,Tracheophyta,Magnoliopsida,Asterales,Asteraceae,Not Found,Unknown,Unknown,0,0,0,1,0,0,0,0,0,0,0,0,0,0,0,0,0,0
Filago pyramidata,0,Plantae,Tracheophyta,Magnoliopsida,Asterales,Asteraceae,Not Found,Unknown,Unknown,0,0,0,2,0,0,0,0,0,0,0,0,0,0,0,0,0,0
Fragaria vesca,1,Plantae,Tracheophyta,Magnoliopsida,Rosales,Rosaceae,6834548,Least Concern,Unknown,0,0,0,0,0,0,0,1,0,0,0,0,0,0,0,0,0,0
Fringilla coelebs,0,Animalia,Chordata,Aves,Passeriformes,Fringillidae,166409759,Least Concern,Stable,0,0,0,0,0,0,0,0,30,0,20,0,0,49,6,3,0,0
Fumaria officinalis,0,Plantae,Tracheophyta,Magnoliopsida,Ranunculales,Papaveraceae,2764779,Least Concern,Stable,0,0,0,3,0,0,0,0,0,0,0,0,0,0,0,0,0,0
Fuscopannaria mediterranea,0,Fungi,Ascomycota,Lecanoromycetes,Peltigerales,Pannariaceae,Not Found,Unknown,Unknown,0,0,0,0,0,0,0,0,0,1,0,0,0,0,0,0,0,0
Galium L.,0,Plantae,Tracheophyta,Magnoliopsida,Gentianales,Rubiaceae,Not Found,Unknown,Unknown,0,0,0,5,0,0,0,0,0,0,0,0,0,0,0,0,0,0
Galium aparine,0,Plantae,Tracheophyta,Magnoliopsida,Gentianales,Rubiaceae,2765924,Least Concern,Stable,0,0,0,2,0,0,0,0,0,0,0,0,0,0,0,0,0,0
Galium debile,0,Plantae,Tracheophyta,Magnoliopsida,Gentianales,Rubiaceae,42409251,Least Concern,Stable,0,0,0,2,0,0,0,0,0,0,0,0,0,0,0,0,0,0
Galium divaricatum,0,Plantae,Tracheophyta,Magnoliopsida,Gentianales,Rubiaceae,Not Found,Unknown,Unknown,0,0,0,3,0,0,0,0,0,0,0,0,0,0,0,0,0,0
Galium elongatum,0,Plantae,Tracheophyta,Magnoliopsida,Gentianales,Rubiaceae,5776111,Least Concern,Stable,0,0,0,1,0,0,0,0,0,0,0,0,0,0,0,0,0,0
Galium intricatum,0,Plantae,Tracheophyta,Magnoliopsida,Gentianales,Rubiaceae,Not Found,Unknown,Unknown,0,0,0,1,0,0,0,0,0,0,0,0,0,0,0,0,0,0
Galium murale,0,Plantae,Tracheophyta,Magnoliopsida,Gentianales,Rubiaceae,Not Found,Unknown,Unknown,0,0,0,2,0,0,0,0,0,0,0,0,0,0,0,0,0,0
Galium peloponnesiacum,0,Plantae,Tracheophyta,Magnoliopsida,Gentianales,Rubiaceae,234776042,Least Concern,Unknown,0,0,0,6,0,0,0,0,0,0,0,0,0,0,0,0,0,0
Galium rotundifolium,0,Plantae,Tracheophyta,Magnoliopsida,Gentianales,Rubiaceae,Not Found,Unknown,Unknown,0,0,0,1,0,0,0,0,0,0,0,0,0,0,0,0,0,0
Galium verum,0,Plantae,Tracheophyta,Magnoliopsida,Gentianales,Rubiaceae,2765936,Least Concern,Decreasing,0,0,0,4,0,0,0,0,0,0,0,0,0,0,0,0,0,0
Garrulus glandarius,0,Animalia,Chordata,Aves,Passeriformes,Corvidae,196469765,Least Concern,Stable,0,0,0,0,0,0,0,0,12,0,2,0,0,11,2,5,1,0
Geranium columbinum,0,Plantae,Tracheophyta,Magnoliopsida,Geraniales,Geraniaceae,Not Found,Unknown,Unknown,0,0,0,1,0,0,0,0,0,0,0,0,0,0,0,0,0,0
Geranium dissectum,0,Plantae,Tracheophyta,Magnoliopsida,Geraniales,Geraniaceae,Not Found,Unknown,Unknown,0,0,0,2,0,0,0,0,0,0,0,0,0,0,0,0,0,0
Geranium lucidum,0,Plantae,Tracheophyta,Magnoliopsida,Geraniales,Geraniaceae,Not Found,Unknown,Unknown,0,0,0,4,0,0,0,1,0,0,0,0,0,0,0,3,0,0
Geranium molle,0,Plantae,Tracheophyta,Magnoliopsida,Geraniales,Geraniaceae,Not Found,Unknown,Unknown,0,0,0,3,0,0,0,0,0,0,0,0,0,0,0,0,0,0
Geranium purpureum,0,Plantae,Tracheophyta,Magnoliopsida,Geraniales,Geraniaceae,Not Found,Unknown,Unknown,0,0,0,2,0,0,0,0,0,0,0,0,0,0,0,0,0,0
Geranium pusillum,0,Plantae,Tracheophyta,Magnoliopsida,Geraniales,Geraniaceae,Not Found,Unknown,Unknown,0,0,0,3,0,0,0,0,0,0,0,0,0,0,0,0,0,0
Geum urbanum,0,Plantae,Tracheophyta,Magnoliopsida,Rosales,Rosaceae,2765446,Least Concern,Stable,0,0,0,2,0,0,0,0,0,0,0,0,0,0,0,0,0,0
Glaucomaria leptyrodes,0,Fungi,Ascomycota,Lecanoromycetes,Lecanorales,Lecanoraceae,Not Found,Unknown,Unknown,0,0,0,0,0,0,0,0,0,1,0,0,0,0,0,0,0,0
Glyceria plicata,0,Plantae,Tracheophyta,Liliopsida,Poales,Poaceae,Not Found,Unknown,Unknown,0,0,0,1,0,0,0,0,0,0,0,0,0,0,0,0,0,0
Grammoptera ruficornis,0,Animalia,Arthropoda,Insecta,Coleoptera,Cerambycidae,87310725,Least Concern,Stable,0,0,0,0,0,0,0,0,0,0,0,0,0,0,0,0,0,1
Halictus scabiosae,0,Animalia,Arthropoda,Insecta,Hymenoptera,Halictidae,13340162,Least Concern,Stable,0,0,0,0,0,0,0,0,0,0,0,0,0,0,0,1,0,0
Hedera helix,1,Plantae,Tracheophyta,Magnoliopsida,Apiales,Araliaceae,2758285,Least Concern,Stable,0,0,0,0,0,0,0,0,0,0,2,0,0,0,2,0,0,0
Helianthemum nummularium,0,Plantae,Tracheophyta,Magnoliopsida,Malvales,Cistaceae,Not Found,Unknown,Unknown,0,0,0,0,0,0,0,1,0,0,0,0,0,0,0,0,0,0
Helictotrichon agropyroides,0,Plantae,Tracheophyta,Liliopsida,Poales,Poaceae,Not Found,Unknown,Unknown,0,0,0,4,0,0,0,0,0,0,0,0,0,0,0,0,0,0
Heliotropium europaeum,0,Plantae,Tracheophyta,Magnoliopsida,Boraginales,Heliotropiaceae,Not Found,Unknown,Unknown,0,0,0,0,0,0,0,0,0,0,0,0,0,0,0,1,0,0
Hellenolacerta graeca,0,Animalia,Chordata,Squamata,,Lacertidae,137852588,Least Concern,Unknown,0,0,0,0,7,0,0,0,0,0,0,0,0,0,0,6,1,0
Herniaria hirsuta,0,Plantae,Tracheophyta,Magnoliopsida,Caryophyllales,Caryophyllaceae,Not Found,Unknown,Unknown,0,0,0,3,0,0,0,0,0,0,0,0,0,0,0,0,0,0
Herniaria parnassica,0,Plantae,Tracheophyta,Magnoliopsida,Caryophyllales,Caryophyllaceae,Not Found,Unknown,Unknown,0,0,0,1,0,0,0,0,0,0,0,0,0,0,0,0,0,0
Hieracium piloselloides,0,Plantae,Tracheophyta,Magnoliopsida,Asterales,Asteraceae,Not Found,Unknown,Unknown,0,0,0,1,0,0,0,0,0,0,0,0,0,0,0,0,0,0
Hierophis gemonensis,0,Animalia,Chordata,Squamata,,Colubridae,137851210,Least Concern,Unknown,0,0,0,0,0,0,0,0,0,0,0,0,0,0,0,0,1,0
Hipparchia senthes,0,Animalia,Arthropoda,Insecta,Lepidoptera,Nymphalidae,211434380,Least Concern,Unknown,0,0,0,0,0,0,0,0,0,0,0,0,0,0,0,1,0,0
Hipparchia statilinus,0,Animalia,Arthropoda,Insecta,Lepidoptera,Nymphalidae,211383487,Least Concern,Unknown,0,0,0,0,0,0,0,0,0,0,0,0,0,0,0,1,0,0
Hipparchia syriaca,0,Animalia,Arthropoda,Insecta,Lepidoptera,Nymphalidae,211413971,Least Concern,Unknown,0,0,0,0,0,0,0,0,0,0,0,0,0,0,0,1,0,0
Hippocrepis emerus,0,Plantae,Tracheophyta,Magnoliopsida,Fabales,Fabaceae,Not Found,Unknown,Unknown,0,0,0,1,0,0,0,0,0,0,0,0,0,0,0,0,0,0
Hirundo rustica,0,Animalia,Chordata,Aves,Passeriformes,Hirundinidae,166369730,Least Concern,Decreasing,0,0,0,0,0,0,0,0,0,0,10,0,0,0,4,2,0,0
Holcus lanatus,1,Plantae,Tracheophyta,Liliopsida,Poales,Poaceae,Not Found,Unknown,Unknown,0,0,0,3,0,0,0,0,0,0,0,0,0,0,0,0,0,0
Holocnemus pluchei,0,Animalia,Arthropoda,Arachnida,Araneae,Pholcidae,Not Found,Unknown,Unknown,0,0,0,0,0,0,0,0,0,0,1,0,0,0,0,0,0,0
Hordeum bulbosum,0,Plantae,Tracheophyta,Liliopsida,Poales,Poaceae,19410413,Least Concern,Stable,0,0,0,5,0,0,0,0,0,0,0,0,0,0,0,0,0,0
Hordeum geniculatum,0,Plantae,Tracheophyta,Liliopsida,Poales,Poaceae,6843657,Least Concern,Stable,0,0,0,3,0,0,0,0,0,0,0,0,0,0,0,0,0,0
Hordeum glaucum,0,Plantae,Tracheophyta,Liliopsida,Poales,Poaceae,Not Found,Unknown,Unknown,0,0,0,5,0,0,0,0,0,0,0,0,0,0,0,0,0,0
Hymenocarpos circinnatus,0,Plantae,Tracheophyta,Magnoliopsida,Fabales,Fabaceae,Not Found,Unknown,Unknown,0,0,0,1,0,0,0,0,0,0,0,0,0,0,0,0,0,0
Hypericum perfoliatum,0,Plantae,Tracheophyta,Magnoliopsida,Malpighiales,Hypericaceae,Not Found,Unknown,Unknown,0,0,0,1,0,0,0,0,0,0,0,0,0,0,0,0,0,0
Hypericum perforatum,1,Plantae,Tracheophyta,Magnoliopsida,Malpighiales,Hypericaceae,2762472,Least Concern,Stable,0,0,0,8,0,0,0,0,0,0,11,0,0,0,0,0,0,0
Hypericum tetrapterum,0,Plantae,Tracheophyta,Magnoliopsida,Malpighiales,Hypericaceae,Not Found,Unknown,Unknown,0,0,0,1,0,0,0,0,0,0,0,0,0,0,0,0,0,0
Hypochaeris cretensis,0,Plantae,Tracheophyta,Magnoliopsida,Asterales,Asteraceae,Not Found,Unknown,Unknown,0,0,0,15,0,0,0,0,0,0,0,0,0,0,0,0,0,0
Hypochaeris radicata,1,Plantae,Tracheophyta,Magnoliopsida,Asterales,Asteraceae,Not Found,Unknown,Unknown,0,0,0,2,0,0,0,0,0,0,0,0,0,0,0,0,0,0
Hypogymnia tubulosa,0,Fungi,Ascomycota,Lecanoromycetes,Lecanorales,Parmeliaceae,Not Found,Unknown,Unknown,0,0,0,0,0,0,0,0,0,1,0,0,0,0,0,0,0,0
Hyponephele lycaon,0,Animalia,Arthropoda,Insecta,Lepidoptera,Nymphalidae,211382968,Least Concern,Unknown,0,0,0,0,0,0,0,0,0,0,0,0,0,0,0,1,0,0
Inula verbascifolia,0,Plantae,Tracheophyta,Magnoliopsida,Asterales,Asteraceae,Not Found,Unknown,Unknown,0,0,0,1,0,0,0,0,0,0,0,0,0,0,0,0,0,0
Iphiclides podalirius,0,Animalia,Arthropoda,Insecta,Lepidoptera,Papilionidae,211130131,Least Concern,Stable,0,1,0,0,0,0,0,0,0,1,0,0,0,0,0,0,1,3
Iris unguicularis,0,Plantae,Tracheophyta,Liliopsida,Asparagales,Iridaceae,Not Found,Unknown,Unknown,0,0,0,0,0,0,0,0,0,0,0,0,0,0,3,0,0,0
Isatis tomentella,0,Plantae,Tracheophyta,Magnoliopsida,Brassicales,Brassicaceae,7259734,Data Deficient,Unknown,0,0,0,1,0,0,0,0,0,0,0,0,0,0,0,0,0,0
Issoria lathonia,0,Animalia,Arthropoda,Insecta,Lepidoptera,Nymphalidae,211422502,Least Concern,Increasing,0,0,0,0,0,0,0,0,0,0,0,0,0,0,0,1,0,0
Juglans regia,0,Plantae,Tracheophyta,Magnoliopsida,Fagales,Juglandaceae,61526700,Least Concern,Unknown,0,0,0,0,0,0,0,0,0,0,0,0,1,1,3,1,1,0
Juncus L.,0,Plantae,Tracheophyta,Liliopsida,Poales,Juncaceae,Not Found,Unknown,Unknown,0,0,0,2,0,0,0,0,0,0,0,0,0,0,0,0,0,0
Juncus acutiflorus,0,Plantae,Tracheophyta,Liliopsida,Poales,Juncaceae,5708756,Least Concern,Stable,0,0,0,2,0,0,0,0,0,0,0,0,0,0,0,0,0,0
Juncus bufonius,0,Plantae,Tracheophyta,Liliopsida,Poales,Juncaceae,84287155,Least Concern,Stable,0,0,0,1,0,0,0,0,0,0,0,0,0,0,0,0,0,0
Juncus inflexus,0,Plantae,Tracheophyta,Liliopsida,Poales,Juncaceae,43120269,Least Concern,Unknown,0,0,0,4,0,0,0,0,0,0,0,0,0,0,0,0,0,0
Knautia integrifolia,0,Plantae,Tracheophyta,Magnoliopsida,Dipsacales,Caprifoliaceae,Not Found,Unknown,Unknown,0,0,0,5,0,0,0,0,0,0,0,0,0,0,0,0,0,0
Koeleria lobata,0,Plantae,Tracheophyta,Liliopsida,Poales,Poaceae,Not Found,Unknown,Unknown,0,0,0,2,0,0,0,0,0,0,0,0,0,0,0,0,0,0
Lacerta trilineata,0,Animalia,Chordata,Squamata,,Lacertidae,207990400,Least Concern,Stable,0,0,0,0,4,0,0,0,0,0,0,0,0,0,2,0,2,1
Lamium garganicum,0,Plantae,Tracheophyta,Magnoliopsida,Lamiales,Lamiaceae,Not Found,Unknown,Unknown,0,0,0,0,0,0,0,0,0,0,0,0,0,0,0,1,1,0
Lanius senator,0,Animalia,Chordata,Aves,Passeriformes,Laniidae,209744544,Near Threatened,Decreasing,0,0,0,0,0,0,0,0,1,0,0,0,0,0,0,0,0,0
Lapsana communis,0,Plantae,Tracheophyta,Magnoliopsida,Asterales,Asteraceae,Not Found,Unknown,Unknown,0,0,0,4,0,0,0,0,0,0,0,0,0,0,0,0,0,0
Larus michahellis,0,Animalia,Chordata,Aves,Charadriiformes,Laridae,166458471,Least Concern,Unknown,0,0,0,0,0,0,0,0,0,0,8,0,0,0,0,0,0,0
"Lasioglossum Curtis,",0,Animalia,Arthropoda,Insecta,Hymenoptera,Halictidae,Not Found,Unknown,Unknown,0,0,0,0,0,0,0,0,0,0,0,0,0,0,0,1,0,0
Lasiommata maera,0,Animalia,Arthropoda,Insecta,Lepidoptera,Nymphalidae,211388770,Least Concern,Stable,0,0,0,0,0,0,0,2,0,0,0,0,0,0,0,1,1,0
Lasiommata megera,0,Animalia,Arthropoda,Insecta,Lepidoptera,Nymphalidae,211398778,Least Concern,Stable,1,0,0,0,0,0,0,4,0,0,0,0,0,0,0,3,0,0
Lathyrus aphaca,0,Plantae,Tracheophyta,Magnoliopsida,Fabales,Fabaceae,120105648,Least Concern,Unknown,0,0,0,1,0,0,0,0,0,0,0,0,0,0,0,0,0,0
Lathyrus digitatus,0,Plantae,Tracheophyta,Magnoliopsida,Fabales,Fabaceae,122201916,Least Concern,Unknown,0,0,0,2,0,0,0,0,0,0,0,0,0,0,0,0,0,0
Lathyrus hirsutus,0,Plantae,Tracheophyta,Magnoliopsida,Fabales,Fabaceae,120108293,Least Concern,Stable,0,0,0,1,0,0,0,0,0,0,0,0,0,0,0,0,0,0
Lathyrus laxiflorus,0,Plantae,Tracheophyta,Magnoliopsida,Fabales,Fabaceae,122201941,Least Concern,Unknown,0,0,0,2,0,0,0,0,0,0,0,0,0,0,0,0,0,0
Lathyrus pratensis,0,Plantae,Tracheophyta,Magnoliopsida,Fabales,Fabaceae,122201991,Least Concern,Stable,0,0,0,1,0,0,0,0,0,0,0,0,0,0,0,0,0,0
Lecidella carpathica,0,Fungi,Ascomycota,Lecanoromycetes,Lecanorales,Lecanoraceae,Not Found,Unknown,Unknown,0,0,0,0,0,0,0,0,0,1,0,0,0,0,0,0,0,0
Lecidella elaeochroma,0,Fungi,Ascomycota,Lecanoromycetes,Lecanorales,Lecanoraceae,Not Found,Unknown,Unknown,0,0,0,0,0,0,0,0,0,1,0,0,0,0,0,0,0,0
Legousia speculum-veneris,0,Plantae,Tracheophyta,Magnoliopsida,Asterales,Campanulaceae,Not Found,Unknown,Unknown,0,0,0,4,0,0,0,0,0,0,0,0,0,0,0,0,0,0
Leontodon graecus,0,Plantae,Tracheophyta,Magnoliopsida,Asterales,Asteraceae,Not Found,Unknown,Unknown,0,0,0,4,0,0,0,0,0,0,0,0,0,0,0,0,0,0
Lepidium draba,0,Plantae,Tracheophyta,Magnoliopsida,Brassicales,Brassicaceae,Not Found,Unknown,Unknown,0,0,0,1,0,0,0,0,0,0,0,0,0,0,0,0,0,0
Lepidium hirtum,0,Plantae,Tracheophyta,Magnoliopsida,Brassicales,Brassicaceae,7229765,Least Concern,Unknown,0,0,0,2,0,0,0,0,0,0,0,0,0,0,0,0,0,0
Leptotes pirithous,0,Animalia,Arthropoda,Insecta,Lepidoptera,Lycaenidae,211405537,Least Concern,Increasing,0,0,0,0,0,0,0,0,0,0,0,0,0,0,0,1,0,0
Libythea celtis,0,Animalia,Arthropoda,Insecta,Lepidoptera,Nymphalidae,211425813,Least Concern,Stable,0,0,0,0,0,0,0,0,0,0,0,0,0,0,0,3,0,0
Ligustrum vulgare,1,Plantae,Tracheophyta,Magnoliopsida,Lamiales,Oleaceae,Not Found,Unknown,Unknown,0,0,0,2,0,0,0,0,0,0,0,0,0,0,0,0,0,0
Limenitis reducta,0,Animalia,Arthropoda,Insecta,Lepidoptera,Nymphalidae,211393669,Least Concern,Increasing,0,0,0,0,0,0,0,0,0,0,0,0,0,0,0,0,1,0
Linaria cannabina,0,Animalia,Chordata,Aves,Passeriformes,Fringillidae,166415057,Least Concern,Increasing,0,0,0,0,0,0,0,0,0,0,0,0,0,3,2,0,0,0
Linaria peloponnesiaca,0,Plantae,Tracheophyta,Magnoliopsida,Lamiales,Plantaginaceae,Not Found,Unknown,Unknown,0,0,0,1,0,0,0,0,0,0,0,0,0,0,0,0,0,0
Linum bienne,0,Plantae,Tracheophyta,Magnoliopsida,Malpighiales,Linaceae,Not Found,Unknown,Unknown,0,0,0,3,0,0,0,0,0,0,0,0,0,0,0,0,0,0
Linum strictum,0,Plantae,Tracheophyta,Magnoliopsida,Malpighiales,Linaceae,Not Found,Unknown,Unknown,0,0,0,2,0,0,0,0,0,0,0,0,0,0,0,0,0,0
Linum trigynum,0,Plantae,Tracheophyta,Magnoliopsida,Malpighiales,Linaceae,Not Found,Unknown,Unknown,0,0,0,1,0,0,0,0,0,0,0,0,0,0,0,0,0,0
Lobaria pulmonaria,0,Fungi,Ascomycota,Lecanoromycetes,Peltigerales,Lobariaceae,Not Found,Unknown,Unknown,0,0,0,0,0,0,0,0,0,0,0,0,0,0,1,0,0,0
Lolium perenne,0,Plantae,Tracheophyta,Liliopsida,Poales,Poaceae,7262174,Least Concern,Stable,0,0,0,4,0,0,0,0,0,0,0,0,0,0,0,0,0,0
Lolium rigidum,0,Plantae,Tracheophyta,Liliopsida,Poales,Poaceae,7263581,Least Concern,Unknown,0,0,0,1,0,0,0,0,0,0,0,0,0,0,0,0,0,0
Lonicera etrusca,0,Plantae,Tracheophyta,Magnoliopsida,Dipsacales,Caprifoliaceae,Not Found,Unknown,Unknown,0,0,0,1,0,0,0,0,0,0,0,0,0,0,0,0,0,0
Lonicera periclymenum,0,Plantae,Tracheophyta,Magnoliopsida,Dipsacales,Caprifoliaceae,Not Found,Unknown,Unknown,0,0,0,1,0,0,0,0,0,0,0,0,0,0,0,0,0,0
Lotus corniculatus,1,Plantae,Tracheophyta,Magnoliopsida,Fabales,Fabaceae,7243415,Least Concern,Stable,0,0,0,1,0,0,0,0,0,0,0,0,0,0,0,0,0,0
Lotus tenuis,0,Plantae,Tracheophyta,Magnoliopsida,Fabales,Fabaceae,Not Found,Unknown,Unknown,0,0,0,8,0,0,0,0,0,0,0,0,0,0,0,0,0,0
Lullula arborea,0,Animalia,Chordata,Aves,Passeriformes,Alaudidae,264552604,Least Concern,Stable,0,0,0,0,0,0,0,0,0,0,0,0,0,0,1,0,0,0
Luscinia megarhynchos,0,Animalia,Chordata,Aves,Passeriformes,Muscicapidae,264563469,Least Concern,Stable,0,0,0,0,0,0,0,0,0,0,0,0,0,0,0,1,0,0
Luzula forsteri,0,Plantae,Tracheophyta,Liliopsida,Poales,Juncaceae,Not Found,Unknown,Unknown,0,0,0,0,0,0,0,1,0,0,0,0,0,0,0,0,0,0
Lycaena ottomana,0,Animalia,Arthropoda,Insecta,Lepidoptera,Lycaenidae,211381013,Least Concern,Unknown,0,0,0,0,0,0,0,0,0,0,0,0,0,0,0,1,5,1
Lycaena phlaeas,0,Animalia,Arthropoda,Insecta,Lepidoptera,Lycaenidae,211390839,Least Concern,Increasing,0,0,0,0,0,0,0,0,0,0,0,0,0,0,0,1,6,0
Lycaenidae,0,Animalia,Arthropoda,Insecta,Lepidoptera,Lycaenidae,Not Found,Unknown,Unknown,0,0,0,0,0,0,0,0,0,0,0,0,0,0,0,1,0,0
Lymantria dispar,1,Animalia,Arthropoda,Insecta,Lepidoptera,Erebidae,Not Found,Unknown,Unknown,0,0,0,0,0,0,0,0,0,0,0,0,0,0,1,0,0,0
Lysimachia atropurpurea,0,Plantae,Tracheophyta,Magnoliopsida,Ericales,Primulaceae,Not Found,Unknown,Unknown,0,0,0,2,0,0,0,0,0,0,0,0,0,0,0,0,0,0
Lythrum junceum,0,Plantae,Tracheophyta,Magnoliopsida,Myrtales,Lythraceae,42328740,Least Concern,Stable,0,0,0,1,0,0,0,0,0,0,0,0,0,0,0,0,0,0
Malcolmia graeca,0,Plantae,Tracheophyta,Magnoliopsida,Brassicales,Brassicaceae,Not Found,Unknown,Unknown,0,0,0,6,0,0,0,0,0,0,0,0,0,0,0,0,0,0
Malva neglecta,0,Plantae,Tracheophyta,Magnoliopsida,Malvales,Malvaceae,2764349,Least Concern,Stable,0,0,0,1,0,0,0,0,0,0,0,0,0,0,0,0,0,0
Malva sylvestris,0,Plantae,Tracheophyta,Magnoliopsida,Malvales,Malvaceae,2764355,Least Concern,Stable,0,0,0,4,0,0,0,0,0,0,0,0,0,0,0,0,0,1
Maniola jurtina,0,Animalia,Arthropoda,Insecta,Lepidoptera,Nymphalidae,211385883,Least Concern,Increasing,0,0,0,0,0,0,0,0,0,0,0,0,0,0,0,4,1,0
Mantis religiosa,0,Animalia,Arthropoda,Insecta,Mantodea,Mantidae,44798476,Least Concern,Unknown,0,0,0,0,0,0,0,0,0,0,0,0,0,0,1,2,0,0
Marchantia paleacea,0,Plantae,Marchantiophyta,Marchantiopsida,Marchantiales,Marchantiaceae,87781149,Vulnerable,Stable,0,0,0,0,0,0,0,0,0,0,0,0,0,0,0,0,1,0
Matricaria recutita,0,Plantae,Tracheophyta,Magnoliopsida,Asterales,Asteraceae,Not Found,Unknown,Unknown,0,0,0,3,0,0,0,0,0,0,0,0,0,0,0,0,0,0
Medicago falcata,0,Plantae,Tracheophyta,Magnoliopsida,Fabales,Fabaceae,Not Found,Unknown,Unknown,0,0,0,4,0,0,0,0,0,0,0,0,0,0,0,0,0,0
Medicago lupulina,0,Plantae,Tracheophyta,Magnoliopsida,Fabales,Fabaceae,7248555,Least Concern,Stable,0,0,0,4,0,0,0,0,0,0,0,0,0,0,0,0,0,0
Medicago minima,0,Plantae,Tracheophyta,Magnoliopsida,Fabales,Fabaceae,7228433,Least Concern,Stable,0,0,0,5,0,0,0,0,0,0,0,0,0,0,0,0,0,0
Medicago orbicularis,0,Plantae,Tracheophyta,Magnoliopsida,Fabales,Fabaceae,7249550,Least Concern,Stable,0,0,0,2,0,0,0,0,0,0,0,0,0,0,0,0,0,0
Medicago rigidula,0,Plantae,Tracheophyta,Magnoliopsida,Fabales,Fabaceae,19403033,Least Concern,Stable,0,0,0,1,0,0,0,0,0,0,0,0,0,0,0,0,0,0
Medicago sativa,0,Plantae,Tracheophyta,Magnoliopsida,Fabales,Fabaceae,19402449,Least Concern,Stable,0,0,0,2,0,0,0,0,0,0,0,0,0,0,0,0,0,0
Medicago truncatula,0,Plantae,Tracheophyta,Magnoliopsida,Fabales,Fabaceae,19401776,Least Concern,Stable,0,0,0,1,0,0,0,0,0,0,0,0,0,0,0,0,0,0
Melanargia larissa,0,Animalia,Arthropoda,Insecta,Lepidoptera,Nymphalidae,211415196,Least Concern,Unknown,0,0,0,0,0,0,0,0,0,0,0,0,0,0,0,2,1,0
Melanelixia subaurifera,0,Fungi,Ascomycota,Lecanoromycetes,Lecanorales,Parmeliaceae,Not Found,Unknown,Unknown,0,0,0,0,0,0,0,0,0,1,0,0,0,0,0,0,0,0
Melanocoryphus albomaculatus,0,Animalia,Arthropoda,Insecta,Hemiptera,Lygaeidae,Not Found,Unknown,Unknown,0,0,0,0,0,0,0,0,0,0,0,0,0,0,0,0,2,1
Melica ciliata,0,Plantae,Tracheophyta,Liliopsida,Poales,Poaceae,Not Found,Unknown,Unknown,0,0,0,6,0,0,0,0,0,0,0,0,0,0,0,0,0,0
Melica uniflora,0,Plantae,Tracheophyta,Liliopsida,Poales,Poaceae,Not Found,Unknown,Unknown,0,0,0,1,0,0,0,0,0,0,0,0,0,0,0,0,0,0
Melilotus spicatus,0,Plantae,Tracheophyta,Magnoliopsida,Fabales,Fabaceae,Not Found,Unknown,Unknown,0,0,0,7,0,0,0,0,0,0,0,0,0,0,0,0,0,0
Mentha longifolia,0,Plantae,Tracheophyta,Magnoliopsida,Lamiales,Lamiaceae,42320630,Least Concern,Stable,0,0,0,0,0,0,0,0,0,0,0,0,0,0,0,1,0,0
Mentha microphylla,0,Plantae,Tracheophyta,Magnoliopsida,Lamiales,Lamiaceae,Not Found,Unknown,Unknown,0,0,0,4,0,0,0,0,0,0,0,0,0,0,0,0,0,0
Micromeria juliana,0,Plantae,Tracheophyta,Magnoliopsida,Lamiales,Lamiaceae,Not Found,Unknown,Unknown,0,0,0,7,0,0,0,0,0,0,0,0,0,0,0,0,0,0
Minuartia attica,0,Plantae,Tracheophyta,Magnoliopsida,Caryophyllales,Caryophyllaceae,Not Found,Unknown,Unknown,0,0,0,3,0,0,0,0,0,0,0,0,0,0,0,0,0,0
Minuartia globulosa,0,Plantae,Tracheophyta,Magnoliopsida,Caryophyllales,Caryophyllaceae,Not Found,Unknown,Unknown,0,0,0,1,0,0,0,0,0,0,0,0,0,0,0,0,0,0
Minuartia hybrida,0,Plantae,Tracheophyta,Magnoliopsida,Caryophyllales,Caryophyllaceae,Not Found,Unknown,Unknown,0,0,0,2,0,0,0,0,0,0,0,0,0,0,0,0,0,0
Motacilla cinerea,0,Animalia,Chordata,Aves,Passeriformes,Motacillidae,221313612,Least Concern,Stable,0,0,0,0,0,0,0,0,0,0,3,0,0,1,2,3,3,0
Motacilla flava,0,Animalia,Chordata,Aves,Passeriformes,Motacillidae,221311302,Least Concern,Decreasing,0,0,0,0,0,0,0,0,3,0,0,0,0,0,0,0,0,0
Muschampia proto,0,Animalia,Arthropoda,Insecta,Lepidoptera,Hesperiidae,211428516,Least Concern,Increasing,0,0,0,0,0,0,0,1,0,0,0,0,0,0,0,0,0,0
Muscicapa striata,0,Animalia,Chordata,Aves,Passeriformes,Muscicapidae,166348124,Least Concern,Decreasing,0,0,0,0,0,0,0,0,1,0,0,0,0,0,0,0,0,0
Mycelis muralis,0,Plantae,Tracheophyta,Magnoliopsida,Asterales,Asteraceae,Not Found,Unknown,Unknown,0,0,0,6,0,0,0,0,0,0,0,0,0,0,0,0,0,0
Myosotis ramosissima,0,Plantae,Tracheophyta,Magnoliopsida,Boraginales,Boraginaceae,Not Found,Unknown,Unknown,0,0,0,3,0,0,0,0,0,0,0,0,0,0,0,0,0,0
Myriolecis hagenii,0,Fungi,Ascomycota,Lecanoromycetes,Lecanorales,Lecanoraceae,Not Found,Unknown,Unknown,0,0,0,0,0,0,0,0,0,1,0,0,0,0,0,0,0,0
Nasturtium officinale,0,Plantae,Tracheophyta,Magnoliopsida,Brassicales,Brassicaceae,136666515,Least Concern,Unknown,0,0,0,2,0,0,0,0,0,0,0,0,0,0,0,0,0,0
Natrix natrix,0,Animalia,Chordata,Squamata,,Colubridae,207658588,Least Concern,Stable,0,0,0,0,0,0,0,0,0,0,0,0,0,0,0,0,0,1
Neotinea maculata,0,Plantae,Tracheophyta,Liliopsida,Asparagales,Orchidaceae,7151638,Least Concern,Decreasing,0,0,0,0,0,0,0,0,0,0,0,0,0,0,0,0,1,0
Neottia nidus-avis,0,Plantae,Tracheophyta,Liliopsida,Asparagales,Orchidaceae,44484143,Least Concern,Decreasing,0,0,0,0,0,0,0,0,0,0,0,0,0,0,0,0,1,0
Ochlodes sylvanus,0,Animalia,Arthropoda,Insecta,Lepidoptera,Hesperiidae,211431533,Least Concern,Stable,0,0,0,0,0,0,0,0,0,0,0,0,0,0,0,1,0,0
Oedipoda caerulescens,0,Animalia,Arthropoda,Insecta,Orthoptera,Acrididae,74496127,Least Concern,Increasing,0,0,0,0,0,0,0,0,0,0,0,0,0,0,1,0,0,0
Oenanthe oenanthe,0,Animalia,Chordata,Aves,Passeriformes,Muscicapidae,200214214,Least Concern,Unknown,0,0,0,0,0,0,0,0,0,0,0,0,0,0,0,0,1,0
Oenanthe pimpinelloides,0,Plantae,Tracheophyta,Magnoliopsida,Apiales,Apiaceae,5809917,Least Concern,Stable,0,0,0,1,0,0,0,0,0,0,0,0,0,0,0,0,0,0
Oenopia conglobata,0,Animalia,Arthropoda,Insecta,Coleoptera,Coccinellidae,Not Found,Unknown,Unknown,0,0,0,0,0,0,0,0,0,0,0,0,0,0,0,0,0,1
Olea europaea,1,Plantae,Tracheophyta,Magnoliopsida,Lamiales,Oleaceae,12601269,Data Deficient,Decreasing,0,0,0,0,0,0,0,0,0,0,0,1,0,0,0,0,0,0
Onobrychis alba,0,Plantae,Tracheophyta,Magnoliopsida,Fabales,Fabaceae,Not Found,Unknown,Unknown,0,0,0,1,0,0,0,0,0,0,0,0,0,0,0,0,0,0
Onobrychis arenaria,0,Plantae,Tracheophyta,Magnoliopsida,Fabales,Fabaceae,Not Found,Unknown,Unknown,0,0,0,1,0,0,0,0,0,0,0,0,0,0,0,0,0,0
Ononis pusilla,0,Plantae,Tracheophyta,Magnoliopsida,Fabales,Fabaceae,Not Found,Unknown,Unknown,0,0,0,4,0,0,0,0,0,0,0,0,0,0,0,0,0,0
Ononis spinosa,0,Plantae,Tracheophyta,Magnoliopsida,Fabales,Fabaceae,2764325,Least Concern,Decreasing,0,0,0,3,0,0,0,0,0,0,0,0,0,0,0,0,0,0
Onosma heterophylla,0,Plantae,Tracheophyta,Magnoliopsida,Boraginales,Boraginaceae,Not Found,Unknown,Unknown,0,0,0,1,0,0,0,0,0,0,0,0,0,0,0,0,0,0
Onychogomphus forcipatus,0,Animalia,Arthropoda,Insecta,Odonata,Gomphidae,208839940,Least Concern,Stable,0,3,0,0,0,0,0,0,0,0,0,0,0,0,0,0,1,0
Ophrys hebes,0,Plantae,Tracheophyta,Liliopsida,Asparagales,Orchidaceae,Not Found,Unknown,Unknown,0,0,0,0,0,0,1,0,0,0,0,0,0,0,0,0,0,0
Ophrys mammosa,0,Plantae,Tracheophyta,Liliopsida,Asparagales,Orchidaceae,Not Found,Unknown,Unknown,0,0,0,0,0,0,1,0,0,0,0,0,0,0,0,0,0,0
Ophrys oestrifera,0,Plantae,Tracheophyta,Liliopsida,Asparagales,Orchidaceae,Not Found,Unknown,Unknown,0,0,0,0,0,0,3,0,0,0,0,0,0,0,0,0,0,0
Opopanax chironium,0,Plantae,Tracheophyta,Magnoliopsida,Apiales,Apiaceae,Not Found,Unknown,Unknown,0,0,0,2,0,0,0,0,0,0,0,0,0,0,0,0,0,0
Orchis mascula,0,Plantae,Tracheophyta,Liliopsida,Asparagales,Orchidaceae,7175991,Least Concern,Decreasing,0,0,0,0,0,0,0,1,0,0,0,0,0,0,0,0,1,0
Orlaya daucoides,0,Plantae,Tracheophyta,Magnoliopsida,Apiales,Apiaceae,Not Found,Unknown,Unknown,0,0,0,6,0,0,0,0,0,0,0,0,0,0,0,0,0,0
Orlaya grandiflora,0,Plantae,Tracheophyta,Magnoliopsida,Apiales,Apiaceae,Not Found,Unknown,Unknown,0,0,0,0,0,0,0,0,0,0,0,1,0,0,0,0,0,0
Orobanche gracilis,0,Plantae,Tracheophyta,Magnoliopsida,Lamiales,Orobanchaceae,Not Found,Unknown,Unknown,0,0,0,0,0,0,0,0,0,0,0,0,0,0,0,1,0,0
Orsodacne humeralis,0,Animalia,Arthropoda,Insecta,Coleoptera,Orsodacnidae,Not Found,Unknown,Unknown,0,0,0,0,0,0,0,0,0,0,0,0,0,0,0,0,0,1
Orthosia miniosa,0,Animalia,Arthropoda,Insecta,Lepidoptera,Noctuidae,Not Found,Unknown,Unknown,0,0,0,0,0,0,0,0,0,0,0,0,0,0,1,0,0,0
Oryzopsis miliacea,0,Plantae,Tracheophyta,Liliopsida,Poales,Poaceae,Not Found,Unknown,Unknown,0,0,0,2,0,0,0,0,0,0,0,0,0,0,0,0,0,0
Ostrya carpinifolia,0,Plantae,Tracheophyta,Magnoliopsida,Fagales,Betulaceae,80568096,Least Concern,Stable,0,0,0,1,0,0,0,0,0,0,0,0,0,0,0,0,0,0
Paliurus spina-christi,0,Plantae,Tracheophyta,Magnoliopsida,Rosales,Rhamnaceae,Not Found,Unknown,Unknown,0,0,0,0,0,0,0,0,0,0,0,2,0,0,0,0,0,0
Pallenis spinosa,0,Plantae,Tracheophyta,Magnoliopsida,Asterales,Asteraceae,Not Found,Unknown,Unknown,0,0,0,1,0,0,0,0,0,0,0,0,0,0,0,0,0,0
Pandion haliaetus,0,Animalia,Chordata,Aves,Accipitriformes,Pandionidae,210525184,Endangered,Increasing,0,0,0,0,0,0,0,0,0,0,0,0,1,0,0,0,0,0
Panorpa lacedaemonia,0,Animalia,Arthropoda,Insecta,Mecoptera,Panorpidae,Not Found,Unknown,Unknown,0,0,0,0,0,0,0,0,0,0,0,0,0,0,0,0,0,1
Papaver apulum,0,Plantae,Tracheophyta,Magnoliopsida,Ranunculales,Papaveraceae,Not Found,Unknown,Unknown,0,0,0,1,0,0,0,0,0,0,0,0,0,0,0,0,0,0
Papaver dubium,0,Plantae,Tracheophyta,Magnoliopsida,Ranunculales,Papaveraceae,Not Found,Unknown,Unknown,0,0,0,1,0,0,0,0,0,0,0,0,0,0,0,0,0,0
Papaver rhoeas,0,Plantae,Tracheophyta,Magnoliopsida,Ranunculales,Papaveraceae,2764767,Least Concern,Stable,0,0,0,5,0,0,0,0,0,0,0,0,0,0,0,0,0,0
Parapholis pycnantha,0,Plantae,Tracheophyta,Liliopsida,Poales,Poaceae,Not Found,Unknown,Unknown,0,0,0,1,0,0,0,0,0,0,0,0,0,0,0,0,0,0
Pararge aegeria,0,Animalia,Arthropoda,Insecta,Lepidoptera,Nymphalidae,211393133,Least Concern,Increasing,0,0,0,0,0,0,0,0,0,0,0,0,0,0,0,2,3,1
Parietaria judaica,0,Plantae,Tracheophyta,Magnoliopsida,Rosales,Urticaceae,Not Found,Unknown,Unknown,0,0,0,1,0,0,0,0,0,0,0,0,0,0,0,0,0,0
Parus major,0,Animalia,Chordata,Aves,Passeriformes,Paridae,264577711,Least Concern,Stable,0,0,0,0,0,0,0,0,8,0,31,0,0,9,6,8,1,0
Passer domesticus,1,Animalia,Chordata,Aves,Passeriformes,Passeridae,199147773,Least Concern,Decreasing,0,0,0,0,0,0,0,0,0,0,27,0,0,38,14,4,0,0
Peltigera malacea,0,Fungi,Ascomycota,Lecanoromycetes,Peltigerales,Peltigeraceae,Not Found,Unknown,Unknown,0,0,0,0,0,0,0,0,0,0,0,0,0,0,0,0,1,0
Peltigera neckeri,0,Fungi,Ascomycota,Lecanoromycetes,Peltigerales,Peltigeraceae,Not Found,Unknown,Unknown,0,0,0,0,0,0,0,0,0,2,0,0,0,0,0,0,0,0
Peltigera praetextata,0,Fungi,Ascomycota,Lecanoromycetes,Peltigerales,Peltigeraceae,Not Found,Unknown,Unknown,0,0,0,0,0,0,0,0,0,1,0,0,0,0,0,0,0,0
Periparus ater,0,Animalia,Chordata,Aves,Passeriformes,Paridae,264545478,Least Concern,Stable,0,0,0,0,0,0,0,0,0,0,9,0,0,0,15,0,3,0
Pernis apivorus,0,Animalia,Chordata,Aves,Accipitriformes,Accipitridae,210525956,Least Concern,Stable,0,0,0,0,0,0,0,0,0,0,0,0,0,0,0,2,0,0
Petrorhagia glumacea,0,Plantae,Tracheophyta,Magnoliopsida,Caryophyllales,Caryophyllaceae,Not Found,Unknown,Unknown,0,0,0,4,0,0,0,0,0,0,0,0,0,0,0,0,0,0
Petrorhagia illyrica,0,Plantae,Tracheophyta,Magnoliopsida,Caryophyllales,Caryophyllaceae,Not Found,Unknown,Unknown,0,0,0,4,0,0,0,0,0,0,0,0,0,0,0,0,0,0
Petrorhagia obcordata,0,Plantae,Tracheophyta,Magnoliopsida,Caryophyllales,Caryophyllaceae,Not Found,Unknown,Unknown,0,0,0,4,0,0,0,0,0,0,0,0,0,0,0,0,0,0
Petrorhagia prolifera,0,Plantae,Tracheophyta,Magnoliopsida,Caryophyllales,Caryophyllaceae,Not Found,Unknown,Unknown,0,0,0,1,0,0,0,0,0,0,0,0,0,0,0,0,0,0
Phelipanche gussoneana,0,Plantae,Tracheophyta,Magnoliopsida,Lamiales,Orobanchaceae,Not Found,Unknown,Unknown,0,0,0,1,0,0,0,0,0,0,0,0,0,0,0,0,0,0
Phleum phleoides,0,Plantae,Tracheophyta,Liliopsida,Poales,Poaceae,Not Found,Unknown,Unknown,0,0,0,1,0,0,0,0,0,0,0,0,0,0,0,0,0,0
Phleum subulatum,0,Plantae,Tracheophyta,Liliopsida,Poales,Poaceae,Not Found,Unknown,Unknown,0,0,0,7,0,0,0,0,0,0,0,0,0,0,0,0,0,0
Phlomis fruticosa,0,Plantae,Tracheophyta,Magnoliopsida,Lamiales,Lamiaceae,Not Found,Unknown,Unknown,0,0,0,0,0,0,0,0,0,0,1,3,0,0,1,2,2,0
Phoenicurus ochruros,0,Animalia,Chordata,Aves,Passeriformes,Muscicapidae,166353782,Least Concern,Stable,0,0,0,0,0,0,0,0,0,0,2,0,0,3,0,0,0,0
Phytolacca americana,0,Plantae,Tracheophyta,Magnoliopsida,Caryophyllales,Phytolaccaceae,Not Found,Unknown,Unknown,0,0,0,0,0,0,0,0,0,0,0,1,0,0,0,0,0,0
Pica pica,0,Animalia,Chordata,Aves,Passeriformes,Corvidae,264575751,Least Concern,Stable,0,0,0,0,0,0,0,0,0,0,13,0,0,6,2,2,0,0
Picris pauciflora,0,Plantae,Tracheophyta,Magnoliopsida,Asterales,Asteraceae,Not Found,Unknown,Unknown,0,0,0,3,0,0,0,0,0,0,0,0,0,0,0,0,0,0
Picus viridis,0,Animalia,Chordata,Aves,Piciformes,Picidae,264587872,Least Concern,Stable,0,0,0,0,0,0,0,0,0,0,0,0,0,0,0,1,0,0
Pieris brassicae,0,Animalia,Arthropoda,Insecta,Lepidoptera,Pieridae,211399745,Least Concern,Decreasing,0,0,0,0,0,0,0,0,0,0,0,0,0,0,0,0,1,0
Pieris ergane,0,Animalia,Arthropoda,Insecta,Lepidoptera,Pieridae,211381191,Least Concern,Unknown,0,0,0,0,0,0,0,0,0,0,0,0,0,0,0,1,2,0
Pieris napi,0,Animalia,Arthropoda,Insecta,Lepidoptera,Pieridae,211406568,Least Concern,Decreasing,0,0,0,0,0,0,0,1,0,0,0,0,0,0,0,0,0,0
Pilosella bauhini,0,Plantae,Tracheophyta,Magnoliopsida,Asterales,Asteraceae,Not Found,Unknown,Unknown,0,0,0,7,0,0,0,0,0,0,0,0,0,0,0,0,0,0
Pilosella cymosa,0,Plantae,Tracheophyta,Magnoliopsida,Asterales,Asteraceae,Not Found,Unknown,Unknown,0,0,0,1,0,0,0,0,0,0,0,0,0,0,0,0,0,0
Pilosella piloselloides,0,Plantae,Tracheophyta,Magnoliopsida,Asterales,Asteraceae,Not Found,Unknown,Unknown,0,0,0,2,0,0,0,0,0,0,0,0,0,0,0,0,0,0
Pilosella ziziana,0,Plantae,Tracheophyta,Magnoliopsida,Asterales,Asteraceae,Not Found,Unknown,Unknown,0,0,0,1,0,0,0,0,0,0,0,0,0,0,0,0,0,0
Placynthium nigrum,0,Fungi,Ascomycota,Lecanoromycetes,Peltigerales,Placynthiaceae,Not Found,Unknown,Unknown,0,0,0,0,0,0,0,0,0,2,0,0,0,0,0,0,0,0
Plagiotrochus quercusilicis,0,Animalia,Arthropoda,Insecta,Hymenoptera,Cynipidae,Not Found,Unknown,Unknown,0,0,0,0,0,0,0,0,0,0,0,0,0,0,0,0,0,1
Plantago afra,0,Plantae,Tracheophyta,Magnoliopsida,Lamiales,Plantaginaceae,2764815,Least Concern,Unknown,0,0,0,2,0,0,0,0,0,0,0,0,0,0,0,0,0,0
Plantago coronopus,0,Plantae,Tracheophyta,Magnoliopsida,Lamiales,Plantaginaceae,Not Found,Unknown,Unknown,0,0,0,2,0,0,0,0,0,0,0,0,0,0,0,0,0,0
Plantago lagopus,0,Plantae,Tracheophyta,Magnoliopsida,Lamiales,Plantaginaceae,Not Found,Unknown,Unknown,0,0,0,2,0,0,0,0,0,0,0,0,0,0,0,0,0,0
Plantago lanceolata,0,Plantae,Tracheophyta,Magnoliopsida,Lamiales,Plantaginaceae,2764827,Least Concern,Stable,0,0,0,8,0,0,0,0,0,0,0,0,0,0,0,0,0,0
Plantago major,0,Plantae,Tracheophyta,Magnoliopsida,Lamiales,Plantaginaceae,1257878,Least Concern,Unknown,0,0,0,2,0,0,0,0,0,0,0,0,0,0,0,1,0,0
Platanus orientalis,0,Plantae,Tracheophyta,Magnoliopsida,Proteales,Platanaceae,68135880,Data Deficient,Decreasing,0,0,0,0,0,0,0,0,0,0,0,0,0,0,1,0,0,0
Platyceps najadum,0,Animalia,Chordata,Squamata,,Colubridae,207994241,Least Concern,Unknown,0,0,0,0,0,0,0,0,0,0,0,0,0,0,0,1,0,0
Platycnemis latipes,0,Animalia,Arthropoda,Insecta,Odonata,Platycnemididae,208809584,Least Concern,Stable,0,1,0,0,0,0,0,0,0,0,0,0,0,0,0,0,0,0
Platycnemis pennipes,0,Animalia,Arthropoda,Insecta,Odonata,Platycnemididae,208828820,Least Concern,Increasing,0,3,0,0,0,0,0,0,0,0,0,0,0,0,0,0,0,0
Poa compressa,0,Plantae,Tracheophyta,Liliopsida,Poales,Poaceae,Not Found,Unknown,Unknown,0,0,0,1,0,0,0,0,0,0,0,0,0,0,0,0,0,0
Poa infirma,0,Plantae,Tracheophyta,Liliopsida,Poales,Poaceae,Not Found,Unknown,Unknown,0,0,0,2,0,0,0,0,0,0,0,0,0,0,0,0,0,0
Poa nemoralis,0,Plantae,Tracheophyta,Liliopsida,Poales,Poaceae,Not Found,Unknown,Unknown,0,0,0,1,0,0,0,0,0,0,0,0,0,0,0,0,0,0
Poa trivialis,0,Plantae,Tracheophyta,Liliopsida,Poales,Poaceae,Not Found,Unknown,Unknown,0,0,0,8,0,0,0,0,0,0,0,0,0,0,0,0,0,0
"Podarcis Wagler,",0,Animalia,Chordata,Squamata,,Lacertidae,Not Found,Unknown,Unknown,0,0,0,0,0,0,0,0,0,0,0,0,0,0,0,0,1,0
Podarcis ionicus,0,Animalia,Chordata,Squamata,,Lacertidae,204832746,Least Concern,Unknown,0,1,0,0,2,0,0,0,0,0,0,0,0,0,0,0,2,0
Podarcis muralis,0,Animalia,Chordata,Squamata,,Lacertidae,218505859,Least Concern,Stable,0,0,0,0,0,0,0,0,0,0,0,0,1,0,0,1,3,3
Podarcis peloponnesiacus,0,Animalia,Chordata,Squamata,,Lacertidae,137855826,Least Concern,Stable,0,0,0,0,35,0,0,0,0,1,0,0,1,0,0,0,6,0
Poecile lugubris,0,Animalia,Chordata,Aves,Passeriformes,Paridae,264553279,Least Concern,Unknown,0,0,0,0,0,0,0,0,0,0,1,0,0,1,4,0,0,0
Polygala monspeliaca,0,Plantae,Tracheophyta,Magnoliopsida,Fabales,Polygalaceae,Not Found,Unknown,Unknown,0,0,0,1,0,0,0,0,0,0,0,0,0,0,0,0,0,0
Polygala nicaeensis,0,Plantae,Tracheophyta,Magnoliopsida,Fabales,Polygalaceae,Not Found,Unknown,Unknown,0,0,0,1,0,0,0,0,0,0,0,0,0,0,0,0,0,0
Polygonia c-album,0,Animalia,Arthropoda,Insecta,Lepidoptera,Nymphalidae,211429424,Least Concern,Decreasing,0,0,0,0,0,0,0,0,0,0,0,0,0,0,0,1,0,0
Polygonia egea,0,Animalia,Arthropoda,Insecta,Lepidoptera,Nymphalidae,211427070,Least Concern,Unknown,0,0,0,0,0,0,0,0,0,0,0,0,0,0,0,0,1,0
Polygonum aviculare,0,Plantae,Tracheophyta,Magnoliopsida,Caryophyllales,Polygonaceae,2764857,Least Concern,Stable,0,0,0,3,0,0,0,0,0,0,0,0,0,0,0,0,0,0
Polyommatus coridon,0,Animalia,Arthropoda,Insecta,Lepidoptera,Lycaenidae,Not Found,Unknown,Unknown,0,0,0,0,0,0,0,0,0,0,0,0,0,0,0,2,1,0
Polyommatus daphnis,0,Animalia,Arthropoda,Insecta,Lepidoptera,Lycaenidae,211418264,Least Concern,Unknown,0,0,0,0,0,0,0,0,0,0,0,0,0,0,0,1,0,0
Polyommatus icarus,0,Animalia,Arthropoda,Insecta,Lepidoptera,Lycaenidae,211430492,Least Concern,Decreasing,1,0,0,0,0,0,0,0,0,0,0,0,0,0,0,3,1,0
Polyommatus thersites,0,Animalia,Arthropoda,Insecta,Lepidoptera,Lycaenidae,211420654,Least Concern,Stable,0,0,0,0,0,0,0,0,0,0,0,0,0,0,0,2,0,0
Polypogon viridis,0,Plantae,Tracheophyta,Liliopsida,Poales,Poaceae,13556201,Least Concern,Stable,0,0,0,5,0,0,0,0,0,0,0,0,0,0,0,0,0,0
Populus nigra,0,Plantae,Tracheophyta,Magnoliopsida,Malpighiales,Salicaceae,68106816,Data Deficient,Unknown,0,0,0,1,0,0,0,0,0,0,0,0,0,0,0,0,0,0
Portulaca oleracea,0,Plantae,Tracheophyta,Magnoliopsida,Caryophyllales,Portulacaceae,65924501,Least Concern,Unknown,0,0,0,0,0,0,0,0,0,0,0,0,0,0,1,0,0,0
Potamon pelops,0,Animalia,Arthropoda,Malacostraca,Decapoda,Potamidae,Not Found,Unknown,Unknown,0,0,0,0,0,0,0,0,0,0,0,0,0,0,0,0,1,0
Potentilla laciniosa,0,Plantae,Tracheophyta,Magnoliopsida,Rosales,Rosaceae,Not Found,Unknown,Unknown,0,0,0,7,0,0,0,0,0,0,0,0,0,0,0,0,0,0
Potentilla micrantha,0,Plantae,Tracheophyta,Magnoliopsida,Rosales,Rosaceae,Not Found,Unknown,Unknown,0,0,0,0,0,0,0,1,0,0,0,0,0,0,1,0,0,0
Potentilla pedata,0,Plantae,Tracheophyta,Magnoliopsida,Rosales,Rosaceae,Not Found,Unknown,Unknown,0,0,0,1,0,0,0,0,0,0,0,0,0,0,0,0,0,0
Potentilla reptans,0,Plantae,Tracheophyta,Magnoliopsida,Rosales,Rosaceae,Not Found,Unknown,Unknown,0,0,0,6,0,0,0,0,0,0,0,0,0,0,0,0,0,0
Primula vulgaris,0,Plantae,Tracheophyta,Magnoliopsida,Ericales,Primulaceae,Not Found,Unknown,Unknown,0,0,0,0,0,0,0,0,0,0,0,0,0,0,1,0,1,0
Protaetia angustata,0,Animalia,Arthropoda,Insecta,Coleoptera,Scarabaeidae,5144245,Least Concern,Stable,0,0,0,0,0,0,0,0,0,0,0,0,0,0,0,0,1,0
Protoparmeliopsis bolcana,0,Fungi,Ascomycota,Lecanoromycetes,Lecanorales,Lecanoraceae,Not Found,Unknown,Unknown,0,0,0,0,0,0,0,0,0,1,0,0,0,0,0,0,0,0
Protoparmeliopsis muralis,0,Fungi,Ascomycota,Lecanoromycetes,Lecanorales,Lecanoraceae,Not Found,Unknown,Unknown,0,0,0,0,0,0,0,0,0,1,0,0,0,0,0,0,0,0
Prunella laciniata,0,Plantae,Tracheophyta,Magnoliopsida,Lamiales,Lamiaceae,Not Found,Unknown,Unknown,0,0,0,3,0,0,0,0,0,0,0,0,0,0,0,0,0,0
Prunella modularis,0,Animalia,Chordata,Aves,Passeriformes,Prunellidae,166409165,Least Concern,Decreasing,0,0,0,0,0,0,0,0,0,0,0,0,0,2,0,0,0,0
Prunella vulgaris,0,Plantae,Tracheophyta,Magnoliopsida,Lamiales,Lamiaceae,78457152,Least Concern,Unknown,0,0,0,4,0,0,0,0,0,0,0,0,0,0,0,0,0,0
Prunella Ã—intermedia,0,Plantae,Tracheophyta,Magnoliopsida,Lamiales,Lamiaceae,Not Found,Unknown,Unknown,0,0,0,3,0,0,0,0,0,0,0,0,0,0,0,0,0,0
Prunus avium,0,Plantae,Tracheophyta,Magnoliopsida,Rosales,Rosaceae,50673544,Least Concern,Stable,0,0,0,1,0,0,0,0,0,0,0,0,0,0,0,0,0,0
Prunus mahaleb,0,Plantae,Tracheophyta,Magnoliopsida,Rosales,Rosaceae,48416825,Least Concern,Unknown,0,0,0,2,0,0,0,0,0,0,0,0,0,0,0,0,1,0
Prunus spinosa,0,Plantae,Tracheophyta,Magnoliopsida,Rosales,Rosaceae,19400568,Least Concern,Stable,0,0,0,0,0,0,0,0,0,0,0,0,0,1,1,0,0,0
Pseudevernia furfuracea,0,Fungi,Ascomycota,Lecanoromycetes,Lecanorales,Parmeliaceae,Not Found,Unknown,Unknown,0,0,0,0,0,0,0,0,0,0,0,0,0,0,0,1,0,0
Pterocephalus papposus,0,Plantae,Tracheophyta,Magnoliopsida,Dipsacales,Caprifoliaceae,Not Found,Unknown,Unknown,0,0,0,4,0,0,0,0,0,0,0,0,0,0,0,0,0,0
Ptilostemon afer,0,Plantae,Tracheophyta,Magnoliopsida,Asterales,Asteraceae,Not Found,Unknown,Unknown,0,0,0,1,0,0,0,0,0,0,0,0,0,0,0,0,0,0
Puccinellia festuciformis,0,Plantae,Tracheophyta,Liliopsida,Poales,Poaceae,5725402,Least Concern,Unknown,0,0,0,1,0,0,0,0,0,0,0,0,0,0,0,0,0,0
Pyrgus armoricanus,0,Animalia,Arthropoda,Insecta,Lepidoptera,Hesperiidae,211423825,Least Concern,Stable,0,0,0,0,0,0,0,0,0,0,0,0,0,0,0,0,1,0
Pyrrhocorax graculus,0,Animalia,Chordata,Aves,Passeriformes,Corvidae,264561005,Least Concern,Unknown,0,0,0,0,0,0,0,0,0,0,0,0,0,0,0,2,0,0
Pyrus spinosa,0,Plantae,Tracheophyta,Magnoliopsida,Rosales,Rosaceae,61612142,Least Concern,Unknown,0,0,0,0,0,0,0,0,0,0,0,0,0,0,2,1,0,0
Quercus coccifera,0,Plantae,Tracheophyta,Magnoliopsida,Fagales,Fagaceae,2296598,Least Concern,Stable,0,0,0,0,0,0,0,0,0,0,0,0,0,0,0,1,1,0
Quercus pubescens,0,Plantae,Tracheophyta,Magnoliopsida,Fagales,Fagaceae,2304788,Least Concern,Decreasing,0,1,0,0,0,0,0,0,0,0,0,0,0,0,0,0,0,0
Rana graeca,0,Animalia,Chordata,Amphibia,Anura,Ranidae,229005415,Least Concern,Stable,0,0,0,0,4,0,0,0,0,0,2,0,0,0,0,1,0,2
Ranunculus arvensis,0,Plantae,Tracheophyta,Magnoliopsida,Ranunculales,Ranunculaceae,Not Found,Unknown,Unknown,0,0,0,1,0,0,0,0,0,0,0,0,0,0,0,0,0,0
Ranunculus marginatus,0,Plantae,Tracheophyta,Magnoliopsida,Ranunculales,Ranunculaceae,Not Found,Unknown,Unknown,0,0,0,3,0,0,0,0,0,0,0,0,0,0,0,0,0,0
Ranunculus velutinus,0,Plantae,Tracheophyta,Magnoliopsida,Ranunculales,Ranunculaceae,Not Found,Unknown,Unknown,0,0,0,1,0,0,0,0,0,0,0,0,0,0,0,0,0,0
Rapistrum rugosum,0,Plantae,Tracheophyta,Magnoliopsida,Brassicales,Brassicaceae,Not Found,Unknown,Unknown,0,0,0,2,0,0,0,0,0,0,0,0,0,0,0,0,0,0
Regulus ignicapilla,0,Animalia,Chordata,Aves,Passeriformes,Regulidae,166445678,Least Concern,Increasing,0,0,0,0,0,0,0,0,0,0,0,0,0,0,0,0,2,0
Regulus regulus,0,Animalia,Chordata,Aves,Passeriformes,Regulidae,166445158,Least Concern,Decreasing,0,0,0,0,0,0,0,0,0,0,0,0,0,1,1,0,0,0
Reichardia picroides,0,Plantae,Tracheophyta,Magnoliopsida,Asterales,Asteraceae,Not Found,Unknown,Unknown,0,0,0,3,0,0,0,0,0,0,0,0,0,0,0,0,0,0
Rhagadiolus stellatus,0,Plantae,Tracheophyta,Magnoliopsida,Asterales,Asteraceae,Not Found,Unknown,Unknown,0,0,0,1,0,0,0,0,0,0,0,0,0,0,0,0,0,0
Rhus coriaria,0,Plantae,Tracheophyta,Magnoliopsida,Sapindales,Anacardiaceae,112727303,Least Concern,Unknown,0,0,0,1,0,0,0,0,0,0,0,0,0,0,0,0,0,0
Robinia pseudacacia,0,Plantae,Tracheophyta,Magnoliopsida,Fabales,Fabaceae,Not Found,Unknown,Unknown,0,0,0,1,0,0,0,0,0,0,0,0,0,0,0,0,0,0
Rorippa sylvestris,0,Plantae,Tracheophyta,Magnoliopsida,Brassicales,Brassicaceae,42340328,Least Concern,Stable,0,0,0,1,0,0,0,0,0,0,0,0,0,0,0,0,0,0
Rosa arvensis,0,Plantae,Tracheophyta,Magnoliopsida,Rosales,Rosaceae,Not Found,Unknown,Unknown,0,0,0,3,0,0,0,0,0,0,0,0,0,0,0,0,0,0
Rostraria cristata,0,Plantae,Tracheophyta,Liliopsida,Poales,Poaceae,Not Found,Unknown,Unknown,0,0,0,2,0,0,0,0,0,0,0,0,0,0,0,1,0,0
Rubus sanctus,0,Plantae,Tracheophyta,Magnoliopsida,Rosales,Rosaceae,Not Found,Unknown,Unknown,0,0,0,1,0,0,0,0,0,0,0,0,0,0,0,1,0,0
Rumex conglomeratus,0,Plantae,Tracheophyta,Magnoliopsida,Caryophyllales,Polygonaceae,5805797,Least Concern,Stable,0,0,0,6,0,0,0,0,0,0,0,0,0,0,0,0,0,0
Rumex cristatus,0,Plantae,Tracheophyta,Magnoliopsida,Caryophyllales,Polygonaceae,Not Found,Unknown,Unknown,0,0,0,4,0,0,0,0,0,0,0,0,0,0,0,0,0,0
Rumex pulcher,0,Plantae,Tracheophyta,Magnoliopsida,Caryophyllales,Polygonaceae,5775036,Least Concern,Stable,0,0,0,5,0,0,0,0,0,0,0,0,0,0,0,0,0,0
Salamandra salamandra,0,Animalia,Chordata,Amphibia,Caudata,Salamandridae,219148292,Vulnerable,Decreasing,0,0,0,0,0,0,0,0,0,0,0,0,0,0,2,1,2,1
Salix eleagnos,0,Plantae,Tracheophyta,Magnoliopsida,Malpighiales,Salicaceae,61960301,Least Concern,Stable,0,0,0,2,0,0,0,0,0,0,0,0,0,0,0,0,0,0
Salvia virgata,0,Plantae,Tracheophyta,Magnoliopsida,Lamiales,Lamiaceae,Not Found,Unknown,Unknown,0,0,0,5,0,0,0,0,0,0,0,0,0,0,0,0,0,0
Sambucus ebulus,0,Plantae,Tracheophyta,Magnoliopsida,Dipsacales,Viburnaceae,2758237,Least Concern,Stable,0,0,0,3,0,0,0,0,0,0,0,0,0,0,2,1,0,0
Sambucus nigra,0,Plantae,Tracheophyta,Magnoliopsida,Dipsacales,Viburnaceae,88328586,Least Concern,Stable,0,0,0,1,0,0,0,0,0,0,0,0,0,0,1,0,0,0
Sanguisorba minor,0,Plantae,Tracheophyta,Magnoliopsida,Rosales,Rosaceae,Not Found,Unknown,Unknown,0,0,0,7,0,0,0,0,0,0,0,0,0,0,0,0,0,0
Satureja montana,0,Plantae,Tracheophyta,Magnoliopsida,Lamiales,Lamiaceae,Not Found,Unknown,Unknown,0,1,0,0,0,0,0,0,0,0,0,0,0,0,0,0,0,0
Satyrium ilicis,0,Animalia,Arthropoda,Insecta,Lepidoptera,Lycaenidae,211420323,Least Concern,Stable,0,0,0,0,0,0,0,0,0,0,0,0,0,0,0,1,0,0
Saxicola rubetra,0,Animalia,Chordata,Aves,Passeriformes,Muscicapidae,264591332,Least Concern,Decreasing,0,0,0,0,0,0,0,0,0,0,0,0,0,0,0,0,1,0
Saxicola rubicola,0,Animalia,Chordata,Aves,Passeriformes,Muscicapidae,Not Found,Unknown,Unknown,0,0,0,0,0,0,0,0,0,0,0,0,0,0,0,0,4,0
Saxifraga rotundifolia,0,Plantae,Tracheophyta,Magnoliopsida,Saxifragales,Saxifragaceae,Not Found,Unknown,Unknown,0,0,0,0,0,0,0,1,0,0,0,0,0,0,0,0,0,0
Scabiosa columbaria,0,Plantae,Tracheophyta,Magnoliopsida,Dipsacales,Caprifoliaceae,Not Found,Unknown,Unknown,0,0,0,0,0,0,0,0,0,0,1,0,0,0,0,0,0,0
Scaligeria napiformis,0,Plantae,Tracheophyta,Magnoliopsida,Apiales,Apiaceae,Not Found,Unknown,Unknown,0,0,0,1,0,0,0,0,0,0,0,0,0,0,0,0,0,0
Scandix australis,0,Plantae,Tracheophyta,Magnoliopsida,Apiales,Apiaceae,Not Found,Unknown,Unknown,0,0,0,1,0,0,0,0,0,0,0,0,0,0,0,0,0,0
Scandix macrorhyncha,0,Plantae,Tracheophyta,Magnoliopsida,Apiales,Apiaceae,Not Found,Unknown,Unknown,0,0,0,1,0,0,0,0,0,0,0,0,0,0,0,0,0,0
Scarabaeidae,0,Animalia,Arthropoda,Insecta,Coleoptera,Scarabaeidae,Not Found,Unknown,Unknown,0,0,0,0,0,0,0,0,0,0,0,0,0,0,0,1,0,0
Scirpus holoschoenus,0,Plantae,Tracheophyta,Liliopsida,Poales,Cyperaceae,Not Found,Unknown,Unknown,0,0,0,3,0,0,0,0,0,0,0,0,0,0,0,0,0,0
Scolymus hispanicus,0,Plantae,Tracheophyta,Magnoliopsida,Asterales,Asteraceae,Not Found,Unknown,Unknown,0,0,0,1,0,0,0,0,0,0,0,0,0,0,0,0,0,0
Scorpiurus muricatus,0,Plantae,Tracheophyta,Magnoliopsida,Fabales,Fabaceae,Not Found,Unknown,Unknown,0,0,0,1,0,0,0,0,0,0,0,0,0,0,0,0,0,0
Scorzonera cana,0,Plantae,Tracheophyta,Magnoliopsida,Asterales,Asteraceae,Not Found,Unknown,Unknown,0,0,0,2,0,0,0,0,0,0,0,0,0,0,0,0,0,0
Scrophularia canina,0,Plantae,Tracheophyta,Magnoliopsida,Lamiales,Scrophulariaceae,Not Found,Unknown,Unknown,0,0,0,2,0,0,0,0,0,0,0,0,0,0,0,0,0,0
Scytinium lichenoides,0,Fungi,Ascomycota,Lecanoromycetes,Peltigerales,Collemataceae,Not Found,Unknown,Unknown,0,0,0,0,0,0,0,0,0,1,0,0,0,0,0,0,0,0
Scytinium palmatum,0,Fungi,Ascomycota,Lecanoromycetes,Peltigerales,Collemataceae,Not Found,Unknown,Unknown,0,0,0,0,0,0,0,0,0,1,0,0,0,0,0,0,0,0
Securigera varia,0,Plantae,Tracheophyta,Magnoliopsida,Fabales,Fabaceae,8895207,Least Concern,Stable,0,0,0,3,0,0,0,0,0,0,0,0,0,0,0,0,0,0
Sedum L.,0,Plantae,Tracheophyta,Magnoliopsida,Saxifragales,Crassulaceae,Not Found,Unknown,Unknown,0,0,0,0,0,0,0,0,0,0,0,0,0,0,0,1,0,0
Sedum acre,0,Plantae,Tracheophyta,Magnoliopsida,Saxifragales,Crassulaceae,2758471,Least Concern,Stable,0,0,0,4,0,0,0,0,0,0,0,0,0,0,0,0,0,0
Sedum amplexicaule,0,Plantae,Tracheophyta,Magnoliopsida,Saxifragales,Crassulaceae,Not Found,Unknown,Unknown,0,0,0,6,0,0,0,0,0,0,0,0,0,0,0,0,0,0
Sedum cepaea,0,Plantae,Tracheophyta,Magnoliopsida,Saxifragales,Crassulaceae,Not Found,Unknown,Unknown,0,0,0,2,0,0,0,0,0,0,0,0,0,0,0,0,0,0
Sedum hispanicum,0,Plantae,Tracheophyta,Magnoliopsida,Saxifragales,Crassulaceae,Not Found,Unknown,Unknown,0,0,0,8,0,0,0,0,0,0,0,0,0,1,0,2,0,0
Sedum rubens,0,Plantae,Tracheophyta,Magnoliopsida,Saxifragales,Crassulaceae,Not Found,Unknown,Unknown,0,0,0,2,0,0,0,0,0,0,0,0,0,0,0,0,0,0
Selaginella denticulata,0,Plantae,Tracheophyta,Lycopodiopsida,Selaginellales,Selaginellaceae,85449963,Least Concern,Stable,0,0,0,0,0,0,0,0,0,0,0,0,0,0,1,0,0,0
Selenia lunularia,0,Animalia,Arthropoda,Insecta,Lepidoptera,Geometridae,Not Found,Unknown,Unknown,0,0,0,0,0,0,0,0,0,0,0,0,0,0,0,0,1,0
Senecio L.,0,Plantae,Tracheophyta,Magnoliopsida,Asterales,Asteraceae,Not Found,Unknown,Unknown,0,0,0,1,0,0,0,0,0,0,0,0,0,0,0,0,0,0
Senecio squalidus,1,Plantae,Tracheophyta,Magnoliopsida,Asterales,Asteraceae,Not Found,Unknown,Unknown,0,0,0,5,0,0,0,0,0,0,0,0,0,0,0,0,0,0
Senecio vulgaris,1,Plantae,Tracheophyta,Magnoliopsida,Asterales,Asteraceae,Not Found,Unknown,Unknown,0,0,0,1,0,0,0,0,0,0,0,0,0,0,0,0,0,0
Serinus serinus,0,Animalia,Chordata,Aves,Passeriformes,Fringillidae,166411537,Least Concern,Decreasing,0,0,0,0,0,0,0,0,0,0,1,0,0,0,0,3,0,0
Setaria viridis,0,Plantae,Tracheophyta,Liliopsida,Poales,Poaceae,Not Found,Unknown,Unknown,0,0,0,2,0,0,0,0,0,0,0,0,0,0,0,0,0,0
Sherardia arvensis,0,Plantae,Tracheophyta,Magnoliopsida,Gentianales,Rubiaceae,Not Found,Unknown,Unknown,0,0,0,2,0,0,0,0,0,0,0,0,0,0,0,0,0,0
Sideritis purpurea,0,Plantae,Tracheophyta,Magnoliopsida,Lamiales,Lamiaceae,Not Found,Unknown,Unknown,0,0,0,1,0,0,0,0,0,0,0,0,0,0,0,0,0,0
Silene congesta,0,Plantae,Tracheophyta,Magnoliopsida,Caryophyllales,Caryophyllaceae,Not Found,Unknown,Unknown,0,0,0,3,0,0,0,0,0,0,0,0,0,0,0,0,0,0
Silene italica,0,Plantae,Tracheophyta,Magnoliopsida,Caryophyllales,Caryophyllaceae,Not Found,Unknown,Unknown,0,0,0,3,0,0,0,0,0,0,0,0,0,0,0,0,0,0
Silene latifolia,0,Plantae,Tracheophyta,Magnoliopsida,Caryophyllales,Caryophyllaceae,Not Found,Unknown,Unknown,0,0,0,1,0,0,0,0,0,0,0,0,0,0,0,0,0,0
Silene tenuiflora,0,Plantae,Tracheophyta,Magnoliopsida,Caryophyllales,Caryophyllaceae,Not Found,Unknown,Unknown,0,0,0,1,0,0,0,0,0,0,0,0,0,0,0,0,0,0
Silene viridiflora,0,Plantae,Tracheophyta,Magnoliopsida,Caryophyllales,Caryophyllaceae,Not Found,Unknown,Unknown,0,0,0,2,0,0,0,0,0,0,0,0,0,0,0,0,0,0
Silene vulgaris,0,Plantae,Tracheophyta,Magnoliopsida,Caryophyllales,Caryophyllaceae,53798707,Least Concern,Stable,0,0,0,4,0,0,0,0,0,0,0,0,0,0,0,2,1,0
Sisymbrium officinale,0,Plantae,Tracheophyta,Magnoliopsida,Brassicales,Brassicaceae,2758495,Least Concern,Stable,0,0,0,2,0,0,0,0,0,0,0,0,0,0,0,0,0,0
Sisymbrium orientale,0,Plantae,Tracheophyta,Magnoliopsida,Brassicales,Brassicaceae,Not Found,Unknown,Unknown,0,0,0,5,0,0,0,0,0,0,0,0,0,0,0,0,0,0
Smyrnium perfoliatum,0,Plantae,Tracheophyta,Magnoliopsida,Apiales,Apiaceae,Not Found,Unknown,Unknown,0,0,0,0,0,0,0,0,0,0,0,1,0,0,8,3,0,4
Sonchus asper,1,Plantae,Tracheophyta,Magnoliopsida,Asterales,Asteraceae,Not Found,Unknown,Unknown,0,0,0,5,0,0,0,0,0,0,0,0,0,0,0,0,0,0
Sonchus oleraceus,1,Plantae,Tracheophyta,Magnoliopsida,Asterales,Asteraceae,Not Found,Unknown,Unknown,0,0,0,2,0,0,0,0,0,0,0,0,0,0,0,0,0,0
Sonchus tenerrimus,0,Plantae,Tracheophyta,Magnoliopsida,Asterales,Asteraceae,Not Found,Unknown,Unknown,0,0,0,2,0,0,0,0,0,0,0,0,0,0,0,0,0,0
Spartium junceum,0,Plantae,Tracheophyta,Magnoliopsida,Fabales,Fabaceae,Not Found,Unknown,Unknown,0,0,0,4,0,0,0,0,0,0,1,0,0,1,0,1,1,0
Sphenoptera antiqua,0,Animalia,Arthropoda,Insecta,Coleoptera,Buprestidae,Not Found,Unknown,Unknown,0,0,0,0,0,0,0,0,0,0,0,0,0,0,0,0,0,1
"Sphingonotus Fieber,",0,Animalia,Arthropoda,Insecta,Orthoptera,Acrididae,Not Found,Unknown,Unknown,0,0,0,0,0,0,0,0,0,0,0,0,0,0,0,0,1,0
Stachys acutifolia,0,Plantae,Tracheophyta,Magnoliopsida,Lamiales,Lamiaceae,Not Found,Unknown,Unknown,0,0,0,3,0,0,0,0,0,0,0,0,0,0,0,0,0,0
Stachys recta,0,Plantae,Tracheophyta,Magnoliopsida,Lamiales,Lamiaceae,Not Found,Unknown,Unknown,0,0,0,2,0,0,0,0,0,0,0,0,0,0,0,0,0,0
Stellaria pallida,0,Plantae,Tracheophyta,Magnoliopsida,Caryophyllales,Caryophyllaceae,Not Found,Unknown,Unknown,0,0,0,2,0,0,0,0,0,0,0,0,0,0,0,0,0,0
Stenhomalus bicolor,0,Animalia,Arthropoda,Insecta,Coleoptera,Cerambycidae,45822600,Least Concern,Unknown,0,0,0,0,0,0,0,0,0,0,0,0,0,0,0,0,0,2
Sternbergia lutea,0,Plantae,Tracheophyta,Liliopsida,Asparagales,Amaryllidaceae,5994523,Least Concern,Unknown,0,0,0,0,0,0,0,0,0,0,0,0,0,2,0,1,1,0
Streptopelia decaocto,1,Animalia,Chordata,Aves,Columbiformes,Columbidae,166435449,Least Concern,Stable,0,0,0,0,0,0,0,0,0,0,12,0,0,0,3,0,0,0
Sus scrofa,1,Animalia,Chordata,Mammalia,Artiodactyla,Suidae,215861797,Least Concern,Increasing,0,0,0,0,0,0,0,0,0,0,0,0,0,0,0,0,1,0
Sylvia atricapilla,0,Animalia,Chordata,Aves,Passeriformes,Sylviidae,166384785,Least Concern,Increasing,0,0,0,0,0,0,0,0,2,0,1,0,0,0,1,3,1,0
"Synema Simon,",0,Animalia,Arthropoda,Arachnida,Araneae,Thomisidae,Not Found,Unknown,Unknown,0,0,0,0,0,0,0,0,0,0,0,0,0,0,0,0,1,0
Tanacetum parthenium,0,Plantae,Tracheophyta,Magnoliopsida,Asterales,Asteraceae,2758453,Least Concern,Stable,0,0,0,3,0,0,0,0,0,0,0,0,0,0,0,0,0,0
Testudo hermanni,0,Animalia,Chordata,Testudines,,Testudinidae,2777071,Vulnerable,Decreasing,0,0,0,0,0,0,0,0,0,0,0,0,0,0,0,0,0,1
Testudo marginata,0,Animalia,Chordata,Testudines,,Testudinidae,2777760,Least Concern,Stable,0,0,0,0,0,0,0,0,0,0,1,0,0,0,0,1,1,0
Teucrium chamaedrys,0,Plantae,Tracheophyta,Magnoliopsida,Lamiales,Lamiaceae,2762744,Least Concern,Stable,0,0,0,3,0,0,0,0,0,0,0,0,0,0,0,0,0,0
Teucrium flavum,0,Plantae,Tracheophyta,Magnoliopsida,Lamiales,Lamiaceae,Not Found,Unknown,Unknown,0,0,0,2,0,0,0,0,0,0,0,0,0,0,0,0,0,0
Teucrium polium,0,Plantae,Tracheophyta,Magnoliopsida,Lamiales,Lamiaceae,Not Found,Unknown,Unknown,0,0,0,2,0,0,0,0,0,0,0,0,0,0,0,0,0,0
Thesium bergeri,0,Plantae,Tracheophyta,Magnoliopsida,Santalales,Thesiaceae,Not Found,Unknown,Unknown,0,0,0,1,0,0,0,0,0,0,0,0,0,0,0,0,0,0
Thlaspi graecum,0,Plantae,Tracheophyta,Magnoliopsida,Brassicales,Brassicaceae,Not Found,Unknown,Unknown,0,0,0,0,0,0,0,1,0,0,0,0,0,0,0,0,0,0
Thymus longicaulis,0,Plantae,Tracheophyta,Magnoliopsida,Lamiales,Lamiaceae,Not Found,Unknown,Unknown,0,0,0,1,0,0,0,0,0,0,0,0,0,0,0,0,0,0
Tordylium officinale,0,Plantae,Tracheophyta,Magnoliopsida,Apiales,Apiaceae,Not Found,Unknown,Unknown,0,0,0,5,0,0,0,0,0,0,0,0,0,0,0,0,0,0
Torilis arvensis,0,Plantae,Tracheophyta,Magnoliopsida,Apiales,Apiaceae,Not Found,Unknown,Unknown,0,0,0,8,0,0,0,0,0,0,0,0,0,0,0,0,0,0
Torilis leptophylla,0,Plantae,Tracheophyta,Magnoliopsida,Apiales,Apiaceae,Not Found,Unknown,Unknown,0,0,0,2,0,0,0,0,0,0,0,0,0,0,0,0,0,0
Torilis nodosa,0,Plantae,Tracheophyta,Magnoliopsida,Apiales,Apiaceae,Not Found,Unknown,Unknown,0,0,0,1,0,0,0,0,0,0,0,0,0,0,0,0,0,0
Tragopogon balcanicus,0,Plantae,Tracheophyta,Magnoliopsida,Asterales,Asteraceae,Not Found,Unknown,Unknown,0,0,0,1,0,0,0,0,0,0,0,0,0,0,0,0,0,0
Tragopogon brevirostris,0,Plantae,Tracheophyta,Magnoliopsida,Asterales,Asteraceae,Not Found,Unknown,Unknown,0,0,0,4,0,0,0,0,0,0,0,0,0,0,0,0,0,0
Tragopogon crocifolius,0,Plantae,Tracheophyta,Magnoliopsida,Asterales,Asteraceae,Not Found,Unknown,Unknown,0,0,0,1,0,0,0,0,0,0,0,0,0,0,0,0,0,0
Tragopogon porrifolius,0,Plantae,Tracheophyta,Magnoliopsida,Asterales,Asteraceae,Not Found,Unknown,Unknown,0,0,0,1,0,0,0,0,0,0,0,0,0,0,0,0,0,0
Tremastelma palaestinum,0,Plantae,Tracheophyta,Magnoliopsida,Dipsacales,Caprifoliaceae,Not Found,Unknown,Unknown,0,0,0,3,0,0,0,0,0,0,0,0,0,0,0,0,0,0
Trifolium angustifolium,0,Plantae,Tracheophyta,Magnoliopsida,Fabales,Fabaceae,20120853,Least Concern,Stable,0,0,0,5,0,0,0,0,0,0,0,0,0,0,0,0,0,0
Trifolium arvense,0,Plantae,Tracheophyta,Magnoliopsida,Fabales,Fabaceae,7264043,Least Concern,Stable,0,0,0,2,0,0,0,0,0,0,0,0,0,0,0,0,0,0
Trifolium campestre,0,Plantae,Tracheophyta,Magnoliopsida,Fabales,Fabaceae,Not Found,Unknown,Unknown,0,0,0,6,0,0,0,0,0,0,0,0,0,0,0,0,0,0
Trifolium cherleri,0,Plantae,Tracheophyta,Magnoliopsida,Fabales,Fabaceae,Not Found,Unknown,Unknown,0,0,0,2,0,0,0,0,0,0,0,0,0,0,0,0,0,0
Trifolium grandiflorum,0,Plantae,Tracheophyta,Magnoliopsida,Fabales,Fabaceae,Not Found,Unknown,Unknown,0,0,0,3,0,0,0,0,0,0,0,0,0,0,0,0,0,0
Trifolium hirtum,0,Plantae,Tracheophyta,Magnoliopsida,Fabales,Fabaceae,Not Found,Unknown,Unknown,0,0,0,1,0,0,0,0,0,0,0,0,0,0,0,0,0,0
Trifolium hybridum,0,Plantae,Tracheophyta,Magnoliopsida,Fabales,Fabaceae,7234823,Least Concern,Stable,0,0,0,1,0,0,0,0,0,0,0,0,0,0,0,0,0,0
Trifolium nigrescens,0,Plantae,Tracheophyta,Magnoliopsida,Fabales,Fabaceae,7091959,Least Concern,Stable,0,0,0,3,0,0,0,0,0,0,0,0,0,0,0,0,0,0
Trifolium ochroleucon,0,Plantae,Tracheophyta,Magnoliopsida,Fabales,Fabaceae,Not Found,Unknown,Unknown,0,0,0,2,0,0,0,0,0,0,0,0,0,0,0,0,0,0
Trifolium pallidum,0,Plantae,Tracheophyta,Magnoliopsida,Fabales,Fabaceae,7087914,Least Concern,Stable,0,0,0,1,0,0,0,0,0,0,0,0,0,0,0,0,0,0
Trifolium patens,0,Plantae,Tracheophyta,Magnoliopsida,Fabales,Fabaceae,Not Found,Unknown,Unknown,0,0,0,2,0,0,0,0,0,0,0,0,0,0,0,0,0,0
Trifolium physodes,0,Plantae,Tracheophyta,Magnoliopsida,Fabales,Fabaceae,Not Found,Unknown,Unknown,0,0,0,2,0,0,0,0,0,0,0,0,0,0,0,0,0,0
Trifolium pratense,0,Plantae,Tracheophyta,Magnoliopsida,Fabales,Fabaceae,20156449,Least Concern,Stable,0,0,0,5,0,0,0,0,0,0,0,0,0,0,0,0,0,0
Trifolium repens,1,Plantae,Tracheophyta,Magnoliopsida,Fabales,Fabaceae,7089783,Least Concern,Stable,0,0,0,5,0,0,0,0,0,0,0,0,0,0,0,0,0,0
Trifolium scabrum,0,Plantae,Tracheophyta,Magnoliopsida,Fabales,Fabaceae,20157638,Least Concern,Stable,0,0,0,4,0,0,0,0,0,0,0,0,0,0,0,0,0,0
Trifolium stellatum,0,Plantae,Tracheophyta,Magnoliopsida,Fabales,Fabaceae,Not Found,Unknown,Unknown,0,0,0,1,0,0,0,0,0,0,0,0,0,0,0,0,0,0
Trifolium tenuifolium,0,Plantae,Tracheophyta,Magnoliopsida,Fabales,Fabaceae,Not Found,Unknown,Unknown,0,0,0,1,0,0,0,0,0,0,0,0,0,0,0,0,0,0
Trifolium tomentosum,0,Plantae,Tracheophyta,Magnoliopsida,Fabales,Fabaceae,Not Found,Unknown,Unknown,0,0,0,2,0,0,0,0,0,0,0,0,0,0,0,0,0,0
Troglodytes troglodytes,0,Animalia,Chordata,Aves,Passeriformes,Troglodytidae,199569861,Least Concern,Increasing,0,0,0,0,0,0,0,0,0,0,5,0,0,4,0,4,0,0
Tuberaria guttata,0,Plantae,Tracheophyta,Magnoliopsida,Malvales,Cistaceae,Not Found,Unknown,Unknown,0,0,0,1,0,0,0,0,0,0,0,0,0,0,0,0,0,0
Turdus merula,0,Animalia,Chordata,Aves,Passeriformes,Turdidae,264548442,Least Concern,Increasing,0,0,0,0,0,0,0,0,3,0,34,0,0,19,10,3,0,0
Turdus philomelos,0,Animalia,Chordata,Aves,Passeriformes,Turdidae,166346863,Least Concern,Stable,0,0,0,0,0,0,0,0,0,0,1,0,0,1,1,0,0,0
Turdus viscivorus,0,Animalia,Chordata,Aves,Passeriformes,Turdidae,264544715,Least Concern,Stable,0,0,0,0,0,0,0,0,0,0,0,0,0,0,0,0,1,0
Umbilicus horizontalis,0,Plantae,Tracheophyta,Magnoliopsida,Saxifragales,Crassulaceae,Not Found,Unknown,Unknown,0,0,0,0,0,0,0,0,0,0,0,0,0,0,0,1,0,0
Umbilicus luteus,0,Plantae,Tracheophyta,Magnoliopsida,Saxifragales,Crassulaceae,Not Found,Unknown,Unknown,0,0,0,2,0,0,0,0,0,0,0,0,0,0,0,0,0,0
Upupa epops,0,Animalia,Chordata,Aves,Bucerotiformes,Upupidae,166215872,Least Concern,Stable,0,0,0,0,0,0,0,0,1,0,0,0,0,0,0,0,0,0
Urospermum picroides,0,Plantae,Tracheophyta,Magnoliopsida,Asterales,Asteraceae,Not Found,Unknown,Unknown,0,0,0,3,0,0,0,0,0,0,0,0,0,0,0,0,0,0
Urtica dioica,0,Plantae,Tracheophyta,Magnoliopsida,Rosales,Urticaceae,78457212,Least Concern,Unknown,0,0,0,4,0,0,0,0,0,0,0,0,0,0,0,0,0,0
Valerianella coronata,0,Plantae,Tracheophyta,Magnoliopsida,Dipsacales,Caprifoliaceae,Not Found,Unknown,Unknown,0,0,0,1,0,0,0,0,0,0,0,0,0,0,0,0,0,0
Vanessa cardui,0,Animalia,Arthropoda,Insecta,Lepidoptera,Nymphalidae,211421212,Least Concern,Decreasing,0,0,0,0,0,0,0,0,0,0,0,0,0,0,0,0,0,2
Velezia rigida,0,Plantae,Tracheophyta,Magnoliopsida,Caryophyllales,Caryophyllaceae,Not Found,Unknown,Unknown,0,0,0,4,0,0,0,0,0,0,0,0,0,0,0,0,0,0
Verbascum blattaria,0,Plantae,Tracheophyta,Magnoliopsida,Lamiales,Scrophulariaceae,Not Found,Unknown,Unknown,0,0,0,0,0,0,0,0,0,0,0,0,0,0,0,1,0,0
Verbascum daenzeri,0,Plantae,Tracheophyta,Magnoliopsida,Lamiales,Scrophulariaceae,225919506,Least Concern,Unknown,0,0,0,0,0,0,0,1,0,0,0,0,0,0,0,0,0,0
Verbascum densiflorum,0,Plantae,Tracheophyta,Magnoliopsida,Lamiales,Scrophulariaceae,2766035,Least Concern,Stable,0,0,0,0,0,0,0,0,0,0,1,0,0,0,0,0,0,0
Verbena officinalis,0,Plantae,Tracheophyta,Magnoliopsida,Lamiales,Verbenaceae,1040163,Least Concern,Stable,0,0,0,6,0,0,0,0,0,0,0,0,0,0,1,0,0,0
Veronica anagallis-aquatica,0,Plantae,Tracheophyta,Magnoliopsida,Lamiales,Plantaginaceae,1019922,Least Concern,Unknown,0,0,0,1,0,0,0,0,0,0,0,0,0,0,0,0,0,0
Veronica chamaedrys,0,Plantae,Tracheophyta,Magnoliopsida,Lamiales,Plantaginaceae,Not Found,Unknown,Unknown,0,0,0,1,0,0,0,0,0,0,0,0,0,0,0,0,0,1
Veronica cymbalaria,0,Plantae,Tracheophyta,Magnoliopsida,Lamiales,Plantaginaceae,Not Found,Unknown,Unknown,0,0,0,0,0,0,0,0,0,0,0,0,0,0,0,1,0,0
Veronica persica,0,Plantae,Tracheophyta,Magnoliopsida,Lamiales,Plantaginaceae,Not Found,Unknown,Unknown,0,0,0,2,0,0,0,0,0,0,0,1,0,0,0,0,0,0
Veronica polita,0,Plantae,Tracheophyta,Magnoliopsida,Lamiales,Plantaginaceae,Not Found,Unknown,Unknown,0,0,0,1,0,0,0,0,0,0,0,0,0,0,0,0,0,0
Viburnum tinus,0,Plantae,Tracheophyta,Magnoliopsida,Dipsacales,Viburnaceae,121076349,Least Concern,Stable,0,0,0,0,0,0,0,0,0,0,0,0,0,0,1,0,0,0
Vicia lutea,0,Plantae,Tracheophyta,Magnoliopsida,Fabales,Fabaceae,1431472,Least Concern,Stable,0,0,0,2,0,0,0,0,0,0,0,0,0,0,0,0,0,0
Vicia pannonica,0,Plantae,Tracheophyta,Magnoliopsida,Fabales,Fabaceae,1432158,Least Concern,Stable,0,0,0,1,0,0,0,0,0,0,0,0,0,0,0,0,0,0
Vicia sativa,0,Plantae,Tracheophyta,Magnoliopsida,Fabales,Fabaceae,1430281,Least Concern,Stable,0,0,0,2,0,0,0,0,0,0,0,0,0,0,0,0,0,0
Vicia villosa,0,Plantae,Tracheophyta,Magnoliopsida,Fabales,Fabaceae,Not Found,Unknown,Unknown,0,0,0,0,0,0,0,0,0,0,0,0,0,0,0,1,0,0
Vinca herbacea,0,Plantae,Tracheophyta,Magnoliopsida,Gentianales,Apocynaceae,Not Found,Unknown,Unknown,0,0,0,0,0,0,0,0,0,0,0,0,0,0,0,1,0,0
Vinca major,1,Plantae,Tracheophyta,Magnoliopsida,Gentianales,Apocynaceae,Not Found,Unknown,Unknown,0,0,0,0,0,0,0,0,0,0,0,0,0,0,1,0,0,0
Vulpia ciliata,0,Plantae,Tracheophyta,Liliopsida,Poales,Poaceae,Not Found,Unknown,Unknown,0,0,0,1,0,0,0,0,0,0,0,0,0,0,0,0,0,0
Vulpia muralis,0,Plantae,Tracheophyta,Liliopsida,Poales,Poaceae,Not Found,Unknown,Unknown,0,0,0,1,0,0,0,0,0,0,0,0,0,0,0,0,0,0
Xanthium spinosum,1,Plantae,Tracheophyta,Magnoliopsida,Asterales,Asteraceae,Not Found,Unknown,Unknown,0,0,0,1,0,0,0,0,0,0,0,0,0,0,0,0,0,0
Xeranthemum inapertum,0,Plantae,Tracheophyta,Magnoliopsida,Asterales,Asteraceae,Not Found,Unknown,Unknown,0,0,0,2,0,0,0,0,0,0,0,0,0,0,0,0,0,0
Xylocopa violacea,0,Animalia,Arthropoda,Insecta,Hymenoptera,Apidae,13325395,Least Concern,Stable,0,0,0,0,0,0,0,0,0,0,0,0,0,0,0,5,1,0
Zamenis situla,0,Animalia,Chordata,Squamata,,Colubridae,205825815,Least Concern,Stable,0,0,0,0,0,0,0,0,0,0,0,0,0,0,0,0,0,1
incertae sedis,0,incertae sedis,,,,,Not Found,Unknown,Unknown,0,0,0,0,0,0,0,0,1,0,0,0,0,0,0,0,0,0
